ISO-10303-21;
HEADER;
/* Generated by software containing ST-Developer
 * from STEP Tools, Inc. (www.steptools.com) 
 */
/* OPTION: using custom renumber hook */

FILE_DESCRIPTION(
/* description */ ('STEP AP242 Edition 2',
'CAx-IF Rec.Pracs.---Representation and Presentation of Product Manufa
cturing Information (PMI)---4.0---2014-10-13',
'CAx-IF Rec.Pracs.---3D Tessellated Geometry---0.4---2014-09-14','2;1',
'CAx-IF Rec.Pracs.---User Defined Attributes---1.5---2016-08-15'),
/* implementation_level */ '2;1');

FILE_NAME(
/* name */ '6a91a55126307c36e32e30e3',
/* time_stamp */ '2026-08-28T15:12:52Z',
/* author */ (''),
/* organization */ (''),
/* preprocessor_version */ 'ST-DEVELOPER v20',
/* originating_system */ 'ONSHAPE BY PTC INC, 1.219',
/* authorisation */ '  ');

FILE_SCHEMA (('AP242_MANAGED_MODEL_BASED_3D_ENGINEERING_MIM_LF { 1 0 10303 442 3 1 4 }'));
ENDSEC;

DATA;
#10=B_SPLINE_CURVE_WITH_KNOTS('',3,(#9274,#9275,#9276,#9277,#9278,#9279,
#9280),.UNSPECIFIED.,.F.,.F.,(4,1,1,1,4),(0.,45.,90.,135.,180.),
 .UNSPECIFIED.);
#11=B_SPLINE_CURVE_WITH_KNOTS('',3,(#9283,#9284,#9285,#9286,#9287,#9288,
#9289),.UNSPECIFIED.,.F.,.F.,(4,1,1,1,4),(180.,225.,270.,315.,360.),
 .UNSPECIFIED.);
#12=B_SPLINE_CURVE_WITH_KNOTS('',3,(#9291,#9292,#9293,#9294,#9295,#9296,
#9297),.UNSPECIFIED.,.F.,.F.,(4,1,1,1,4),(0.,45.,90.,135.,180.),
 .UNSPECIFIED.);
#13=B_SPLINE_CURVE_WITH_KNOTS('',3,(#9300,#9301,#9302,#9303,#9304,#9305,
#9306),.UNSPECIFIED.,.F.,.F.,(4,1,1,1,4),(180.,225.,270.,315.,360.),
 .UNSPECIFIED.);
#14=B_SPLINE_CURVE_WITH_KNOTS('',3,(#9308,#9309,#9310,#9311,#9312,#9313,
#9314),.UNSPECIFIED.,.F.,.F.,(4,1,1,1,4),(0.,45.,90.,135.,180.),
 .UNSPECIFIED.);
#15=B_SPLINE_CURVE_WITH_KNOTS('',3,(#9317,#9318,#9319,#9320,#9321,#9322,
#9323),.UNSPECIFIED.,.F.,.F.,(4,1,1,1,4),(180.,225.,270.,315.,360.),
 .UNSPECIFIED.);
#16=B_SPLINE_CURVE_WITH_KNOTS('',3,(#9325,#9326,#9327,#9328,#9329,#9330,
#9331),.UNSPECIFIED.,.F.,.F.,(4,1,1,1,4),(0.,45.,90.,135.,180.),
 .UNSPECIFIED.);
#17=B_SPLINE_CURVE_WITH_KNOTS('',3,(#9334,#9335,#9336,#9337,#9338,#9339,
#9340),.UNSPECIFIED.,.F.,.F.,(4,1,1,1,4),(180.,225.,270.,315.,360.),
 .UNSPECIFIED.);
#18=B_SPLINE_CURVE_WITH_KNOTS('',3,(#9462,#9463,#9464,#9465),
 .UNSPECIFIED.,.F.,.F.,(4,4),(6.23536669377763,6.28318530717959),
 .UNSPECIFIED.);
#19=B_SPLINE_CURVE_WITH_KNOTS('',3,(#9467,#9468,#9469,#9470,#9471),
 .UNSPECIFIED.,.F.,.F.,(4,1,4),(5.54560575718403,6.28318530717958,7.02076485717514),
 .UNSPECIFIED.);
#20=B_SPLINE_CURVE_WITH_KNOTS('',3,(#9473,#9474,#9475,#9476),
 .UNSPECIFIED.,.F.,.F.,(4,4),(0.,0.0478186134019566),.UNSPECIFIED.);
#21=B_SPLINE_CURVE_WITH_KNOTS('',3,(#9482,#9483,#9484,#9485),
 .UNSPECIFIED.,.F.,.F.,(4,4),(6.23536669377763,6.28318530717959),
 .UNSPECIFIED.);
#22=B_SPLINE_CURVE_WITH_KNOTS('',3,(#9487,#9488,#9489,#9490,#9491),
 .UNSPECIFIED.,.F.,.F.,(4,1,4),(5.54560575718403,6.28318530717958,7.02076485717514),
 .UNSPECIFIED.);
#23=B_SPLINE_CURVE_WITH_KNOTS('',3,(#9493,#9494,#9495,#9496),
 .UNSPECIFIED.,.F.,.F.,(4,4),(0.,0.0478186134019566),.UNSPECIFIED.);
#24=B_SPLINE_CURVE_WITH_KNOTS('',3,(#9508,#9509,#9510,#9511),
 .UNSPECIFIED.,.F.,.F.,(4,4),(6.23536669377763,6.28318530717959),
 .UNSPECIFIED.);
#25=B_SPLINE_CURVE_WITH_KNOTS('',3,(#9513,#9514,#9515,#9516,#9517),
 .UNSPECIFIED.,.F.,.F.,(4,1,4),(2.40401310359423,3.14159265358979,3.87917220358535),
 .UNSPECIFIED.);
#26=B_SPLINE_CURVE_WITH_KNOTS('',3,(#9519,#9520,#9521,#9522),
 .UNSPECIFIED.,.F.,.F.,(4,4),(0.,0.0478186134019548),.UNSPECIFIED.);
#27=B_SPLINE_CURVE_WITH_KNOTS('',3,(#9621,#9622,#9623,#9624),
 .UNSPECIFIED.,.F.,.F.,(4,4),(6.23536669377763,6.28318530717959),
 .UNSPECIFIED.);
#28=B_SPLINE_CURVE_WITH_KNOTS('',3,(#9626,#9627,#9628,#9629,#9630),
 .UNSPECIFIED.,.F.,.F.,(4,1,4),(2.40401310359423,3.14159265358979,3.87917220358535),
 .UNSPECIFIED.);
#29=B_SPLINE_CURVE_WITH_KNOTS('',3,(#9632,#9633,#9634,#9635),
 .UNSPECIFIED.,.F.,.F.,(4,4),(0.,0.0478186134019548),.UNSPECIFIED.);
#30=B_SPLINE_CURVE_WITH_KNOTS('',3,(#9649,#9650,#9651,#9652,#9653),
 .UNSPECIFIED.,.F.,.F.,(4,1,4),(5.54560575718396,6.28318530717958,7.02076485717521),
 .UNSPECIFIED.);
#31=B_SPLINE_CURVE_WITH_KNOTS('',3,(#9657,#9658,#9659,#9660,#9661),
 .UNSPECIFIED.,.F.,.F.,(4,1,4),(2.40401310359417,3.14159265358979,3.87917220358542),
 .UNSPECIFIED.);
#32=B_SPLINE_CURVE_WITH_KNOTS('',3,(#9665,#9666,#9667,#9668,#9669),
 .UNSPECIFIED.,.F.,.F.,(4,1,4),(2.40401310359417,3.14159265358979,3.87917220358542),
 .UNSPECIFIED.);
#33=B_SPLINE_CURVE_WITH_KNOTS('',3,(#9673,#9674,#9675,#9676,#9677),
 .UNSPECIFIED.,.F.,.F.,(4,1,4),(5.54560575718396,6.28318530717958,7.02076485717521),
 .UNSPECIFIED.);
#34=B_SPLINE_CURVE_WITH_KNOTS('',3,(#10374,#10375,#10376,#10377,#10378),
 .UNSPECIFIED.,.F.,.F.,(4,1,4),(5.56818454664582,6.28318530717959,6.99818606771336),
 .UNSPECIFIED.);
#35=B_SPLINE_CURVE_WITH_KNOTS('',3,(#10379,#10380,#10381,#10382,#10383),
 .UNSPECIFIED.,.F.,.F.,(4,1,4),(2.18697405919065,2.85909550823765,3.53121695728465),
 .UNSPECIFIED.);
#36=B_SPLINE_CURVE_WITH_KNOTS('',3,(#10387,#10388,#10389,#10390,#10391),
 .UNSPECIFIED.,.F.,.F.,(4,1,4),(5.89356100348473,6.56568245253172,7.23780390157872),
 .UNSPECIFIED.);
#37=B_SPLINE_CURVE_WITH_KNOTS('',3,(#10392,#10393,#10394,#10395,#10396),
 .UNSPECIFIED.,.F.,.F.,(4,1,4),(5.56818454664582,6.28318530717958,6.99818606771335),
 .UNSPECIFIED.);
#38=B_SPLINE_CURVE_WITH_KNOTS('',3,(#10404,#10405,#10406,#10407,#10408),
 .UNSPECIFIED.,.F.,.F.,(4,1,4),(5.56818454664582,6.28318530717958,6.99818606771335),
 .UNSPECIFIED.);
#39=B_SPLINE_CURVE_WITH_KNOTS('',3,(#10429,#10430,#10431,#10432,#10433),
 .UNSPECIFIED.,.F.,.F.,(4,1,4),(5.32856671278045,6.00068816182744,6.67280961087444),
 .UNSPECIFIED.);
#40=B_SPLINE_CURVE_WITH_KNOTS('',3,(#10460,#10461,#10462,#10463,#10464),
 .UNSPECIFIED.,.F.,.F.,(4,1,4),(2.75196834989493,3.42408979894193,4.09621124798893),
 .UNSPECIFIED.);
#41=B_SPLINE_CURVE_WITH_KNOTS('',3,(#10485,#10486,#10487,#10488,#10489),
 .UNSPECIFIED.,.F.,.F.,(4,1,4),(5.56818454664582,6.28318530717958,6.99818606771335),
 .UNSPECIFIED.);
#42=SPHERICAL_SURFACE('',#6726,0.00038);
#43=SPHERICAL_SURFACE('',#6727,0.00038);
#44=SPHERICAL_SURFACE('',#6728,0.00038);
#45=SPHERICAL_SURFACE('',#6729,0.00038);
#46=CONICAL_SURFACE('',#6721,0.00219569568857916,0.610865238198017);
#47=CONICAL_SURFACE('',#6879,0.0015,0.785398163397449);
#48=CONICAL_SURFACE('',#6882,0.0015,0.785398163397448);
#49=CONTEXT_DEPENDENT_SHAPE_REPRESENTATION(#65,#10834);
#50=CONTEXT_DEPENDENT_SHAPE_REPRESENTATION(#66,#10836);
#51=CONTEXT_DEPENDENT_SHAPE_REPRESENTATION(#67,#10838);
#52=CONTEXT_DEPENDENT_SHAPE_REPRESENTATION(#68,#10840);
#53=CONTEXT_DEPENDENT_SHAPE_REPRESENTATION(#69,#10842);
#54=CONTEXT_DEPENDENT_SHAPE_REPRESENTATION(#70,#10844);
#55=CONTEXT_DEPENDENT_SHAPE_REPRESENTATION(#71,#10846);
#56=CONTEXT_DEPENDENT_SHAPE_REPRESENTATION(#72,#10848);
#57=NEXT_ASSEMBLY_USAGE_OCCURRENCE('NAUO1',
'Kailh Hotswap MX Inlay 2__Fillet3','Kailh Hotswap MX Inlay 2__Fillet3',
#10849,#10850,'');
#58=NEXT_ASSEMBLY_USAGE_OCCURRENCE('NAUO2','Mirror1','Mirror1',#10849,#10851,
'');
#59=NEXT_ASSEMBLY_USAGE_OCCURRENCE('NAUO3','Revolve2','Revolve2',#10849,
#10852,'');
#60=NEXT_ASSEMBLY_USAGE_OCCURRENCE('NAUO4','Chamfer4','Chamfer4',#10849,
#10853,'');
#61=NEXT_ASSEMBLY_USAGE_OCCURRENCE('NAUO5','Chamfer3','Chamfer3',#10849,
#10854,'');
#62=NEXT_ASSEMBLY_USAGE_OCCURRENCE('NAUO6',
'Kailh Hotswap MX__Cut-Extrude2','Kailh Hotswap MX__Cut-Extrude2',#10849,
#10855,'');
#63=NEXT_ASSEMBLY_USAGE_OCCURRENCE('NAUO7','Cut-Extrude5',
'Cut-Extrude5',#10849,#10856,'');
#64=NEXT_ASSEMBLY_USAGE_OCCURRENCE('NAUO8',
'Kailh Hotswap MX Inlay__Fillet3','Kailh Hotswap MX Inlay__Fillet3',#10849,
#10857,'');
#65=(
REPRESENTATION_RELATIONSHIP(' ',' ',#6597,#6596)
REPRESENTATION_RELATIONSHIP_WITH_TRANSFORMATION(#73)
SHAPE_REPRESENTATION_RELATIONSHIP()
);
#66=(
REPRESENTATION_RELATIONSHIP(' ',' ',#6598,#6596)
REPRESENTATION_RELATIONSHIP_WITH_TRANSFORMATION(#74)
SHAPE_REPRESENTATION_RELATIONSHIP()
);
#67=(
REPRESENTATION_RELATIONSHIP(' ',' ',#6599,#6596)
REPRESENTATION_RELATIONSHIP_WITH_TRANSFORMATION(#75)
SHAPE_REPRESENTATION_RELATIONSHIP()
);
#68=(
REPRESENTATION_RELATIONSHIP(' ',' ',#6600,#6596)
REPRESENTATION_RELATIONSHIP_WITH_TRANSFORMATION(#76)
SHAPE_REPRESENTATION_RELATIONSHIP()
);
#69=(
REPRESENTATION_RELATIONSHIP(' ',' ',#6601,#6596)
REPRESENTATION_RELATIONSHIP_WITH_TRANSFORMATION(#77)
SHAPE_REPRESENTATION_RELATIONSHIP()
);
#70=(
REPRESENTATION_RELATIONSHIP(' ',' ',#6602,#6596)
REPRESENTATION_RELATIONSHIP_WITH_TRANSFORMATION(#78)
SHAPE_REPRESENTATION_RELATIONSHIP()
);
#71=(
REPRESENTATION_RELATIONSHIP(' ',' ',#6603,#6596)
REPRESENTATION_RELATIONSHIP_WITH_TRANSFORMATION(#79)
SHAPE_REPRESENTATION_RELATIONSHIP()
);
#72=(
REPRESENTATION_RELATIONSHIP(' ',' ',#6604,#6596)
REPRESENTATION_RELATIONSHIP_WITH_TRANSFORMATION(#80)
SHAPE_REPRESENTATION_RELATIONSHIP()
);
#73=ITEM_DEFINED_TRANSFORMATION(' ',' ',#6605,#6674);
#74=ITEM_DEFINED_TRANSFORMATION(' ',' ',#6605,#6720);
#75=ITEM_DEFINED_TRANSFORMATION(' ',' ',#6605,#6839);
#76=ITEM_DEFINED_TRANSFORMATION(' ',' ',#6605,#6848);
#77=ITEM_DEFINED_TRANSFORMATION(' ',' ',#6605,#6857);
#78=ITEM_DEFINED_TRANSFORMATION(' ',' ',#6605,#6957);
#79=ITEM_DEFINED_TRANSFORMATION(' ',' ',#6605,#7016);
#80=ITEM_DEFINED_TRANSFORMATION(' ',' ',#6605,#7085);
#81=SHAPE_REPRESENTATION_RELATIONSHIP('','',#6597,#89);
#82=SHAPE_REPRESENTATION_RELATIONSHIP('','',#6598,#90);
#83=SHAPE_REPRESENTATION_RELATIONSHIP('','',#6599,#91);
#84=SHAPE_REPRESENTATION_RELATIONSHIP('','',#6600,#92);
#85=SHAPE_REPRESENTATION_RELATIONSHIP('','',#6601,#93);
#86=SHAPE_REPRESENTATION_RELATIONSHIP('','',#6602,#94);
#87=SHAPE_REPRESENTATION_RELATIONSHIP('','',#6603,#95);
#88=SHAPE_REPRESENTATION_RELATIONSHIP('','',#6604,#96);
#89=ADVANCED_BREP_SHAPE_REPRESENTATION('',(#6579),#10812);
#90=ADVANCED_BREP_SHAPE_REPRESENTATION('',(#6580),#10813);
#91=ADVANCED_BREP_SHAPE_REPRESENTATION('',(#6581),#10814);
#92=ADVANCED_BREP_SHAPE_REPRESENTATION('',(#6582),#10815);
#93=ADVANCED_BREP_SHAPE_REPRESENTATION('',(#6583),#10816);
#94=ADVANCED_BREP_SHAPE_REPRESENTATION('',(#6584),#10817);
#95=ADVANCED_BREP_SHAPE_REPRESENTATION('',(#6585),#10818);
#96=ADVANCED_BREP_SHAPE_REPRESENTATION('',(#6586),#10819);
#97=PLANE('',#6612);
#98=PLANE('',#6613);
#99=PLANE('',#6616);
#100=PLANE('',#6620);
#101=PLANE('',#6623);
#102=PLANE('',#6624);
#103=PLANE('',#6628);
#104=PLANE('',#6629);
#105=PLANE('',#6632);
#106=PLANE('',#6633);
#107=PLANE('',#6636);
#108=PLANE('',#6637);
#109=PLANE('',#6638);
#110=PLANE('',#6639);
#111=PLANE('',#6640);
#112=PLANE('',#6641);
#113=PLANE('',#6648);
#114=PLANE('',#6650);
#115=PLANE('',#6651);
#116=PLANE('',#6653);
#117=PLANE('',#6654);
#118=PLANE('',#6657);
#119=PLANE('',#6658);
#120=PLANE('',#6660);
#121=PLANE('',#6661);
#122=PLANE('',#6663);
#123=PLANE('',#6664);
#124=PLANE('',#6667);
#125=PLANE('',#6675);
#126=PLANE('',#6676);
#127=PLANE('',#6677);
#128=PLANE('',#6678);
#129=PLANE('',#6679);
#130=PLANE('',#6680);
#131=PLANE('',#6681);
#132=PLANE('',#6682);
#133=PLANE('',#6683);
#134=PLANE('',#6684);
#135=PLANE('',#6685);
#136=PLANE('',#6686);
#137=PLANE('',#6687);
#138=PLANE('',#6688);
#139=PLANE('',#6689);
#140=PLANE('',#6690);
#141=PLANE('',#6691);
#142=PLANE('',#6692);
#143=PLANE('',#6693);
#144=PLANE('',#6694);
#145=PLANE('',#6695);
#146=PLANE('',#6696);
#147=PLANE('',#6697);
#148=PLANE('',#6698);
#149=PLANE('',#6699);
#150=PLANE('',#6700);
#151=PLANE('',#6701);
#152=PLANE('',#6702);
#153=PLANE('',#6703);
#154=PLANE('',#6704);
#155=PLANE('',#6705);
#156=PLANE('',#6706);
#157=PLANE('',#6707);
#158=PLANE('',#6708);
#159=PLANE('',#6709);
#160=PLANE('',#6710);
#161=PLANE('',#6711);
#162=PLANE('',#6712);
#163=PLANE('',#6713);
#164=PLANE('',#6714);
#165=PLANE('',#6715);
#166=PLANE('',#6716);
#167=PLANE('',#6717);
#168=PLANE('',#6718);
#169=PLANE('',#6719);
#170=PLANE('',#6730);
#171=PLANE('',#6731);
#172=PLANE('',#6732);
#173=PLANE('',#6733);
#174=PLANE('',#6734);
#175=PLANE('',#6735);
#176=PLANE('',#6736);
#177=PLANE('',#6737);
#178=PLANE('',#6738);
#179=PLANE('',#6739);
#180=PLANE('',#6740);
#181=PLANE('',#6741);
#182=PLANE('',#6742);
#183=PLANE('',#6747);
#184=PLANE('',#6753);
#185=PLANE('',#6754);
#186=PLANE('',#6755);
#187=PLANE('',#6756);
#188=PLANE('',#6757);
#189=PLANE('',#6761);
#190=PLANE('',#6763);
#191=PLANE('',#6765);
#192=PLANE('',#6766);
#193=PLANE('',#6767);
#194=PLANE('',#6768);
#195=PLANE('',#6769);
#196=PLANE('',#6770);
#197=PLANE('',#6771);
#198=PLANE('',#6776);
#199=PLANE('',#6777);
#200=PLANE('',#6778);
#201=PLANE('',#6781);
#202=PLANE('',#6782);
#203=PLANE('',#6783);
#204=PLANE('',#6784);
#205=PLANE('',#6785);
#206=PLANE('',#6786);
#207=PLANE('',#6789);
#208=PLANE('',#6790);
#209=PLANE('',#6791);
#210=PLANE('',#6792);
#211=PLANE('',#6793);
#212=PLANE('',#6794);
#213=PLANE('',#6796);
#214=PLANE('',#6797);
#215=PLANE('',#6799);
#216=PLANE('',#6800);
#217=PLANE('',#6801);
#218=PLANE('',#6802);
#219=PLANE('',#6803);
#220=PLANE('',#6804);
#221=PLANE('',#6805);
#222=PLANE('',#6806);
#223=PLANE('',#6807);
#224=PLANE('',#6808);
#225=PLANE('',#6809);
#226=PLANE('',#6810);
#227=PLANE('',#6811);
#228=PLANE('',#6812);
#229=PLANE('',#6813);
#230=PLANE('',#6814);
#231=PLANE('',#6815);
#232=PLANE('',#6816);
#233=PLANE('',#6817);
#234=PLANE('',#6818);
#235=PLANE('',#6819);
#236=PLANE('',#6820);
#237=PLANE('',#6821);
#238=PLANE('',#6822);
#239=PLANE('',#6823);
#240=PLANE('',#6824);
#241=PLANE('',#6825);
#242=PLANE('',#6826);
#243=PLANE('',#6827);
#244=PLANE('',#6828);
#245=PLANE('',#6829);
#246=PLANE('',#6830);
#247=PLANE('',#6831);
#248=PLANE('',#6832);
#249=PLANE('',#6833);
#250=PLANE('',#6834);
#251=PLANE('',#6835);
#252=PLANE('',#6836);
#253=PLANE('',#6837);
#254=PLANE('',#6838);
#255=PLANE('',#6840);
#256=PLANE('',#6841);
#257=PLANE('',#6842);
#258=PLANE('',#6843);
#259=PLANE('',#6844);
#260=PLANE('',#6845);
#261=PLANE('',#6846);
#262=PLANE('',#6847);
#263=PLANE('',#6849);
#264=PLANE('',#6850);
#265=PLANE('',#6851);
#266=PLANE('',#6852);
#267=PLANE('',#6853);
#268=PLANE('',#6854);
#269=PLANE('',#6855);
#270=PLANE('',#6856);
#271=PLANE('',#6889);
#272=PLANE('',#6890);
#273=PLANE('',#6891);
#274=PLANE('',#6892);
#275=PLANE('',#6893);
#276=PLANE('',#6894);
#277=PLANE('',#6895);
#278=PLANE('',#6900);
#279=PLANE('',#6901);
#280=PLANE('',#6902);
#281=PLANE('',#6903);
#282=PLANE('',#6906);
#283=PLANE('',#6909);
#284=PLANE('',#6910);
#285=PLANE('',#6911);
#286=PLANE('',#6914);
#287=PLANE('',#6915);
#288=PLANE('',#6916);
#289=PLANE('',#6917);
#290=PLANE('',#6922);
#291=PLANE('',#6923);
#292=PLANE('',#6924);
#293=PLANE('',#6925);
#294=PLANE('',#6930);
#295=PLANE('',#6935);
#296=PLANE('',#6950);
#297=PLANE('',#6951);
#298=PLANE('',#6952);
#299=PLANE('',#6953);
#300=PLANE('',#6954);
#301=PLANE('',#6955);
#302=PLANE('',#6956);
#303=PLANE('',#6958);
#304=PLANE('',#6960);
#305=PLANE('',#6961);
#306=PLANE('',#6962);
#307=PLANE('',#6963);
#308=PLANE('',#6964);
#309=PLANE('',#6966);
#310=PLANE('',#6967);
#311=PLANE('',#6968);
#312=PLANE('',#6970);
#313=PLANE('',#6972);
#314=PLANE('',#6973);
#315=PLANE('',#6975);
#316=PLANE('',#6976);
#317=PLANE('',#6977);
#318=PLANE('',#6978);
#319=PLANE('',#6980);
#320=PLANE('',#6981);
#321=PLANE('',#6983);
#322=PLANE('',#6985);
#323=PLANE('',#6993);
#324=PLANE('',#6994);
#325=PLANE('',#6995);
#326=PLANE('',#6997);
#327=PLANE('',#6998);
#328=PLANE('',#6999);
#329=PLANE('',#7000);
#330=PLANE('',#7003);
#331=PLANE('',#7004);
#332=PLANE('',#7005);
#333=PLANE('',#7006);
#334=PLANE('',#7007);
#335=PLANE('',#7008);
#336=PLANE('',#7009);
#337=PLANE('',#7010);
#338=PLANE('',#7011);
#339=PLANE('',#7012);
#340=PLANE('',#7013);
#341=PLANE('',#7014);
#342=PLANE('',#7015);
#343=PLANE('',#7023);
#344=PLANE('',#7024);
#345=PLANE('',#7027);
#346=PLANE('',#7031);
#347=PLANE('',#7034);
#348=PLANE('',#7035);
#349=PLANE('',#7039);
#350=PLANE('',#7040);
#351=PLANE('',#7043);
#352=PLANE('',#7044);
#353=PLANE('',#7047);
#354=PLANE('',#7048);
#355=PLANE('',#7049);
#356=PLANE('',#7050);
#357=PLANE('',#7051);
#358=PLANE('',#7052);
#359=PLANE('',#7059);
#360=PLANE('',#7061);
#361=PLANE('',#7062);
#362=PLANE('',#7064);
#363=PLANE('',#7065);
#364=PLANE('',#7068);
#365=PLANE('',#7069);
#366=PLANE('',#7071);
#367=PLANE('',#7072);
#368=PLANE('',#7074);
#369=PLANE('',#7075);
#370=PLANE('',#7078);
#371=LINE('',#8806,#1124);
#372=LINE('',#8810,#1125);
#373=LINE('',#8815,#1126);
#374=LINE('',#8819,#1127);
#375=LINE('',#8821,#1128);
#376=LINE('',#8824,#1129);
#377=LINE('',#8826,#1130);
#378=LINE('',#8828,#1131);
#379=LINE('',#8831,#1132);
#380=LINE('',#8833,#1133);
#381=LINE('',#8835,#1134);
#382=LINE('',#8839,#1135);
#383=LINE('',#8845,#1136);
#384=LINE('',#8849,#1137);
#385=LINE('',#8851,#1138);
#386=LINE('',#8853,#1139);
#387=LINE('',#8855,#1140);
#388=LINE('',#8860,#1141);
#389=LINE('',#8861,#1142);
#390=LINE('',#8862,#1143);
#391=LINE('',#8864,#1144);
#392=LINE('',#8868,#1145);
#393=LINE('',#8871,#1146);
#394=LINE('',#8873,#1147);
#395=LINE('',#8875,#1148);
#396=LINE('',#8881,#1149);
#397=LINE('',#8885,#1150);
#398=LINE('',#8887,#1151);
#399=LINE('',#8889,#1152);
#400=LINE('',#8891,#1153);
#401=LINE('',#8893,#1154);
#402=LINE('',#8895,#1155);
#403=LINE('',#8898,#1156);
#404=LINE('',#8900,#1157);
#405=LINE('',#8903,#1158);
#406=LINE('',#8905,#1159);
#407=LINE('',#8906,#1160);
#408=LINE('',#8908,#1161);
#409=LINE('',#8913,#1162);
#410=LINE('',#8917,#1163);
#411=LINE('',#8918,#1164);
#412=LINE('',#8919,#1165);
#413=LINE('',#8921,#1166);
#414=LINE('',#8924,#1167);
#415=LINE('',#8926,#1168);
#416=LINE('',#8927,#1169);
#417=LINE('',#8929,#1170);
#418=LINE('',#8931,#1171);
#419=LINE('',#8933,#1172);
#420=LINE('',#8934,#1173);
#421=LINE('',#8936,#1174);
#422=LINE('',#8938,#1175);
#423=LINE('',#8940,#1176);
#424=LINE('',#8942,#1177);
#425=LINE('',#8944,#1178);
#426=LINE('',#8945,#1179);
#427=LINE('',#8949,#1180);
#428=LINE('',#8953,#1181);
#429=LINE('',#8959,#1182);
#430=LINE('',#8962,#1183);
#431=LINE('',#8965,#1184);
#432=LINE('',#8967,#1185);
#433=LINE('',#8969,#1186);
#434=LINE('',#8971,#1187);
#435=LINE('',#8973,#1188);
#436=LINE('',#8975,#1189);
#437=LINE('',#8977,#1190);
#438=LINE('',#8979,#1191);
#439=LINE('',#8982,#1192);
#440=LINE('',#8985,#1193);
#441=LINE('',#8986,#1194);
#442=LINE('',#8990,#1195);
#443=LINE('',#8993,#1196);
#444=LINE('',#8995,#1197);
#445=LINE('',#8997,#1198);
#446=LINE('',#8999,#1199);
#447=LINE('',#9003,#1200);
#448=LINE('',#9005,#1201);
#449=LINE('',#9007,#1202);
#450=LINE('',#9009,#1203);
#451=LINE('',#9012,#1204);
#452=LINE('',#9015,#1205);
#453=LINE('',#9017,#1206);
#454=LINE('',#9019,#1207);
#455=LINE('',#9020,#1208);
#456=LINE('',#9023,#1209);
#457=LINE('',#9034,#1210);
#458=LINE('',#9037,#1211);
#459=LINE('',#9039,#1212);
#460=LINE('',#9041,#1213);
#461=LINE('',#9043,#1214);
#462=LINE('',#9045,#1215);
#463=LINE('',#9047,#1216);
#464=LINE('',#9050,#1217);
#465=LINE('',#9052,#1218);
#466=LINE('',#9054,#1219);
#467=LINE('',#9056,#1220);
#468=LINE('',#9058,#1221);
#469=LINE('',#9060,#1222);
#470=LINE('',#9063,#1223);
#471=LINE('',#9065,#1224);
#472=LINE('',#9067,#1225);
#473=LINE('',#9069,#1226);
#474=LINE('',#9071,#1227);
#475=LINE('',#9073,#1228);
#476=LINE('',#9075,#1229);
#477=LINE('',#9077,#1230);
#478=LINE('',#9079,#1231);
#479=LINE('',#9081,#1232);
#480=LINE('',#9082,#1233);
#481=LINE('',#9084,#1234);
#482=LINE('',#9087,#1235);
#483=LINE('',#9089,#1236);
#484=LINE('',#9091,#1237);
#485=LINE('',#9093,#1238);
#486=LINE('',#9094,#1239);
#487=LINE('',#9096,#1240);
#488=LINE('',#9098,#1241);
#489=LINE('',#9100,#1242);
#490=LINE('',#9102,#1243);
#491=LINE('',#9104,#1244);
#492=LINE('',#9106,#1245);
#493=LINE('',#9108,#1246);
#494=LINE('',#9110,#1247);
#495=LINE('',#9112,#1248);
#496=LINE('',#9114,#1249);
#497=LINE('',#9116,#1250);
#498=LINE('',#9118,#1251);
#499=LINE('',#9120,#1252);
#500=LINE('',#9122,#1253);
#501=LINE('',#9123,#1254);
#502=LINE('',#9125,#1255);
#503=LINE('',#9128,#1256);
#504=LINE('',#9130,#1257);
#505=LINE('',#9131,#1258);
#506=LINE('',#9133,#1259);
#507=LINE('',#9135,#1260);
#508=LINE('',#9137,#1261);
#509=LINE('',#9140,#1262);
#510=LINE('',#9141,#1263);
#511=LINE('',#9143,#1264);
#512=LINE('',#9145,#1265);
#513=LINE('',#9147,#1266);
#514=LINE('',#9149,#1267);
#515=LINE('',#9151,#1268);
#516=LINE('',#9153,#1269);
#517=LINE('',#9155,#1270);
#518=LINE('',#9157,#1271);
#519=LINE('',#9158,#1272);
#520=LINE('',#9160,#1273);
#521=LINE('',#9162,#1274);
#522=LINE('',#9164,#1275);
#523=LINE('',#9166,#1276);
#524=LINE('',#9168,#1277);
#525=LINE('',#9170,#1278);
#526=LINE('',#9172,#1279);
#527=LINE('',#9174,#1280);
#528=LINE('',#9176,#1281);
#529=LINE('',#9178,#1282);
#530=LINE('',#9179,#1283);
#531=LINE('',#9181,#1284);
#532=LINE('',#9183,#1285);
#533=LINE('',#9185,#1286);
#534=LINE('',#9187,#1287);
#535=LINE('',#9189,#1288);
#536=LINE('',#9191,#1289);
#537=LINE('',#9193,#1290);
#538=LINE('',#9194,#1291);
#539=LINE('',#9196,#1292);
#540=LINE('',#9198,#1293);
#541=LINE('',#9200,#1294);
#542=LINE('',#9202,#1295);
#543=LINE('',#9204,#1296);
#544=LINE('',#9205,#1297);
#545=LINE('',#9207,#1298);
#546=LINE('',#9209,#1299);
#547=LINE('',#9211,#1300);
#548=LINE('',#9213,#1301);
#549=LINE('',#9215,#1302);
#550=LINE('',#9217,#1303);
#551=LINE('',#9219,#1304);
#552=LINE('',#9221,#1305);
#553=LINE('',#9224,#1306);
#554=LINE('',#9226,#1307);
#555=LINE('',#9228,#1308);
#556=LINE('',#9230,#1309);
#557=LINE('',#9232,#1310);
#558=LINE('',#9234,#1311);
#559=LINE('',#9237,#1312);
#560=LINE('',#9239,#1313);
#561=LINE('',#9241,#1314);
#562=LINE('',#9244,#1315);
#563=LINE('',#9246,#1316);
#564=LINE('',#9248,#1317);
#565=LINE('',#9251,#1318);
#566=LINE('',#9253,#1319);
#567=LINE('',#9255,#1320);
#568=LINE('',#9258,#1321);
#569=LINE('',#9260,#1322);
#570=LINE('',#9262,#1323);
#571=LINE('',#9342,#1324);
#572=LINE('',#9345,#1325);
#573=LINE('',#9347,#1326);
#574=LINE('',#9349,#1327);
#575=LINE('',#9351,#1328);
#576=LINE('',#9354,#1329);
#577=LINE('',#9356,#1330);
#578=LINE('',#9358,#1331);
#579=LINE('',#9360,#1332);
#580=LINE('',#9362,#1333);
#581=LINE('',#9364,#1334);
#582=LINE('',#9366,#1335);
#583=LINE('',#9368,#1336);
#584=LINE('',#9369,#1337);
#585=LINE('',#9371,#1338);
#586=LINE('',#9373,#1339);
#587=LINE('',#9375,#1340);
#588=LINE('',#9377,#1341);
#589=LINE('',#9379,#1342);
#590=LINE('',#9381,#1343);
#591=LINE('',#9383,#1344);
#592=LINE('',#9385,#1345);
#593=LINE('',#9387,#1346);
#594=LINE('',#9389,#1347);
#595=LINE('',#9391,#1348);
#596=LINE('',#9393,#1349);
#597=LINE('',#9395,#1350);
#598=LINE('',#9398,#1351);
#599=LINE('',#9400,#1352);
#600=LINE('',#9402,#1353);
#601=LINE('',#9404,#1354);
#602=LINE('',#9406,#1355);
#603=LINE('',#9408,#1356);
#604=LINE('',#9410,#1357);
#605=LINE('',#9412,#1358);
#606=LINE('',#9415,#1359);
#607=LINE('',#9417,#1360);
#608=LINE('',#9419,#1361);
#609=LINE('',#9421,#1362);
#610=LINE('',#9424,#1363);
#611=LINE('',#9426,#1364);
#612=LINE('',#9428,#1365);
#613=LINE('',#9430,#1366);
#614=LINE('',#9432,#1367);
#615=LINE('',#9435,#1368);
#616=LINE('',#9437,#1369);
#617=LINE('',#9439,#1370);
#618=LINE('',#9441,#1371);
#619=LINE('',#9443,#1372);
#620=LINE('',#9446,#1373);
#621=LINE('',#9448,#1374);
#622=LINE('',#9450,#1375);
#623=LINE('',#9452,#1376);
#624=LINE('',#9455,#1377);
#625=LINE('',#9457,#1378);
#626=LINE('',#9459,#1379);
#627=LINE('',#9480,#1380);
#628=LINE('',#9498,#1381);
#629=LINE('',#9501,#1382);
#630=LINE('',#9503,#1383);
#631=LINE('',#9505,#1384);
#632=LINE('',#9527,#1385);
#633=LINE('',#9531,#1386);
#634=LINE('',#9533,#1387);
#635=LINE('',#9535,#1388);
#636=LINE('',#9537,#1389);
#637=LINE('',#9539,#1390);
#638=LINE('',#9540,#1391);
#639=LINE('',#9541,#1392);
#640=LINE('',#9543,#1393);
#641=LINE('',#9545,#1394);
#642=LINE('',#9548,#1395);
#643=LINE('',#9550,#1396);
#644=LINE('',#9552,#1397);
#645=LINE('',#9554,#1398);
#646=LINE('',#9555,#1399);
#647=LINE('',#9557,#1400);
#648=LINE('',#9559,#1401);
#649=LINE('',#9561,#1402);
#650=LINE('',#9563,#1403);
#651=LINE('',#9565,#1404);
#652=LINE('',#9567,#1405);
#653=LINE('',#9569,#1406);
#654=LINE('',#9573,#1407);
#655=LINE('',#9575,#1408);
#656=LINE('',#9577,#1409);
#657=LINE('',#9579,#1410);
#658=LINE('',#9581,#1411);
#659=LINE('',#9585,#1412);
#660=LINE('',#9587,#1413);
#661=LINE('',#9589,#1414);
#662=LINE('',#9590,#1415);
#663=LINE('',#9592,#1416);
#664=LINE('',#9594,#1417);
#665=LINE('',#9596,#1418);
#666=LINE('',#9598,#1419);
#667=LINE('',#9599,#1420);
#668=LINE('',#9601,#1421);
#669=LINE('',#9603,#1422);
#670=LINE('',#9607,#1423);
#671=LINE('',#9609,#1424);
#672=LINE('',#9611,#1425);
#673=LINE('',#9613,#1426);
#674=LINE('',#9617,#1427);
#675=LINE('',#9619,#1428);
#676=LINE('',#9637,#1429);
#677=LINE('',#9639,#1430);
#678=LINE('',#9640,#1431);
#679=LINE('',#9642,#1432);
#680=LINE('',#9644,#1433);
#681=LINE('',#9646,#1434);
#682=LINE('',#9655,#1435);
#683=LINE('',#9663,#1436);
#684=LINE('',#9671,#1437);
#685=LINE('',#9679,#1438);
#686=LINE('',#9681,#1439);
#687=LINE('',#9682,#1440);
#688=LINE('',#9683,#1441);
#689=LINE('',#9685,#1442);
#690=LINE('',#9687,#1443);
#691=LINE('',#9688,#1444);
#692=LINE('',#9689,#1445);
#693=LINE('',#9690,#1446);
#694=LINE('',#9691,#1447);
#695=LINE('',#9693,#1448);
#696=LINE('',#9695,#1449);
#697=LINE('',#9696,#1450);
#698=LINE('',#9697,#1451);
#699=LINE('',#9698,#1452);
#700=LINE('',#9700,#1453);
#701=LINE('',#9702,#1454);
#702=LINE('',#9704,#1455);
#703=LINE('',#9706,#1456);
#704=LINE('',#9707,#1457);
#705=LINE('',#9708,#1458);
#706=LINE('',#9710,#1459);
#707=LINE('',#9716,#1460);
#708=LINE('',#9717,#1461);
#709=LINE('',#9719,#1462);
#710=LINE('',#9721,#1463);
#711=LINE('',#9723,#1464);
#712=LINE('',#9725,#1465);
#713=LINE('',#9727,#1466);
#714=LINE('',#9731,#1467);
#715=LINE('',#9733,#1468);
#716=LINE('',#9734,#1469);
#717=LINE('',#9736,#1470);
#718=LINE('',#9740,#1471);
#719=LINE('',#9742,#1472);
#720=LINE('',#9743,#1473);
#721=LINE('',#9745,#1474);
#722=LINE('',#9747,#1475);
#723=LINE('',#9749,#1476);
#724=LINE('',#9753,#1477);
#725=LINE('',#9755,#1478);
#726=LINE('',#9757,#1479);
#727=LINE('',#9758,#1480);
#728=LINE('',#9761,#1481);
#729=LINE('',#9764,#1482);
#730=LINE('',#9765,#1483);
#731=LINE('',#9767,#1484);
#732=LINE('',#9769,#1485);
#733=LINE('',#9771,#1486);
#734=LINE('',#9773,#1487);
#735=LINE('',#9775,#1488);
#736=LINE('',#9779,#1489);
#737=LINE('',#9781,#1490);
#738=LINE('',#9783,#1491);
#739=LINE('',#9785,#1492);
#740=LINE('',#9790,#1493);
#741=LINE('',#9792,#1494);
#742=LINE('',#9794,#1495);
#743=LINE('',#9796,#1496);
#744=LINE('',#9798,#1497);
#745=LINE('',#9801,#1498);
#746=LINE('',#9803,#1499);
#747=LINE('',#9805,#1500);
#748=LINE('',#9807,#1501);
#749=LINE('',#9809,#1502);
#750=LINE('',#9812,#1503);
#751=LINE('',#9815,#1504);
#752=LINE('',#9817,#1505);
#753=LINE('',#9819,#1506);
#754=LINE('',#9821,#1507);
#755=LINE('',#9823,#1508);
#756=LINE('',#9825,#1509);
#757=LINE('',#9827,#1510);
#758=LINE('',#9829,#1511);
#759=LINE('',#9831,#1512);
#760=LINE('',#9832,#1513);
#761=LINE('',#9834,#1514);
#762=LINE('',#9836,#1515);
#763=LINE('',#9838,#1516);
#764=LINE('',#9840,#1517);
#765=LINE('',#9842,#1518);
#766=LINE('',#9844,#1519);
#767=LINE('',#9846,#1520);
#768=LINE('',#9848,#1521);
#769=LINE('',#9850,#1522);
#770=LINE('',#9851,#1523);
#771=LINE('',#9853,#1524);
#772=LINE('',#9855,#1525);
#773=LINE('',#9857,#1526);
#774=LINE('',#9859,#1527);
#775=LINE('',#9861,#1528);
#776=LINE('',#9863,#1529);
#777=LINE('',#9865,#1530);
#778=LINE('',#9867,#1531);
#779=LINE('',#9869,#1532);
#780=LINE('',#9872,#1533);
#781=LINE('',#9874,#1534);
#782=LINE('',#9876,#1535);
#783=LINE('',#9878,#1536);
#784=LINE('',#9880,#1537);
#785=LINE('',#9882,#1538);
#786=LINE('',#9884,#1539);
#787=LINE('',#9886,#1540);
#788=LINE('',#9889,#1541);
#789=LINE('',#9891,#1542);
#790=LINE('',#9893,#1543);
#791=LINE('',#9895,#1544);
#792=LINE('',#9897,#1545);
#793=LINE('',#9899,#1546);
#794=LINE('',#9901,#1547);
#795=LINE('',#9903,#1548);
#796=LINE('',#9905,#1549);
#797=LINE('',#9907,#1550);
#798=LINE('',#9909,#1551);
#799=LINE('',#9910,#1552);
#800=LINE('',#9913,#1553);
#801=LINE('',#9915,#1554);
#802=LINE('',#9917,#1555);
#803=LINE('',#9919,#1556);
#804=LINE('',#9921,#1557);
#805=LINE('',#9923,#1558);
#806=LINE('',#9925,#1559);
#807=LINE('',#9927,#1560);
#808=LINE('',#9929,#1561);
#809=LINE('',#9934,#1562);
#810=LINE('',#9937,#1563);
#811=LINE('',#9939,#1564);
#812=LINE('',#9941,#1565);
#813=LINE('',#9943,#1566);
#814=LINE('',#9946,#1567);
#815=LINE('',#9948,#1568);
#816=LINE('',#9950,#1569);
#817=LINE('',#9951,#1570);
#818=LINE('',#9953,#1571);
#819=LINE('',#9956,#1572);
#820=LINE('',#9957,#1573);
#821=LINE('',#9959,#1574);
#822=LINE('',#9962,#1575);
#823=LINE('',#9963,#1576);
#824=LINE('',#9964,#1577);
#825=LINE('',#9967,#1578);
#826=LINE('',#9968,#1579);
#827=LINE('',#9973,#1580);
#828=LINE('',#9976,#1581);
#829=LINE('',#9978,#1582);
#830=LINE('',#9980,#1583);
#831=LINE('',#9982,#1584);
#832=LINE('',#9985,#1585);
#833=LINE('',#9986,#1586);
#834=LINE('',#9988,#1587);
#835=LINE('',#9990,#1588);
#836=LINE('',#9992,#1589);
#837=LINE('',#9995,#1590);
#838=LINE('',#9996,#1591);
#839=LINE('',#9998,#1592);
#840=LINE('',#10000,#1593);
#841=LINE('',#10002,#1594);
#842=LINE('',#10003,#1595);
#843=LINE('',#10006,#1596);
#844=LINE('',#10007,#1597);
#845=LINE('',#10063,#1598);
#846=LINE('',#10066,#1599);
#847=LINE('',#10068,#1600);
#848=LINE('',#10070,#1601);
#849=LINE('',#10072,#1602);
#850=LINE('',#10075,#1603);
#851=LINE('',#10077,#1604);
#852=LINE('',#10079,#1605);
#853=LINE('',#10081,#1606);
#854=LINE('',#10084,#1607);
#855=LINE('',#10086,#1608);
#856=LINE('',#10088,#1609);
#857=LINE('',#10090,#1610);
#858=LINE('',#10093,#1611);
#859=LINE('',#10095,#1612);
#860=LINE('',#10097,#1613);
#861=LINE('',#10099,#1614);
#862=LINE('',#10101,#1615);
#863=LINE('',#10103,#1616);
#864=LINE('',#10105,#1617);
#865=LINE('',#10107,#1618);
#866=LINE('',#10110,#1619);
#867=LINE('',#10112,#1620);
#868=LINE('',#10114,#1621);
#869=LINE('',#10116,#1622);
#870=LINE('',#10118,#1623);
#871=LINE('',#10120,#1624);
#872=LINE('',#10122,#1625);
#873=LINE('',#10124,#1626);
#874=LINE('',#10127,#1627);
#875=LINE('',#10129,#1628);
#876=LINE('',#10131,#1629);
#877=LINE('',#10135,#1630);
#878=LINE('',#10141,#1631);
#879=LINE('',#10142,#1632);
#880=LINE('',#10144,#1633);
#881=LINE('',#10146,#1634);
#882=LINE('',#10149,#1635);
#883=LINE('',#10150,#1636);
#884=LINE('',#10152,#1637);
#885=LINE('',#10154,#1638);
#886=LINE('',#10156,#1639);
#887=LINE('',#10159,#1640);
#888=LINE('',#10161,#1641);
#889=LINE('',#10163,#1642);
#890=LINE('',#10165,#1643);
#891=LINE('',#10168,#1644);
#892=LINE('',#10170,#1645);
#893=LINE('',#10172,#1646);
#894=LINE('',#10174,#1647);
#895=LINE('',#10177,#1648);
#896=LINE('',#10179,#1649);
#897=LINE('',#10181,#1650);
#898=LINE('',#10183,#1651);
#899=LINE('',#10185,#1652);
#900=LINE('',#10187,#1653);
#901=LINE('',#10191,#1654);
#902=LINE('',#10193,#1655);
#903=LINE('',#10195,#1656);
#904=LINE('',#10199,#1657);
#905=LINE('',#10201,#1658);
#906=LINE('',#10204,#1659);
#907=LINE('',#10206,#1660);
#908=LINE('',#10208,#1661);
#909=LINE('',#10210,#1662);
#910=LINE('',#10215,#1663);
#911=LINE('',#10217,#1664);
#912=LINE('',#10219,#1665);
#913=LINE('',#10221,#1666);
#914=LINE('',#10223,#1667);
#915=LINE('',#10230,#1668);
#916=LINE('',#10232,#1669);
#917=LINE('',#10234,#1670);
#918=LINE('',#10236,#1671);
#919=LINE('',#10238,#1672);
#920=LINE('',#10276,#1673);
#921=LINE('',#10278,#1674);
#922=LINE('',#10280,#1675);
#923=LINE('',#10282,#1676);
#924=LINE('',#10284,#1677);
#925=LINE('',#10287,#1678);
#926=LINE('',#10289,#1679);
#927=LINE('',#10291,#1680);
#928=LINE('',#10293,#1681);
#929=LINE('',#10296,#1682);
#930=LINE('',#10298,#1683);
#931=LINE('',#10300,#1684);
#932=LINE('',#10302,#1685);
#933=LINE('',#10304,#1686);
#934=LINE('',#10306,#1687);
#935=LINE('',#10308,#1688);
#936=LINE('',#10310,#1689);
#937=LINE('',#10313,#1690);
#938=LINE('',#10315,#1691);
#939=LINE('',#10317,#1692);
#940=LINE('',#10319,#1693);
#941=LINE('',#10321,#1694);
#942=LINE('',#10323,#1695);
#943=LINE('',#10325,#1696);
#944=LINE('',#10327,#1697);
#945=LINE('',#10330,#1698);
#946=LINE('',#10332,#1699);
#947=LINE('',#10334,#1700);
#948=LINE('',#10336,#1701);
#949=LINE('',#10338,#1702);
#950=LINE('',#10340,#1703);
#951=LINE('',#10342,#1704);
#952=LINE('',#10346,#1705);
#953=LINE('',#10348,#1706);
#954=LINE('',#10350,#1707);
#955=LINE('',#10352,#1708);
#956=LINE('',#10354,#1709);
#957=LINE('',#10356,#1710);
#958=LINE('',#10358,#1711);
#959=LINE('',#10360,#1712);
#960=LINE('',#10362,#1713);
#961=LINE('',#10364,#1714);
#962=LINE('',#10366,#1715);
#963=LINE('',#10368,#1716);
#964=LINE('',#10370,#1717);
#965=LINE('',#10372,#1718);
#966=LINE('',#10385,#1719);
#967=LINE('',#10398,#1720);
#968=LINE('',#10401,#1721);
#969=LINE('',#10403,#1722);
#970=LINE('',#10409,#1723);
#971=LINE('',#10412,#1724);
#972=LINE('',#10414,#1725);
#973=LINE('',#10416,#1726);
#974=LINE('',#10419,#1727);
#975=LINE('',#10421,#1728);
#976=LINE('',#10423,#1729);
#977=LINE('',#10426,#1730);
#978=LINE('',#10428,#1731);
#979=LINE('',#10435,#1732);
#980=LINE('',#10437,#1733);
#981=LINE('',#10440,#1734);
#982=LINE('',#10442,#1735);
#983=LINE('',#10444,#1736);
#984=LINE('',#10446,#1737);
#985=LINE('',#10447,#1738);
#986=LINE('',#10449,#1739);
#987=LINE('',#10451,#1740);
#988=LINE('',#10454,#1741);
#989=LINE('',#10456,#1742);
#990=LINE('',#10458,#1743);
#991=LINE('',#10465,#1744);
#992=LINE('',#10467,#1745);
#993=LINE('',#10468,#1746);
#994=LINE('',#10470,#1747);
#995=LINE('',#10472,#1748);
#996=LINE('',#10475,#1749);
#997=LINE('',#10477,#1750);
#998=LINE('',#10479,#1751);
#999=LINE('',#10482,#1752);
#1000=LINE('',#10484,#1753);
#1001=LINE('',#10490,#1754);
#1002=LINE('',#10493,#1755);
#1003=LINE('',#10495,#1756);
#1004=LINE('',#10497,#1757);
#1005=LINE('',#10500,#1758);
#1006=LINE('',#10502,#1759);
#1007=LINE('',#10504,#1760);
#1008=LINE('',#10506,#1761);
#1009=LINE('',#10508,#1762);
#1010=LINE('',#10510,#1763);
#1011=LINE('',#10512,#1764);
#1012=LINE('',#10513,#1765);
#1013=LINE('',#10514,#1766);
#1014=LINE('',#10515,#1767);
#1015=LINE('',#10524,#1768);
#1016=LINE('',#10526,#1769);
#1017=LINE('',#10530,#1770);
#1018=LINE('',#10532,#1771);
#1019=LINE('',#10534,#1772);
#1020=LINE('',#10536,#1773);
#1021=LINE('',#10538,#1774);
#1022=LINE('',#10540,#1775);
#1023=LINE('',#10542,#1776);
#1024=LINE('',#10544,#1777);
#1025=LINE('',#10546,#1778);
#1026=LINE('',#10551,#1779);
#1027=LINE('',#10553,#1780);
#1028=LINE('',#10555,#1781);
#1029=LINE('',#10558,#1782);
#1030=LINE('',#10560,#1783);
#1031=LINE('',#10562,#1784);
#1032=LINE('',#10565,#1785);
#1033=LINE('',#10567,#1786);
#1034=LINE('',#10569,#1787);
#1035=LINE('',#10572,#1788);
#1036=LINE('',#10574,#1789);
#1037=LINE('',#10576,#1790);
#1038=LINE('',#10583,#1791);
#1039=LINE('',#10587,#1792);
#1040=LINE('',#10592,#1793);
#1041=LINE('',#10596,#1794);
#1042=LINE('',#10598,#1795);
#1043=LINE('',#10601,#1796);
#1044=LINE('',#10603,#1797);
#1045=LINE('',#10605,#1798);
#1046=LINE('',#10608,#1799);
#1047=LINE('',#10610,#1800);
#1048=LINE('',#10612,#1801);
#1049=LINE('',#10616,#1802);
#1050=LINE('',#10622,#1803);
#1051=LINE('',#10626,#1804);
#1052=LINE('',#10628,#1805);
#1053=LINE('',#10630,#1806);
#1054=LINE('',#10632,#1807);
#1055=LINE('',#10637,#1808);
#1056=LINE('',#10638,#1809);
#1057=LINE('',#10639,#1810);
#1058=LINE('',#10641,#1811);
#1059=LINE('',#10645,#1812);
#1060=LINE('',#10648,#1813);
#1061=LINE('',#10650,#1814);
#1062=LINE('',#10652,#1815);
#1063=LINE('',#10658,#1816);
#1064=LINE('',#10662,#1817);
#1065=LINE('',#10664,#1818);
#1066=LINE('',#10666,#1819);
#1067=LINE('',#10668,#1820);
#1068=LINE('',#10670,#1821);
#1069=LINE('',#10672,#1822);
#1070=LINE('',#10675,#1823);
#1071=LINE('',#10677,#1824);
#1072=LINE('',#10680,#1825);
#1073=LINE('',#10682,#1826);
#1074=LINE('',#10683,#1827);
#1075=LINE('',#10685,#1828);
#1076=LINE('',#10690,#1829);
#1077=LINE('',#10694,#1830);
#1078=LINE('',#10695,#1831);
#1079=LINE('',#10696,#1832);
#1080=LINE('',#10698,#1833);
#1081=LINE('',#10701,#1834);
#1082=LINE('',#10703,#1835);
#1083=LINE('',#10704,#1836);
#1084=LINE('',#10706,#1837);
#1085=LINE('',#10708,#1838);
#1086=LINE('',#10710,#1839);
#1087=LINE('',#10711,#1840);
#1088=LINE('',#10713,#1841);
#1089=LINE('',#10715,#1842);
#1090=LINE('',#10717,#1843);
#1091=LINE('',#10719,#1844);
#1092=LINE('',#10721,#1845);
#1093=LINE('',#10722,#1846);
#1094=LINE('',#10726,#1847);
#1095=LINE('',#10730,#1848);
#1096=LINE('',#10736,#1849);
#1097=LINE('',#10739,#1850);
#1098=LINE('',#10742,#1851);
#1099=LINE('',#10744,#1852);
#1100=LINE('',#10746,#1853);
#1101=LINE('',#10748,#1854);
#1102=LINE('',#10750,#1855);
#1103=LINE('',#10752,#1856);
#1104=LINE('',#10754,#1857);
#1105=LINE('',#10756,#1858);
#1106=LINE('',#10759,#1859);
#1107=LINE('',#10762,#1860);
#1108=LINE('',#10763,#1861);
#1109=LINE('',#10767,#1862);
#1110=LINE('',#10770,#1863);
#1111=LINE('',#10772,#1864);
#1112=LINE('',#10774,#1865);
#1113=LINE('',#10776,#1866);
#1114=LINE('',#10780,#1867);
#1115=LINE('',#10782,#1868);
#1116=LINE('',#10784,#1869);
#1117=LINE('',#10786,#1870);
#1118=LINE('',#10789,#1871);
#1119=LINE('',#10792,#1872);
#1120=LINE('',#10794,#1873);
#1121=LINE('',#10796,#1874);
#1122=LINE('',#10797,#1875);
#1123=LINE('',#10800,#1876);
#1124=VECTOR('',#7092,1.);
#1125=VECTOR('',#7095,1.);
#1126=VECTOR('',#7100,1.);
#1127=VECTOR('',#7103,1.);
#1128=VECTOR('',#7106,1.);
#1129=VECTOR('',#7107,1.);
#1130=VECTOR('',#7108,1.);
#1131=VECTOR('',#7109,1.);
#1132=VECTOR('',#7114,1.);
#1133=VECTOR('',#7115,1.);
#1134=VECTOR('',#7116,1.);
#1135=VECTOR('',#7119,1.);
#1136=VECTOR('',#7126,1.);
#1137=VECTOR('',#7129,1.);
#1138=VECTOR('',#7130,1.);
#1139=VECTOR('',#7131,1.);
#1140=VECTOR('',#7134,1.);
#1141=VECTOR('',#7137,1.);
#1142=VECTOR('',#7138,1.);
#1143=VECTOR('',#7139,1.);
#1144=VECTOR('',#7140,1.);
#1145=VECTOR('',#7145,1.);
#1146=VECTOR('',#7146,1.);
#1147=VECTOR('',#7147,1.);
#1148=VECTOR('',#7148,1.);
#1149=VECTOR('',#7155,1.);
#1150=VECTOR('',#7158,1.);
#1151=VECTOR('',#7159,1.);
#1152=VECTOR('',#7160,1.);
#1153=VECTOR('',#7163,1.);
#1154=VECTOR('',#7164,1.);
#1155=VECTOR('',#7165,1.);
#1156=VECTOR('',#7170,1.);
#1157=VECTOR('',#7171,1.);
#1158=VECTOR('',#7174,1.);
#1159=VECTOR('',#7177,1.);
#1160=VECTOR('',#7178,1.);
#1161=VECTOR('',#7181,1.);
#1162=VECTOR('',#7184,1.);
#1163=VECTOR('',#7187,1.);
#1164=VECTOR('',#7188,1.);
#1165=VECTOR('',#7189,1.);
#1166=VECTOR('',#7192,1.);
#1167=VECTOR('',#7193,1.);
#1168=VECTOR('',#7194,1.);
#1169=VECTOR('',#7195,1.);
#1170=VECTOR('',#7196,1.);
#1171=VECTOR('',#7199,1.);
#1172=VECTOR('',#7200,1.);
#1173=VECTOR('',#7201,1.);
#1174=VECTOR('',#7202,1.);
#1175=VECTOR('',#7205,1.);
#1176=VECTOR('',#7206,1.);
#1177=VECTOR('',#7207,1.);
#1178=VECTOR('',#7210,1.);
#1179=VECTOR('',#7211,1.);
#1180=VECTOR('',#7218,1.);
#1181=VECTOR('',#7223,1.);
#1182=VECTOR('',#7232,1.);
#1183=VECTOR('',#7233,1.);
#1184=VECTOR('',#7236,1.);
#1185=VECTOR('',#7237,1.);
#1186=VECTOR('',#7240,1.);
#1187=VECTOR('',#7241,1.);
#1188=VECTOR('',#7242,1.);
#1189=VECTOR('',#7245,1.);
#1190=VECTOR('',#7246,1.);
#1191=VECTOR('',#7247,1.);
#1192=VECTOR('',#7252,1.);
#1193=VECTOR('',#7253,1.);
#1194=VECTOR('',#7254,1.);
#1195=VECTOR('',#7261,1.);
#1196=VECTOR('',#7266,1.);
#1197=VECTOR('',#7267,1.);
#1198=VECTOR('',#7268,1.);
#1199=VECTOR('',#7269,1.);
#1200=VECTOR('',#7274,1.);
#1201=VECTOR('',#7275,1.);
#1202=VECTOR('',#7276,1.);
#1203=VECTOR('',#7279,1.);
#1204=VECTOR('',#7280,1.);
#1205=VECTOR('',#7283,1.);
#1206=VECTOR('',#7284,1.);
#1207=VECTOR('',#7287,1.);
#1208=VECTOR('',#7288,1.);
#1209=VECTOR('',#7293,1.);
#1210=VECTOR('',#7314,1.);
#1211=VECTOR('',#7315,1.);
#1212=VECTOR('',#7316,1.);
#1213=VECTOR('',#7317,1.);
#1214=VECTOR('',#7318,1.);
#1215=VECTOR('',#7319,1.);
#1216=VECTOR('',#7322,1.);
#1217=VECTOR('',#7323,1.);
#1218=VECTOR('',#7324,1.);
#1219=VECTOR('',#7325,1.);
#1220=VECTOR('',#7326,1.);
#1221=VECTOR('',#7327,1.);
#1222=VECTOR('',#7330,1.);
#1223=VECTOR('',#7331,1.);
#1224=VECTOR('',#7332,1.);
#1225=VECTOR('',#7333,1.);
#1226=VECTOR('',#7336,1.);
#1227=VECTOR('',#7337,1.);
#1228=VECTOR('',#7338,1.);
#1229=VECTOR('',#7341,1.);
#1230=VECTOR('',#7342,1.);
#1231=VECTOR('',#7343,1.);
#1232=VECTOR('',#7346,1.);
#1233=VECTOR('',#7347,1.);
#1234=VECTOR('',#7350,1.);
#1235=VECTOR('',#7351,1.);
#1236=VECTOR('',#7352,1.);
#1237=VECTOR('',#7353,1.);
#1238=VECTOR('',#7354,1.);
#1239=VECTOR('',#7355,1.);
#1240=VECTOR('',#7356,1.);
#1241=VECTOR('',#7357,1.);
#1242=VECTOR('',#7358,1.);
#1243=VECTOR('',#7359,1.);
#1244=VECTOR('',#7360,1.);
#1245=VECTOR('',#7361,1.);
#1246=VECTOR('',#7362,1.);
#1247=VECTOR('',#7363,1.);
#1248=VECTOR('',#7364,1.);
#1249=VECTOR('',#7365,1.);
#1250=VECTOR('',#7366,1.);
#1251=VECTOR('',#7367,1.);
#1252=VECTOR('',#7368,1.);
#1253=VECTOR('',#7369,1.);
#1254=VECTOR('',#7370,1.);
#1255=VECTOR('',#7371,1.);
#1256=VECTOR('',#7376,1.);
#1257=VECTOR('',#7377,1.);
#1258=VECTOR('',#7378,1.);
#1259=VECTOR('',#7379,1.);
#1260=VECTOR('',#7380,1.);
#1261=VECTOR('',#7383,1.);
#1262=VECTOR('',#7384,1.);
#1263=VECTOR('',#7385,1.);
#1264=VECTOR('',#7388,1.);
#1265=VECTOR('',#7389,1.);
#1266=VECTOR('',#7390,1.);
#1267=VECTOR('',#7391,1.);
#1268=VECTOR('',#7392,1.);
#1269=VECTOR('',#7395,1.);
#1270=VECTOR('',#7396,1.);
#1271=VECTOR('',#7397,1.);
#1272=VECTOR('',#7398,1.);
#1273=VECTOR('',#7399,1.);
#1274=VECTOR('',#7402,1.);
#1275=VECTOR('',#7403,1.);
#1276=VECTOR('',#7406,1.);
#1277=VECTOR('',#7407,1.);
#1278=VECTOR('',#7408,1.);
#1279=VECTOR('',#7409,1.);
#1280=VECTOR('',#7410,1.);
#1281=VECTOR('',#7413,1.);
#1282=VECTOR('',#7414,1.);
#1283=VECTOR('',#7415,1.);
#1284=VECTOR('',#7416,1.);
#1285=VECTOR('',#7419,1.);
#1286=VECTOR('',#7420,1.);
#1287=VECTOR('',#7421,1.);
#1288=VECTOR('',#7424,1.);
#1289=VECTOR('',#7425,1.);
#1290=VECTOR('',#7426,1.);
#1291=VECTOR('',#7427,1.);
#1292=VECTOR('',#7428,1.);
#1293=VECTOR('',#7431,1.);
#1294=VECTOR('',#7434,1.);
#1295=VECTOR('',#7435,1.);
#1296=VECTOR('',#7436,1.);
#1297=VECTOR('',#7437,1.);
#1298=VECTOR('',#7438,1.);
#1299=VECTOR('',#7439,1.);
#1300=VECTOR('',#7442,1.);
#1301=VECTOR('',#7445,1.);
#1302=VECTOR('',#7448,1.);
#1303=VECTOR('',#7451,1.);
#1304=VECTOR('',#7454,1.);
#1305=VECTOR('',#7457,1.);
#1306=VECTOR('',#7462,1.);
#1307=VECTOR('',#7465,1.);
#1308=VECTOR('',#7468,1.);
#1309=VECTOR('',#7471,1.);
#1310=VECTOR('',#7474,1.);
#1311=VECTOR('',#7477,1.);
#1312=VECTOR('',#7482,1.);
#1313=VECTOR('',#7483,1.);
#1314=VECTOR('',#7486,1.);
#1315=VECTOR('',#7491,1.);
#1316=VECTOR('',#7492,1.);
#1317=VECTOR('',#7495,1.);
#1318=VECTOR('',#7500,1.);
#1319=VECTOR('',#7501,1.);
#1320=VECTOR('',#7504,1.);
#1321=VECTOR('',#7509,1.);
#1322=VECTOR('',#7510,1.);
#1323=VECTOR('',#7513,1.);
#1324=VECTOR('',#7538,1.);
#1325=VECTOR('',#7539,1.);
#1326=VECTOR('',#7540,1.);
#1327=VECTOR('',#7541,1.);
#1328=VECTOR('',#7544,1.);
#1329=VECTOR('',#7545,1.);
#1330=VECTOR('',#7546,1.);
#1331=VECTOR('',#7547,1.);
#1332=VECTOR('',#7548,1.);
#1333=VECTOR('',#7549,1.);
#1334=VECTOR('',#7550,1.);
#1335=VECTOR('',#7551,1.);
#1336=VECTOR('',#7554,1.);
#1337=VECTOR('',#7555,1.);
#1338=VECTOR('',#7556,1.);
#1339=VECTOR('',#7559,1.);
#1340=VECTOR('',#7560,1.);
#1341=VECTOR('',#7563,1.);
#1342=VECTOR('',#7564,1.);
#1343=VECTOR('',#7567,1.);
#1344=VECTOR('',#7570,1.);
#1345=VECTOR('',#7571,1.);
#1346=VECTOR('',#7572,1.);
#1347=VECTOR('',#7573,1.);
#1348=VECTOR('',#7574,1.);
#1349=VECTOR('',#7575,1.);
#1350=VECTOR('',#7578,1.);
#1351=VECTOR('',#7579,1.);
#1352=VECTOR('',#7580,1.);
#1353=VECTOR('',#7581,1.);
#1354=VECTOR('',#7582,1.);
#1355=VECTOR('',#7583,1.);
#1356=VECTOR('',#7584,1.);
#1357=VECTOR('',#7585,1.);
#1358=VECTOR('',#7588,1.);
#1359=VECTOR('',#7589,1.);
#1360=VECTOR('',#7590,1.);
#1361=VECTOR('',#7591,1.);
#1362=VECTOR('',#7594,1.);
#1363=VECTOR('',#7595,1.);
#1364=VECTOR('',#7596,1.);
#1365=VECTOR('',#7597,1.);
#1366=VECTOR('',#7598,1.);
#1367=VECTOR('',#7601,1.);
#1368=VECTOR('',#7602,1.);
#1369=VECTOR('',#7603,1.);
#1370=VECTOR('',#7604,1.);
#1371=VECTOR('',#7605,1.);
#1372=VECTOR('',#7608,1.);
#1373=VECTOR('',#7609,1.);
#1374=VECTOR('',#7610,1.);
#1375=VECTOR('',#7611,1.);
#1376=VECTOR('',#7614,1.);
#1377=VECTOR('',#7615,1.);
#1378=VECTOR('',#7616,1.);
#1379=VECTOR('',#7617,1.);
#1380=VECTOR('',#7626,1.);
#1381=VECTOR('',#7629,1.);
#1382=VECTOR('',#7630,1.);
#1383=VECTOR('',#7631,1.);
#1384=VECTOR('',#7632,1.);
#1385=VECTOR('',#7641,1.);
#1386=VECTOR('',#7644,1.);
#1387=VECTOR('',#7647,1.);
#1388=VECTOR('',#7648,1.);
#1389=VECTOR('',#7649,1.);
#1390=VECTOR('',#7652,1.);
#1391=VECTOR('',#7653,1.);
#1392=VECTOR('',#7654,1.);
#1393=VECTOR('',#7655,1.);
#1394=VECTOR('',#7658,1.);
#1395=VECTOR('',#7659,1.);
#1396=VECTOR('',#7660,1.);
#1397=VECTOR('',#7661,1.);
#1398=VECTOR('',#7664,1.);
#1399=VECTOR('',#7665,1.);
#1400=VECTOR('',#7668,1.);
#1401=VECTOR('',#7669,1.);
#1402=VECTOR('',#7670,1.);
#1403=VECTOR('',#7671,1.);
#1404=VECTOR('',#7672,1.);
#1405=VECTOR('',#7673,1.);
#1406=VECTOR('',#7674,1.);
#1407=VECTOR('',#7677,1.);
#1408=VECTOR('',#7678,1.);
#1409=VECTOR('',#7679,1.);
#1410=VECTOR('',#7680,1.);
#1411=VECTOR('',#7681,1.);
#1412=VECTOR('',#7684,1.);
#1413=VECTOR('',#7685,1.);
#1414=VECTOR('',#7686,1.);
#1415=VECTOR('',#7687,1.);
#1416=VECTOR('',#7688,1.);
#1417=VECTOR('',#7689,1.);
#1418=VECTOR('',#7690,1.);
#1419=VECTOR('',#7691,1.);
#1420=VECTOR('',#7692,1.);
#1421=VECTOR('',#7693,1.);
#1422=VECTOR('',#7694,1.);
#1423=VECTOR('',#7697,1.);
#1424=VECTOR('',#7698,1.);
#1425=VECTOR('',#7699,1.);
#1426=VECTOR('',#7702,1.);
#1427=VECTOR('',#7707,1.);
#1428=VECTOR('',#7710,1.);
#1429=VECTOR('',#7713,1.);
#1430=VECTOR('',#7714,1.);
#1431=VECTOR('',#7715,1.);
#1432=VECTOR('',#7718,1.);
#1433=VECTOR('',#7719,1.);
#1434=VECTOR('',#7722,1.);
#1435=VECTOR('',#7723,1.);
#1436=VECTOR('',#7724,1.);
#1437=VECTOR('',#7725,1.);
#1438=VECTOR('',#7728,1.);
#1439=VECTOR('',#7729,1.);
#1440=VECTOR('',#7730,1.);
#1441=VECTOR('',#7731,1.);
#1442=VECTOR('',#7732,1.);
#1443=VECTOR('',#7735,1.);
#1444=VECTOR('',#7736,1.);
#1445=VECTOR('',#7737,1.);
#1446=VECTOR('',#7738,1.);
#1447=VECTOR('',#7739,1.);
#1448=VECTOR('',#7740,1.);
#1449=VECTOR('',#7743,1.);
#1450=VECTOR('',#7744,1.);
#1451=VECTOR('',#7745,1.);
#1452=VECTOR('',#7746,1.);
#1453=VECTOR('',#7747,1.);
#1454=VECTOR('',#7748,1.);
#1455=VECTOR('',#7751,1.);
#1456=VECTOR('',#7752,1.);
#1457=VECTOR('',#7753,1.);
#1458=VECTOR('',#7754,1.);
#1459=VECTOR('',#7755,1.);
#1460=VECTOR('',#7766,1.);
#1461=VECTOR('',#7767,1.);
#1462=VECTOR('',#7768,1.);
#1463=VECTOR('',#7771,1.);
#1464=VECTOR('',#7772,1.);
#1465=VECTOR('',#7775,1.);
#1466=VECTOR('',#7776,1.);
#1467=VECTOR('',#7779,1.);
#1468=VECTOR('',#7782,1.);
#1469=VECTOR('',#7783,1.);
#1470=VECTOR('',#7786,1.);
#1471=VECTOR('',#7793,1.);
#1472=VECTOR('',#7794,1.);
#1473=VECTOR('',#7795,1.);
#1474=VECTOR('',#7798,1.);
#1475=VECTOR('',#7799,1.);
#1476=VECTOR('',#7802,1.);
#1477=VECTOR('',#7805,1.);
#1478=VECTOR('',#7806,1.);
#1479=VECTOR('',#7809,1.);
#1480=VECTOR('',#7810,1.);
#1481=VECTOR('',#7815,1.);
#1482=VECTOR('',#7820,1.);
#1483=VECTOR('',#7821,1.);
#1484=VECTOR('',#7822,1.);
#1485=VECTOR('',#7825,1.);
#1486=VECTOR('',#7826,1.);
#1487=VECTOR('',#7829,1.);
#1488=VECTOR('',#7830,1.);
#1489=VECTOR('',#7833,1.);
#1490=VECTOR('',#7836,1.);
#1491=VECTOR('',#7839,1.);
#1492=VECTOR('',#7842,1.);
#1493=VECTOR('',#7851,1.);
#1494=VECTOR('',#7852,1.);
#1495=VECTOR('',#7855,1.);
#1496=VECTOR('',#7856,1.);
#1497=VECTOR('',#7859,1.);
#1498=VECTOR('',#7864,1.);
#1499=VECTOR('',#7865,1.);
#1500=VECTOR('',#7868,1.);
#1501=VECTOR('',#7869,1.);
#1502=VECTOR('',#7872,1.);
#1503=VECTOR('',#7877,1.);
#1504=VECTOR('',#7878,1.);
#1505=VECTOR('',#7879,1.);
#1506=VECTOR('',#7880,1.);
#1507=VECTOR('',#7881,1.);
#1508=VECTOR('',#7882,1.);
#1509=VECTOR('',#7885,1.);
#1510=VECTOR('',#7886,1.);
#1511=VECTOR('',#7887,1.);
#1512=VECTOR('',#7888,1.);
#1513=VECTOR('',#7889,1.);
#1514=VECTOR('',#7890,1.);
#1515=VECTOR('',#7893,1.);
#1516=VECTOR('',#7894,1.);
#1517=VECTOR('',#7897,1.);
#1518=VECTOR('',#7898,1.);
#1519=VECTOR('',#7901,1.);
#1520=VECTOR('',#7902,1.);
#1521=VECTOR('',#7905,1.);
#1522=VECTOR('',#7906,1.);
#1523=VECTOR('',#7907,1.);
#1524=VECTOR('',#7910,1.);
#1525=VECTOR('',#7913,1.);
#1526=VECTOR('',#7914,1.);
#1527=VECTOR('',#7915,1.);
#1528=VECTOR('',#7918,1.);
#1529=VECTOR('',#7919,1.);
#1530=VECTOR('',#7922,1.);
#1531=VECTOR('',#7923,1.);
#1532=VECTOR('',#7926,1.);
#1533=VECTOR('',#7931,1.);
#1534=VECTOR('',#7932,1.);
#1535=VECTOR('',#7933,1.);
#1536=VECTOR('',#7936,1.);
#1537=VECTOR('',#7937,1.);
#1538=VECTOR('',#7940,1.);
#1539=VECTOR('',#7941,1.);
#1540=VECTOR('',#7944,1.);
#1541=VECTOR('',#7949,1.);
#1542=VECTOR('',#7950,1.);
#1543=VECTOR('',#7951,1.);
#1544=VECTOR('',#7954,1.);
#1545=VECTOR('',#7955,1.);
#1546=VECTOR('',#7956,1.);
#1547=VECTOR('',#7959,1.);
#1548=VECTOR('',#7960,1.);
#1549=VECTOR('',#7961,1.);
#1550=VECTOR('',#7964,1.);
#1551=VECTOR('',#7965,1.);
#1552=VECTOR('',#7966,1.);
#1553=VECTOR('',#7971,1.);
#1554=VECTOR('',#7974,1.);
#1555=VECTOR('',#7975,1.);
#1556=VECTOR('',#7976,1.);
#1557=VECTOR('',#7979,1.);
#1558=VECTOR('',#7980,1.);
#1559=VECTOR('',#7983,1.);
#1560=VECTOR('',#7984,1.);
#1561=VECTOR('',#7987,1.);
#1562=VECTOR('',#7996,1.);
#1563=VECTOR('',#7997,1.);
#1564=VECTOR('',#7998,1.);
#1565=VECTOR('',#7999,1.);
#1566=VECTOR('',#8002,1.);
#1567=VECTOR('',#8003,1.);
#1568=VECTOR('',#8004,1.);
#1569=VECTOR('',#8005,1.);
#1570=VECTOR('',#8006,1.);
#1571=VECTOR('',#8009,1.);
#1572=VECTOR('',#8010,1.);
#1573=VECTOR('',#8011,1.);
#1574=VECTOR('',#8014,1.);
#1575=VECTOR('',#8015,1.);
#1576=VECTOR('',#8016,1.);
#1577=VECTOR('',#8017,1.);
#1578=VECTOR('',#8022,1.);
#1579=VECTOR('',#8023,1.);
#1580=VECTOR('',#8032,1.);
#1581=VECTOR('',#8033,1.);
#1582=VECTOR('',#8034,1.);
#1583=VECTOR('',#8035,1.);
#1584=VECTOR('',#8038,1.);
#1585=VECTOR('',#8039,1.);
#1586=VECTOR('',#8040,1.);
#1587=VECTOR('',#8041,1.);
#1588=VECTOR('',#8042,1.);
#1589=VECTOR('',#8045,1.);
#1590=VECTOR('',#8046,1.);
#1591=VECTOR('',#8047,1.);
#1592=VECTOR('',#8050,1.);
#1593=VECTOR('',#8051,1.);
#1594=VECTOR('',#8052,1.);
#1595=VECTOR('',#8053,1.);
#1596=VECTOR('',#8058,1.);
#1597=VECTOR('',#8059,1.);
#1598=VECTOR('',#8130,1.);
#1599=VECTOR('',#8131,1.);
#1600=VECTOR('',#8132,1.);
#1601=VECTOR('',#8133,1.);
#1602=VECTOR('',#8136,1.);
#1603=VECTOR('',#8137,1.);
#1604=VECTOR('',#8138,1.);
#1605=VECTOR('',#8139,1.);
#1606=VECTOR('',#8142,1.);
#1607=VECTOR('',#8143,1.);
#1608=VECTOR('',#8144,1.);
#1609=VECTOR('',#8145,1.);
#1610=VECTOR('',#8148,1.);
#1611=VECTOR('',#8149,1.);
#1612=VECTOR('',#8150,1.);
#1613=VECTOR('',#8151,1.);
#1614=VECTOR('',#8152,1.);
#1615=VECTOR('',#8153,1.);
#1616=VECTOR('',#8154,1.);
#1617=VECTOR('',#8155,1.);
#1618=VECTOR('',#8158,1.);
#1619=VECTOR('',#8159,1.);
#1620=VECTOR('',#8160,1.);
#1621=VECTOR('',#8161,1.);
#1622=VECTOR('',#8162,1.);
#1623=VECTOR('',#8163,1.);
#1624=VECTOR('',#8164,1.);
#1625=VECTOR('',#8165,1.);
#1626=VECTOR('',#8168,1.);
#1627=VECTOR('',#8169,1.);
#1628=VECTOR('',#8170,1.);
#1629=VECTOR('',#8171,1.);
#1630=VECTOR('',#8176,1.);
#1631=VECTOR('',#8181,1.);
#1632=VECTOR('',#8182,1.);
#1633=VECTOR('',#8183,1.);
#1634=VECTOR('',#8184,1.);
#1635=VECTOR('',#8187,1.);
#1636=VECTOR('',#8188,1.);
#1637=VECTOR('',#8189,1.);
#1638=VECTOR('',#8190,1.);
#1639=VECTOR('',#8193,1.);
#1640=VECTOR('',#8194,1.);
#1641=VECTOR('',#8195,1.);
#1642=VECTOR('',#8196,1.);
#1643=VECTOR('',#8199,1.);
#1644=VECTOR('',#8200,1.);
#1645=VECTOR('',#8201,1.);
#1646=VECTOR('',#8202,1.);
#1647=VECTOR('',#8205,1.);
#1648=VECTOR('',#8206,1.);
#1649=VECTOR('',#8207,1.);
#1650=VECTOR('',#8208,1.);
#1651=VECTOR('',#8211,1.);
#1652=VECTOR('',#8212,1.);
#1653=VECTOR('',#8213,1.);
#1654=VECTOR('',#8218,1.);
#1655=VECTOR('',#8221,1.);
#1656=VECTOR('',#8222,1.);
#1657=VECTOR('',#8227,1.);
#1658=VECTOR('',#8230,1.);
#1659=VECTOR('',#8231,1.);
#1660=VECTOR('',#8232,1.);
#1661=VECTOR('',#8233,1.);
#1662=VECTOR('',#8236,1.);
#1663=VECTOR('',#8245,1.);
#1664=VECTOR('',#8246,1.);
#1665=VECTOR('',#8247,1.);
#1666=VECTOR('',#8250,1.);
#1667=VECTOR('',#8253,1.);
#1668=VECTOR('',#8266,1.);
#1669=VECTOR('',#8267,1.);
#1670=VECTOR('',#8270,1.);
#1671=VECTOR('',#8271,1.);
#1672=VECTOR('',#8274,1.);
#1673=VECTOR('',#8345,1.);
#1674=VECTOR('',#8346,1.);
#1675=VECTOR('',#8347,1.);
#1676=VECTOR('',#8348,1.);
#1677=VECTOR('',#8351,1.);
#1678=VECTOR('',#8352,1.);
#1679=VECTOR('',#8353,1.);
#1680=VECTOR('',#8354,1.);
#1681=VECTOR('',#8357,1.);
#1682=VECTOR('',#8358,1.);
#1683=VECTOR('',#8359,1.);
#1684=VECTOR('',#8360,1.);
#1685=VECTOR('',#8361,1.);
#1686=VECTOR('',#8362,1.);
#1687=VECTOR('',#8363,1.);
#1688=VECTOR('',#8364,1.);
#1689=VECTOR('',#8367,1.);
#1690=VECTOR('',#8368,1.);
#1691=VECTOR('',#8369,1.);
#1692=VECTOR('',#8370,1.);
#1693=VECTOR('',#8371,1.);
#1694=VECTOR('',#8372,1.);
#1695=VECTOR('',#8373,1.);
#1696=VECTOR('',#8374,1.);
#1697=VECTOR('',#8377,1.);
#1698=VECTOR('',#8378,1.);
#1699=VECTOR('',#8379,1.);
#1700=VECTOR('',#8380,1.);
#1701=VECTOR('',#8381,1.);
#1702=VECTOR('',#8382,1.);
#1703=VECTOR('',#8383,1.);
#1704=VECTOR('',#8384,1.);
#1705=VECTOR('',#8389,1.);
#1706=VECTOR('',#8390,1.);
#1707=VECTOR('',#8391,1.);
#1708=VECTOR('',#8392,1.);
#1709=VECTOR('',#8393,1.);
#1710=VECTOR('',#8394,1.);
#1711=VECTOR('',#8395,1.);
#1712=VECTOR('',#8396,1.);
#1713=VECTOR('',#8397,1.);
#1714=VECTOR('',#8398,1.);
#1715=VECTOR('',#8399,1.);
#1716=VECTOR('',#8400,1.);
#1717=VECTOR('',#8401,1.);
#1718=VECTOR('',#8402,1.);
#1719=VECTOR('',#8405,1.);
#1720=VECTOR('',#8408,1.);
#1721=VECTOR('',#8409,1.);
#1722=VECTOR('',#8410,1.);
#1723=VECTOR('',#8411,1.);
#1724=VECTOR('',#8416,1.);
#1725=VECTOR('',#8417,1.);
#1726=VECTOR('',#8418,1.);
#1727=VECTOR('',#8423,1.);
#1728=VECTOR('',#8424,1.);
#1729=VECTOR('',#8427,1.);
#1730=VECTOR('',#8428,1.);
#1731=VECTOR('',#8429,1.);
#1732=VECTOR('',#8430,1.);
#1733=VECTOR('',#8431,1.);
#1734=VECTOR('',#8436,1.);
#1735=VECTOR('',#8437,1.);
#1736=VECTOR('',#8438,1.);
#1737=VECTOR('',#8441,1.);
#1738=VECTOR('',#8442,1.);
#1739=VECTOR('',#8443,1.);
#1740=VECTOR('',#8446,1.);
#1741=VECTOR('',#8447,1.);
#1742=VECTOR('',#8448,1.);
#1743=VECTOR('',#8449,1.);
#1744=VECTOR('',#8450,1.);
#1745=VECTOR('',#8453,1.);
#1746=VECTOR('',#8454,1.);
#1747=VECTOR('',#8455,1.);
#1748=VECTOR('',#8456,1.);
#1749=VECTOR('',#8461,1.);
#1750=VECTOR('',#8462,1.);
#1751=VECTOR('',#8465,1.);
#1752=VECTOR('',#8466,1.);
#1753=VECTOR('',#8467,1.);
#1754=VECTOR('',#8468,1.);
#1755=VECTOR('',#8473,1.);
#1756=VECTOR('',#8474,1.);
#1757=VECTOR('',#8475,1.);
#1758=VECTOR('',#8480,1.);
#1759=VECTOR('',#8481,1.);
#1760=VECTOR('',#8484,1.);
#1761=VECTOR('',#8485,1.);
#1762=VECTOR('',#8486,1.);
#1763=VECTOR('',#8487,1.);
#1764=VECTOR('',#8488,1.);
#1765=VECTOR('',#8489,1.);
#1766=VECTOR('',#8490,1.);
#1767=VECTOR('',#8491,1.);
#1768=VECTOR('',#8508,1.);
#1769=VECTOR('',#8511,1.);
#1770=VECTOR('',#8516,1.);
#1771=VECTOR('',#8519,1.);
#1772=VECTOR('',#8522,1.);
#1773=VECTOR('',#8523,1.);
#1774=VECTOR('',#8524,1.);
#1775=VECTOR('',#8527,1.);
#1776=VECTOR('',#8528,1.);
#1777=VECTOR('',#8531,1.);
#1778=VECTOR('',#8532,1.);
#1779=VECTOR('',#8541,1.);
#1780=VECTOR('',#8542,1.);
#1781=VECTOR('',#8545,1.);
#1782=VECTOR('',#8550,1.);
#1783=VECTOR('',#8551,1.);
#1784=VECTOR('',#8554,1.);
#1785=VECTOR('',#8559,1.);
#1786=VECTOR('',#8560,1.);
#1787=VECTOR('',#8563,1.);
#1788=VECTOR('',#8568,1.);
#1789=VECTOR('',#8569,1.);
#1790=VECTOR('',#8572,1.);
#1791=VECTOR('',#8581,1.);
#1792=VECTOR('',#8584,1.);
#1793=VECTOR('',#8589,1.);
#1794=VECTOR('',#8592,1.);
#1795=VECTOR('',#8595,1.);
#1796=VECTOR('',#8596,1.);
#1797=VECTOR('',#8597,1.);
#1798=VECTOR('',#8598,1.);
#1799=VECTOR('',#8603,1.);
#1800=VECTOR('',#8604,1.);
#1801=VECTOR('',#8605,1.);
#1802=VECTOR('',#8608,1.);
#1803=VECTOR('',#8615,1.);
#1804=VECTOR('',#8618,1.);
#1805=VECTOR('',#8619,1.);
#1806=VECTOR('',#8620,1.);
#1807=VECTOR('',#8623,1.);
#1808=VECTOR('',#8626,1.);
#1809=VECTOR('',#8627,1.);
#1810=VECTOR('',#8628,1.);
#1811=VECTOR('',#8629,1.);
#1812=VECTOR('',#8634,1.);
#1813=VECTOR('',#8635,1.);
#1814=VECTOR('',#8636,1.);
#1815=VECTOR('',#8637,1.);
#1816=VECTOR('',#8644,1.);
#1817=VECTOR('',#8647,1.);
#1818=VECTOR('',#8648,1.);
#1819=VECTOR('',#8649,1.);
#1820=VECTOR('',#8652,1.);
#1821=VECTOR('',#8653,1.);
#1822=VECTOR('',#8654,1.);
#1823=VECTOR('',#8659,1.);
#1824=VECTOR('',#8660,1.);
#1825=VECTOR('',#8663,1.);
#1826=VECTOR('',#8666,1.);
#1827=VECTOR('',#8667,1.);
#1828=VECTOR('',#8670,1.);
#1829=VECTOR('',#8673,1.);
#1830=VECTOR('',#8676,1.);
#1831=VECTOR('',#8677,1.);
#1832=VECTOR('',#8678,1.);
#1833=VECTOR('',#8681,1.);
#1834=VECTOR('',#8682,1.);
#1835=VECTOR('',#8683,1.);
#1836=VECTOR('',#8684,1.);
#1837=VECTOR('',#8685,1.);
#1838=VECTOR('',#8688,1.);
#1839=VECTOR('',#8689,1.);
#1840=VECTOR('',#8690,1.);
#1841=VECTOR('',#8691,1.);
#1842=VECTOR('',#8694,1.);
#1843=VECTOR('',#8695,1.);
#1844=VECTOR('',#8696,1.);
#1845=VECTOR('',#8699,1.);
#1846=VECTOR('',#8700,1.);
#1847=VECTOR('',#8707,1.);
#1848=VECTOR('',#8712,1.);
#1849=VECTOR('',#8721,1.);
#1850=VECTOR('',#8722,1.);
#1851=VECTOR('',#8725,1.);
#1852=VECTOR('',#8726,1.);
#1853=VECTOR('',#8729,1.);
#1854=VECTOR('',#8730,1.);
#1855=VECTOR('',#8731,1.);
#1856=VECTOR('',#8734,1.);
#1857=VECTOR('',#8735,1.);
#1858=VECTOR('',#8736,1.);
#1859=VECTOR('',#8741,1.);
#1860=VECTOR('',#8742,1.);
#1861=VECTOR('',#8743,1.);
#1862=VECTOR('',#8750,1.);
#1863=VECTOR('',#8755,1.);
#1864=VECTOR('',#8756,1.);
#1865=VECTOR('',#8757,1.);
#1866=VECTOR('',#8758,1.);
#1867=VECTOR('',#8763,1.);
#1868=VECTOR('',#8764,1.);
#1869=VECTOR('',#8765,1.);
#1870=VECTOR('',#8768,1.);
#1871=VECTOR('',#8769,1.);
#1872=VECTOR('',#8772,1.);
#1873=VECTOR('',#8773,1.);
#1874=VECTOR('',#8776,1.);
#1875=VECTOR('',#8777,1.);
#1876=VECTOR('',#8782,1.);
#1877=ORIENTED_EDGE('',*,*,#3697,.T.);
#1878=ORIENTED_EDGE('',*,*,#3698,.T.);
#1879=ORIENTED_EDGE('',*,*,#3699,.F.);
#1880=ORIENTED_EDGE('',*,*,#3700,.F.);
#1881=ORIENTED_EDGE('',*,*,#3701,.T.);
#1882=ORIENTED_EDGE('',*,*,#3702,.T.);
#1883=ORIENTED_EDGE('',*,*,#3703,.F.);
#1884=ORIENTED_EDGE('',*,*,#3704,.F.);
#1885=ORIENTED_EDGE('',*,*,#3705,.T.);
#1886=ORIENTED_EDGE('',*,*,#3706,.T.);
#1887=ORIENTED_EDGE('',*,*,#3707,.T.);
#1888=ORIENTED_EDGE('',*,*,#3708,.F.);
#1889=ORIENTED_EDGE('',*,*,#3699,.T.);
#1890=ORIENTED_EDGE('',*,*,#3709,.T.);
#1891=ORIENTED_EDGE('',*,*,#3705,.F.);
#1892=ORIENTED_EDGE('',*,*,#3710,.F.);
#1893=ORIENTED_EDGE('',*,*,#3711,.F.);
#1894=ORIENTED_EDGE('',*,*,#3712,.T.);
#1895=ORIENTED_EDGE('',*,*,#3713,.T.);
#1896=ORIENTED_EDGE('',*,*,#3714,.T.);
#1897=ORIENTED_EDGE('',*,*,#3707,.F.);
#1898=ORIENTED_EDGE('',*,*,#3715,.T.);
#1899=ORIENTED_EDGE('',*,*,#3716,.T.);
#1900=ORIENTED_EDGE('',*,*,#3717,.T.);
#1901=ORIENTED_EDGE('',*,*,#3718,.T.);
#1902=ORIENTED_EDGE('',*,*,#3719,.F.);
#1903=ORIENTED_EDGE('',*,*,#3720,.F.);
#1904=ORIENTED_EDGE('',*,*,#3721,.T.);
#1905=ORIENTED_EDGE('',*,*,#3722,.F.);
#1906=ORIENTED_EDGE('',*,*,#3723,.T.);
#1907=ORIENTED_EDGE('',*,*,#3724,.T.);
#1908=ORIENTED_EDGE('',*,*,#3700,.T.);
#1909=ORIENTED_EDGE('',*,*,#3714,.F.);
#1910=ORIENTED_EDGE('',*,*,#3725,.T.);
#1911=ORIENTED_EDGE('',*,*,#3717,.F.);
#1912=ORIENTED_EDGE('',*,*,#3726,.T.);
#1913=ORIENTED_EDGE('',*,*,#3727,.F.);
#1914=ORIENTED_EDGE('',*,*,#3728,.T.);
#1915=ORIENTED_EDGE('',*,*,#3729,.T.);
#1916=ORIENTED_EDGE('',*,*,#3730,.T.);
#1917=ORIENTED_EDGE('',*,*,#3731,.T.);
#1918=ORIENTED_EDGE('',*,*,#3732,.F.);
#1919=ORIENTED_EDGE('',*,*,#3731,.F.);
#1920=ORIENTED_EDGE('',*,*,#3733,.T.);
#1921=ORIENTED_EDGE('',*,*,#3734,.T.);
#1922=ORIENTED_EDGE('',*,*,#3735,.T.);
#1923=ORIENTED_EDGE('',*,*,#3736,.T.);
#1924=ORIENTED_EDGE('',*,*,#3737,.F.);
#1925=ORIENTED_EDGE('',*,*,#3738,.F.);
#1926=ORIENTED_EDGE('',*,*,#3739,.T.);
#1927=ORIENTED_EDGE('',*,*,#3737,.T.);
#1928=ORIENTED_EDGE('',*,*,#3740,.T.);
#1929=ORIENTED_EDGE('',*,*,#3741,.F.);
#1930=ORIENTED_EDGE('',*,*,#3742,.F.);
#1931=ORIENTED_EDGE('',*,*,#3703,.T.);
#1932=ORIENTED_EDGE('',*,*,#3743,.T.);
#1933=ORIENTED_EDGE('',*,*,#3729,.F.);
#1934=ORIENTED_EDGE('',*,*,#3744,.F.);
#1935=ORIENTED_EDGE('',*,*,#3745,.F.);
#1936=ORIENTED_EDGE('',*,*,#3741,.T.);
#1937=ORIENTED_EDGE('',*,*,#3746,.T.);
#1938=ORIENTED_EDGE('',*,*,#3747,.T.);
#1939=ORIENTED_EDGE('',*,*,#3719,.T.);
#1940=ORIENTED_EDGE('',*,*,#3748,.T.);
#1941=ORIENTED_EDGE('',*,*,#3712,.F.);
#1942=ORIENTED_EDGE('',*,*,#3749,.F.);
#1943=ORIENTED_EDGE('',*,*,#3750,.F.);
#1944=ORIENTED_EDGE('',*,*,#3751,.T.);
#1945=ORIENTED_EDGE('',*,*,#3752,.T.);
#1946=ORIENTED_EDGE('',*,*,#3753,.T.);
#1947=ORIENTED_EDGE('',*,*,#3754,.T.);
#1948=ORIENTED_EDGE('',*,*,#3704,.T.);
#1949=ORIENTED_EDGE('',*,*,#3747,.F.);
#1950=ORIENTED_EDGE('',*,*,#3755,.T.);
#1951=ORIENTED_EDGE('',*,*,#3735,.F.);
#1952=ORIENTED_EDGE('',*,*,#3756,.T.);
#1953=ORIENTED_EDGE('',*,*,#3757,.F.);
#1954=ORIENTED_EDGE('',*,*,#3758,.T.);
#1955=ORIENTED_EDGE('',*,*,#3759,.F.);
#1956=ORIENTED_EDGE('',*,*,#3710,.T.);
#1957=ORIENTED_EDGE('',*,*,#3708,.T.);
#1958=ORIENTED_EDGE('',*,*,#3721,.F.);
#1959=ORIENTED_EDGE('',*,*,#3760,.F.);
#1960=ORIENTED_EDGE('',*,*,#3761,.T.);
#1961=ORIENTED_EDGE('',*,*,#3749,.T.);
#1962=ORIENTED_EDGE('',*,*,#3711,.T.);
#1963=ORIENTED_EDGE('',*,*,#3759,.T.);
#1964=ORIENTED_EDGE('',*,*,#3762,.T.);
#1965=ORIENTED_EDGE('',*,*,#3763,.T.);
#1966=ORIENTED_EDGE('',*,*,#3738,.T.);
#1967=ORIENTED_EDGE('',*,*,#3742,.T.);
#1968=ORIENTED_EDGE('',*,*,#3745,.T.);
#1969=ORIENTED_EDGE('',*,*,#3764,.T.);
#1970=ORIENTED_EDGE('',*,*,#3765,.T.);
#1971=ORIENTED_EDGE('',*,*,#3760,.T.);
#1972=ORIENTED_EDGE('',*,*,#3720,.T.);
#1973=ORIENTED_EDGE('',*,*,#3763,.F.);
#1974=ORIENTED_EDGE('',*,*,#3766,.T.);
#1975=ORIENTED_EDGE('',*,*,#3767,.F.);
#1976=ORIENTED_EDGE('',*,*,#3768,.T.);
#1977=ORIENTED_EDGE('',*,*,#3764,.F.);
#1978=ORIENTED_EDGE('',*,*,#3744,.T.);
#1979=ORIENTED_EDGE('',*,*,#3732,.T.);
#1980=ORIENTED_EDGE('',*,*,#3739,.F.);
#1981=ORIENTED_EDGE('',*,*,#3769,.F.);
#1982=ORIENTED_EDGE('',*,*,#3757,.T.);
#1983=ORIENTED_EDGE('',*,*,#3770,.F.);
#1984=ORIENTED_EDGE('',*,*,#3767,.T.);
#1985=ORIENTED_EDGE('',*,*,#3758,.F.);
#1986=ORIENTED_EDGE('',*,*,#3769,.T.);
#1987=ORIENTED_EDGE('',*,*,#3766,.F.);
#1988=ORIENTED_EDGE('',*,*,#3762,.F.);
#1989=ORIENTED_EDGE('',*,*,#3761,.F.);
#1990=ORIENTED_EDGE('',*,*,#3765,.F.);
#1991=ORIENTED_EDGE('',*,*,#3768,.F.);
#1992=ORIENTED_EDGE('',*,*,#3770,.T.);
#1993=ORIENTED_EDGE('',*,*,#3734,.F.);
#1994=ORIENTED_EDGE('',*,*,#3771,.T.);
#1995=ORIENTED_EDGE('',*,*,#3772,.F.);
#1996=ORIENTED_EDGE('',*,*,#3756,.F.);
#1997=ORIENTED_EDGE('',*,*,#3716,.F.);
#1998=ORIENTED_EDGE('',*,*,#3773,.T.);
#1999=ORIENTED_EDGE('',*,*,#3774,.F.);
#2000=ORIENTED_EDGE('',*,*,#3726,.F.);
#2001=ORIENTED_EDGE('',*,*,#3736,.F.);
#2002=ORIENTED_EDGE('',*,*,#3755,.F.);
#2003=ORIENTED_EDGE('',*,*,#3746,.F.);
#2004=ORIENTED_EDGE('',*,*,#3740,.F.);
#2005=ORIENTED_EDGE('',*,*,#3718,.F.);
#2006=ORIENTED_EDGE('',*,*,#3725,.F.);
#2007=ORIENTED_EDGE('',*,*,#3713,.F.);
#2008=ORIENTED_EDGE('',*,*,#3748,.F.);
#2009=ORIENTED_EDGE('',*,*,#3775,.F.);
#2010=ORIENTED_EDGE('',*,*,#3776,.T.);
#2011=ORIENTED_EDGE('',*,*,#3750,.T.);
#2012=ORIENTED_EDGE('',*,*,#3772,.T.);
#2013=ORIENTED_EDGE('',*,*,#3777,.T.);
#2014=ORIENTED_EDGE('',*,*,#3778,.T.);
#2015=ORIENTED_EDGE('',*,*,#3779,.T.);
#2016=ORIENTED_EDGE('',*,*,#3778,.F.);
#2017=ORIENTED_EDGE('',*,*,#3780,.T.);
#2018=ORIENTED_EDGE('',*,*,#3781,.T.);
#2019=ORIENTED_EDGE('',*,*,#3782,.T.);
#2020=ORIENTED_EDGE('',*,*,#3754,.F.);
#2021=ORIENTED_EDGE('',*,*,#3783,.T.);
#2022=ORIENTED_EDGE('',*,*,#3784,.T.);
#2023=ORIENTED_EDGE('',*,*,#3785,.T.);
#2024=ORIENTED_EDGE('',*,*,#3781,.F.);
#2025=ORIENTED_EDGE('',*,*,#3786,.T.);
#2026=ORIENTED_EDGE('',*,*,#3701,.F.);
#2027=ORIENTED_EDGE('',*,*,#3787,.T.);
#2028=ORIENTED_EDGE('',*,*,#3788,.T.);
#2029=ORIENTED_EDGE('',*,*,#3752,.F.);
#2030=ORIENTED_EDGE('',*,*,#3789,.T.);
#2031=ORIENTED_EDGE('',*,*,#3784,.F.);
#2032=ORIENTED_EDGE('',*,*,#3790,.T.);
#2033=ORIENTED_EDGE('',*,*,#3787,.F.);
#2034=ORIENTED_EDGE('',*,*,#3791,.T.);
#2035=ORIENTED_EDGE('',*,*,#3775,.T.);
#2036=ORIENTED_EDGE('',*,*,#3792,.T.);
#2037=ORIENTED_EDGE('',*,*,#3785,.F.);
#2038=ORIENTED_EDGE('',*,*,#3792,.F.);
#2039=ORIENTED_EDGE('',*,*,#3779,.F.);
#2040=ORIENTED_EDGE('',*,*,#3782,.F.);
#2041=ORIENTED_EDGE('',*,*,#3724,.F.);
#2042=ORIENTED_EDGE('',*,*,#3793,.T.);
#2043=ORIENTED_EDGE('',*,*,#3794,.T.);
#2044=ORIENTED_EDGE('',*,*,#3795,.T.);
#2045=ORIENTED_EDGE('',*,*,#3796,.T.);
#2046=ORIENTED_EDGE('',*,*,#3797,.T.);
#2047=ORIENTED_EDGE('',*,*,#3697,.F.);
#2048=ORIENTED_EDGE('',*,*,#3722,.T.);
#2049=ORIENTED_EDGE('',*,*,#3798,.T.);
#2050=ORIENTED_EDGE('',*,*,#3799,.F.);
#2051=ORIENTED_EDGE('',*,*,#3800,.T.);
#2052=ORIENTED_EDGE('',*,*,#3801,.F.);
#2053=ORIENTED_EDGE('',*,*,#3802,.T.);
#2054=ORIENTED_EDGE('',*,*,#3727,.T.);
#2055=ORIENTED_EDGE('',*,*,#3774,.T.);
#2056=ORIENTED_EDGE('',*,*,#3803,.T.);
#2057=ORIENTED_EDGE('',*,*,#3804,.F.);
#2058=ORIENTED_EDGE('',*,*,#3805,.T.);
#2059=ORIENTED_EDGE('',*,*,#3804,.T.);
#2060=ORIENTED_EDGE('',*,*,#3806,.T.);
#2061=ORIENTED_EDGE('',*,*,#3796,.F.);
#2062=ORIENTED_EDGE('',*,*,#3807,.T.);
#2063=ORIENTED_EDGE('',*,*,#3799,.T.);
#2064=ORIENTED_EDGE('',*,*,#3808,.T.);
#2065=ORIENTED_EDGE('',*,*,#3801,.T.);
#2066=ORIENTED_EDGE('',*,*,#3809,.T.);
#2067=ORIENTED_EDGE('',*,*,#3794,.F.);
#2068=ORIENTED_EDGE('',*,*,#3810,.T.);
#2069=ORIENTED_EDGE('',*,*,#3805,.F.);
#2070=ORIENTED_EDGE('',*,*,#3807,.F.);
#2071=ORIENTED_EDGE('',*,*,#3795,.F.);
#2072=ORIENTED_EDGE('',*,*,#3809,.F.);
#2073=ORIENTED_EDGE('',*,*,#3786,.F.);
#2074=ORIENTED_EDGE('',*,*,#3780,.F.);
#2075=ORIENTED_EDGE('',*,*,#3777,.F.);
#2076=ORIENTED_EDGE('',*,*,#3771,.F.);
#2077=ORIENTED_EDGE('',*,*,#3733,.F.);
#2078=ORIENTED_EDGE('',*,*,#3730,.F.);
#2079=ORIENTED_EDGE('',*,*,#3743,.F.);
#2080=ORIENTED_EDGE('',*,*,#3702,.F.);
#2081=ORIENTED_EDGE('',*,*,#3715,.F.);
#2082=ORIENTED_EDGE('',*,*,#3706,.F.);
#2083=ORIENTED_EDGE('',*,*,#3709,.F.);
#2084=ORIENTED_EDGE('',*,*,#3698,.F.);
#2085=ORIENTED_EDGE('',*,*,#3797,.F.);
#2086=ORIENTED_EDGE('',*,*,#3806,.F.);
#2087=ORIENTED_EDGE('',*,*,#3803,.F.);
#2088=ORIENTED_EDGE('',*,*,#3773,.F.);
#2089=ORIENTED_EDGE('',*,*,#3808,.F.);
#2090=ORIENTED_EDGE('',*,*,#3798,.F.);
#2091=ORIENTED_EDGE('',*,*,#3728,.F.);
#2092=ORIENTED_EDGE('',*,*,#3802,.F.);
#2093=ORIENTED_EDGE('',*,*,#3790,.F.);
#2094=ORIENTED_EDGE('',*,*,#3783,.F.);
#2095=ORIENTED_EDGE('',*,*,#3753,.F.);
#2096=ORIENTED_EDGE('',*,*,#3788,.F.);
#2097=ORIENTED_EDGE('',*,*,#3791,.F.);
#2098=ORIENTED_EDGE('',*,*,#3789,.F.);
#2099=ORIENTED_EDGE('',*,*,#3751,.F.);
#2100=ORIENTED_EDGE('',*,*,#3776,.F.);
#2101=ORIENTED_EDGE('',*,*,#3810,.F.);
#2102=ORIENTED_EDGE('',*,*,#3793,.F.);
#2103=ORIENTED_EDGE('',*,*,#3723,.F.);
#2104=ORIENTED_EDGE('',*,*,#3800,.F.);
#2105=ORIENTED_EDGE('',*,*,#3811,.T.);
#2106=ORIENTED_EDGE('',*,*,#3812,.T.);
#2107=ORIENTED_EDGE('',*,*,#3813,.T.);
#2108=ORIENTED_EDGE('',*,*,#3814,.T.);
#2109=ORIENTED_EDGE('',*,*,#3815,.T.);
#2110=ORIENTED_EDGE('',*,*,#3816,.T.);
#2111=ORIENTED_EDGE('',*,*,#3817,.T.);
#2112=ORIENTED_EDGE('',*,*,#3818,.T.);
#2113=ORIENTED_EDGE('',*,*,#3819,.F.);
#2114=ORIENTED_EDGE('',*,*,#3820,.T.);
#2115=ORIENTED_EDGE('',*,*,#3821,.T.);
#2116=ORIENTED_EDGE('',*,*,#3822,.T.);
#2117=ORIENTED_EDGE('',*,*,#3823,.T.);
#2118=ORIENTED_EDGE('',*,*,#3824,.F.);
#2119=ORIENTED_EDGE('',*,*,#3825,.F.);
#2120=ORIENTED_EDGE('',*,*,#3826,.T.);
#2121=ORIENTED_EDGE('',*,*,#3827,.T.);
#2122=ORIENTED_EDGE('',*,*,#3828,.F.);
#2123=ORIENTED_EDGE('',*,*,#3829,.F.);
#2124=ORIENTED_EDGE('',*,*,#3824,.T.);
#2125=ORIENTED_EDGE('',*,*,#3830,.T.);
#2126=ORIENTED_EDGE('',*,*,#3831,.F.);
#2127=ORIENTED_EDGE('',*,*,#3832,.F.);
#2128=ORIENTED_EDGE('',*,*,#3828,.T.);
#2129=ORIENTED_EDGE('',*,*,#3833,.T.);
#2130=ORIENTED_EDGE('',*,*,#3826,.F.);
#2131=ORIENTED_EDGE('',*,*,#3834,.F.);
#2132=ORIENTED_EDGE('',*,*,#3831,.T.);
#2133=ORIENTED_EDGE('',*,*,#3835,.F.);
#2134=ORIENTED_EDGE('',*,*,#3836,.F.);
#2135=ORIENTED_EDGE('',*,*,#3837,.F.);
#2136=ORIENTED_EDGE('',*,*,#3838,.T.);
#2137=ORIENTED_EDGE('',*,*,#3839,.T.);
#2138=ORIENTED_EDGE('',*,*,#3822,.F.);
#2139=ORIENTED_EDGE('',*,*,#3840,.T.);
#2140=ORIENTED_EDGE('',*,*,#3841,.F.);
#2141=ORIENTED_EDGE('',*,*,#3842,.T.);
#2142=ORIENTED_EDGE('',*,*,#3843,.F.);
#2143=ORIENTED_EDGE('',*,*,#3844,.F.);
#2144=ORIENTED_EDGE('',*,*,#3845,.F.);
#2145=ORIENTED_EDGE('',*,*,#3846,.F.);
#2146=ORIENTED_EDGE('',*,*,#3847,.F.);
#2147=ORIENTED_EDGE('',*,*,#3848,.F.);
#2148=ORIENTED_EDGE('',*,*,#3849,.F.);
#2149=ORIENTED_EDGE('',*,*,#3850,.T.);
#2150=ORIENTED_EDGE('',*,*,#3851,.F.);
#2151=ORIENTED_EDGE('',*,*,#3852,.T.);
#2152=ORIENTED_EDGE('',*,*,#3853,.F.);
#2153=ORIENTED_EDGE('',*,*,#3854,.T.);
#2154=ORIENTED_EDGE('',*,*,#3813,.F.);
#2155=ORIENTED_EDGE('',*,*,#3855,.F.);
#2156=ORIENTED_EDGE('',*,*,#3856,.T.);
#2157=ORIENTED_EDGE('',*,*,#3825,.T.);
#2158=ORIENTED_EDGE('',*,*,#3829,.T.);
#2159=ORIENTED_EDGE('',*,*,#3832,.T.);
#2160=ORIENTED_EDGE('',*,*,#3834,.T.);
#2161=ORIENTED_EDGE('',*,*,#3823,.F.);
#2162=ORIENTED_EDGE('',*,*,#3833,.F.);
#2163=ORIENTED_EDGE('',*,*,#3830,.F.);
#2164=ORIENTED_EDGE('',*,*,#3827,.F.);
#2165=ORIENTED_EDGE('',*,*,#3835,.T.);
#2166=ORIENTED_EDGE('',*,*,#3857,.T.);
#2167=ORIENTED_EDGE('',*,*,#3858,.T.);
#2168=ORIENTED_EDGE('',*,*,#3816,.F.);
#2169=ORIENTED_EDGE('',*,*,#3859,.T.);
#2170=ORIENTED_EDGE('',*,*,#3860,.F.);
#2171=ORIENTED_EDGE('',*,*,#3861,.T.);
#2172=ORIENTED_EDGE('',*,*,#3862,.T.);
#2173=ORIENTED_EDGE('',*,*,#3863,.T.);
#2174=ORIENTED_EDGE('',*,*,#3853,.T.);
#2175=ORIENTED_EDGE('',*,*,#3864,.T.);
#2176=ORIENTED_EDGE('',*,*,#3851,.T.);
#2177=ORIENTED_EDGE('',*,*,#3865,.F.);
#2178=ORIENTED_EDGE('',*,*,#3866,.F.);
#2179=ORIENTED_EDGE('',*,*,#3867,.F.);
#2180=ORIENTED_EDGE('',*,*,#3868,.T.);
#2181=ORIENTED_EDGE('',*,*,#3869,.T.);
#2182=ORIENTED_EDGE('',*,*,#3848,.T.);
#2183=ORIENTED_EDGE('',*,*,#3870,.F.);
#2184=ORIENTED_EDGE('',*,*,#3871,.F.);
#2185=ORIENTED_EDGE('',*,*,#3872,.T.);
#2186=ORIENTED_EDGE('',*,*,#3867,.T.);
#2187=ORIENTED_EDGE('',*,*,#3873,.F.);
#2188=ORIENTED_EDGE('',*,*,#3874,.F.);
#2189=ORIENTED_EDGE('',*,*,#3847,.T.);
#2190=ORIENTED_EDGE('',*,*,#3875,.F.);
#2191=ORIENTED_EDGE('',*,*,#3876,.F.);
#2192=ORIENTED_EDGE('',*,*,#3870,.T.);
#2193=ORIENTED_EDGE('',*,*,#3846,.T.);
#2194=ORIENTED_EDGE('',*,*,#3877,.F.);
#2195=ORIENTED_EDGE('',*,*,#3878,.T.);
#2196=ORIENTED_EDGE('',*,*,#3879,.F.);
#2197=ORIENTED_EDGE('',*,*,#3880,.T.);
#2198=ORIENTED_EDGE('',*,*,#3881,.F.);
#2199=ORIENTED_EDGE('',*,*,#3875,.T.);
#2200=ORIENTED_EDGE('',*,*,#3879,.T.);
#2201=ORIENTED_EDGE('',*,*,#3882,.F.);
#2202=ORIENTED_EDGE('',*,*,#3883,.F.);
#2203=ORIENTED_EDGE('',*,*,#3843,.T.);
#2204=ORIENTED_EDGE('',*,*,#3884,.T.);
#2205=ORIENTED_EDGE('',*,*,#3885,.T.);
#2206=ORIENTED_EDGE('',*,*,#3841,.T.);
#2207=ORIENTED_EDGE('',*,*,#3886,.T.);
#2208=ORIENTED_EDGE('',*,*,#3887,.T.);
#2209=ORIENTED_EDGE('',*,*,#3888,.T.);
#2210=ORIENTED_EDGE('',*,*,#3837,.T.);
#2211=ORIENTED_EDGE('',*,*,#3889,.F.);
#2212=ORIENTED_EDGE('',*,*,#3890,.F.);
#2213=ORIENTED_EDGE('',*,*,#3891,.T.);
#2214=ORIENTED_EDGE('',*,*,#3819,.T.);
#2215=ORIENTED_EDGE('',*,*,#3892,.F.);
#2216=ORIENTED_EDGE('',*,*,#3893,.T.);
#2217=ORIENTED_EDGE('',*,*,#3836,.T.);
#2218=ORIENTED_EDGE('',*,*,#3861,.F.);
#2219=ORIENTED_EDGE('',*,*,#3894,.F.);
#2220=ORIENTED_EDGE('',*,*,#3889,.T.);
#2221=ORIENTED_EDGE('',*,*,#3860,.T.);
#2222=ORIENTED_EDGE('',*,*,#3895,.T.);
#2223=ORIENTED_EDGE('',*,*,#3896,.T.);
#2224=ORIENTED_EDGE('',*,*,#3897,.T.);
#2225=ORIENTED_EDGE('',*,*,#3871,.T.);
#2226=ORIENTED_EDGE('',*,*,#3876,.T.);
#2227=ORIENTED_EDGE('',*,*,#3881,.T.);
#2228=ORIENTED_EDGE('',*,*,#3898,.T.);
#2229=ORIENTED_EDGE('',*,*,#3899,.T.);
#2230=ORIENTED_EDGE('',*,*,#3900,.T.);
#2231=ORIENTED_EDGE('',*,*,#3890,.T.);
#2232=ORIENTED_EDGE('',*,*,#3894,.T.);
#2233=ORIENTED_EDGE('',*,*,#3872,.F.);
#2234=ORIENTED_EDGE('',*,*,#3897,.F.);
#2235=ORIENTED_EDGE('',*,*,#3901,.F.);
#2236=ORIENTED_EDGE('',*,*,#3868,.F.);
#2237=ORIENTED_EDGE('',*,*,#3852,.F.);
#2238=ORIENTED_EDGE('',*,*,#3869,.F.);
#2239=ORIENTED_EDGE('',*,*,#3902,.F.);
#2240=ORIENTED_EDGE('',*,*,#3864,.F.);
#2241=ORIENTED_EDGE('',*,*,#3902,.T.);
#2242=ORIENTED_EDGE('',*,*,#3901,.T.);
#2243=ORIENTED_EDGE('',*,*,#3903,.F.);
#2244=ORIENTED_EDGE('',*,*,#3903,.T.);
#2245=ORIENTED_EDGE('',*,*,#3896,.F.);
#2246=ORIENTED_EDGE('',*,*,#3904,.F.);
#2247=ORIENTED_EDGE('',*,*,#3862,.F.);
#2248=ORIENTED_EDGE('',*,*,#3854,.F.);
#2249=ORIENTED_EDGE('',*,*,#3863,.F.);
#2250=ORIENTED_EDGE('',*,*,#3905,.F.);
#2251=ORIENTED_EDGE('',*,*,#3814,.F.);
#2252=ORIENTED_EDGE('',*,*,#3905,.T.);
#2253=ORIENTED_EDGE('',*,*,#3904,.T.);
#2254=ORIENTED_EDGE('',*,*,#3906,.F.);
#2255=ORIENTED_EDGE('',*,*,#3859,.F.);
#2256=ORIENTED_EDGE('',*,*,#3815,.F.);
#2257=ORIENTED_EDGE('',*,*,#3906,.T.);
#2258=ORIENTED_EDGE('',*,*,#3895,.F.);
#2259=ORIENTED_EDGE('',*,*,#3842,.F.);
#2260=ORIENTED_EDGE('',*,*,#3888,.F.);
#2261=ORIENTED_EDGE('',*,*,#3907,.F.);
#2262=ORIENTED_EDGE('',*,*,#3884,.F.);
#2263=ORIENTED_EDGE('',*,*,#3880,.F.);
#2264=ORIENTED_EDGE('',*,*,#3885,.F.);
#2265=ORIENTED_EDGE('',*,*,#3908,.F.);
#2266=ORIENTED_EDGE('',*,*,#3898,.F.);
#2267=ORIENTED_EDGE('',*,*,#3908,.T.);
#2268=ORIENTED_EDGE('',*,*,#3907,.T.);
#2269=ORIENTED_EDGE('',*,*,#3909,.F.);
#2270=ORIENTED_EDGE('',*,*,#3840,.F.);
#2271=ORIENTED_EDGE('',*,*,#3821,.F.);
#2272=ORIENTED_EDGE('',*,*,#3910,.F.);
#2273=ORIENTED_EDGE('',*,*,#3886,.F.);
#2274=ORIENTED_EDGE('',*,*,#3909,.T.);
#2275=ORIENTED_EDGE('',*,*,#3887,.F.);
#2276=ORIENTED_EDGE('',*,*,#3911,.F.);
#2277=ORIENTED_EDGE('',*,*,#3899,.F.);
#2278=ORIENTED_EDGE('',*,*,#3911,.T.);
#2279=ORIENTED_EDGE('',*,*,#3910,.T.);
#2280=ORIENTED_EDGE('',*,*,#3912,.F.);
#2281=ORIENTED_EDGE('',*,*,#3912,.T.);
#2282=ORIENTED_EDGE('',*,*,#3820,.F.);
#2283=ORIENTED_EDGE('',*,*,#3891,.F.);
#2284=ORIENTED_EDGE('',*,*,#3900,.F.);
#2285=ORIENTED_EDGE('',*,*,#3882,.T.);
#2286=ORIENTED_EDGE('',*,*,#3878,.F.);
#2287=ORIENTED_EDGE('',*,*,#3913,.F.);
#2288=ORIENTED_EDGE('',*,*,#3914,.T.);
#2289=ORIENTED_EDGE('',*,*,#3883,.T.);
#2290=ORIENTED_EDGE('',*,*,#3914,.F.);
#2291=ORIENTED_EDGE('',*,*,#3915,.F.);
#2292=ORIENTED_EDGE('',*,*,#3844,.T.);
#2293=ORIENTED_EDGE('',*,*,#3877,.T.);
#2294=ORIENTED_EDGE('',*,*,#3845,.T.);
#2295=ORIENTED_EDGE('',*,*,#3915,.T.);
#2296=ORIENTED_EDGE('',*,*,#3913,.T.);
#2297=ORIENTED_EDGE('',*,*,#3865,.T.);
#2298=ORIENTED_EDGE('',*,*,#3850,.F.);
#2299=ORIENTED_EDGE('',*,*,#3916,.F.);
#2300=ORIENTED_EDGE('',*,*,#3917,.T.);
#2301=ORIENTED_EDGE('',*,*,#3866,.T.);
#2302=ORIENTED_EDGE('',*,*,#3917,.F.);
#2303=ORIENTED_EDGE('',*,*,#3918,.F.);
#2304=ORIENTED_EDGE('',*,*,#3873,.T.);
#2305=ORIENTED_EDGE('',*,*,#3849,.T.);
#2306=ORIENTED_EDGE('',*,*,#3874,.T.);
#2307=ORIENTED_EDGE('',*,*,#3918,.T.);
#2308=ORIENTED_EDGE('',*,*,#3916,.T.);
#2309=ORIENTED_EDGE('',*,*,#3817,.F.);
#2310=ORIENTED_EDGE('',*,*,#3839,.F.);
#2311=ORIENTED_EDGE('',*,*,#3919,.T.);
#2312=ORIENTED_EDGE('',*,*,#3920,.T.);
#2313=ORIENTED_EDGE('',*,*,#3818,.F.);
#2314=ORIENTED_EDGE('',*,*,#3920,.F.);
#2315=ORIENTED_EDGE('',*,*,#3921,.T.);
#2316=ORIENTED_EDGE('',*,*,#3892,.T.);
#2317=ORIENTED_EDGE('',*,*,#3893,.F.);
#2318=ORIENTED_EDGE('',*,*,#3921,.F.);
#2319=ORIENTED_EDGE('',*,*,#3919,.F.);
#2320=ORIENTED_EDGE('',*,*,#3838,.F.);
#2321=ORIENTED_EDGE('',*,*,#3811,.F.);
#2322=ORIENTED_EDGE('',*,*,#3858,.F.);
#2323=ORIENTED_EDGE('',*,*,#3922,.T.);
#2324=ORIENTED_EDGE('',*,*,#3923,.T.);
#2325=ORIENTED_EDGE('',*,*,#3812,.F.);
#2326=ORIENTED_EDGE('',*,*,#3923,.F.);
#2327=ORIENTED_EDGE('',*,*,#3924,.T.);
#2328=ORIENTED_EDGE('',*,*,#3855,.T.);
#2329=ORIENTED_EDGE('',*,*,#3856,.F.);
#2330=ORIENTED_EDGE('',*,*,#3924,.F.);
#2331=ORIENTED_EDGE('',*,*,#3922,.F.);
#2332=ORIENTED_EDGE('',*,*,#3857,.F.);
#2333=ORIENTED_EDGE('',*,*,#3925,.F.);
#2334=ORIENTED_EDGE('',*,*,#3926,.T.);
#2335=ORIENTED_EDGE('',*,*,#3927,.F.);
#2336=ORIENTED_EDGE('',*,*,#3925,.T.);
#2337=ORIENTED_EDGE('',*,*,#3928,.F.);
#2338=ORIENTED_EDGE('',*,*,#3929,.F.);
#2339=ORIENTED_EDGE('',*,*,#3930,.F.);
#2340=ORIENTED_EDGE('',*,*,#3931,.F.);
#2341=ORIENTED_EDGE('',*,*,#3932,.F.);
#2342=ORIENTED_EDGE('',*,*,#3933,.F.);
#2343=ORIENTED_EDGE('',*,*,#3934,.F.);
#2344=ORIENTED_EDGE('',*,*,#3935,.F.);
#2345=ORIENTED_EDGE('',*,*,#3936,.F.);
#2346=ORIENTED_EDGE('',*,*,#3937,.T.);
#2347=ORIENTED_EDGE('',*,*,#3938,.F.);
#2348=ORIENTED_EDGE('',*,*,#3939,.F.);
#2349=ORIENTED_EDGE('',*,*,#3940,.T.);
#2350=ORIENTED_EDGE('',*,*,#3941,.T.);
#2351=ORIENTED_EDGE('',*,*,#3942,.T.);
#2352=ORIENTED_EDGE('',*,*,#3943,.F.);
#2353=ORIENTED_EDGE('',*,*,#3944,.F.);
#2354=ORIENTED_EDGE('',*,*,#3945,.F.);
#2355=ORIENTED_EDGE('',*,*,#3946,.T.);
#2356=ORIENTED_EDGE('',*,*,#3947,.F.);
#2357=ORIENTED_EDGE('',*,*,#3940,.F.);
#2358=ORIENTED_EDGE('',*,*,#3948,.T.);
#2359=ORIENTED_EDGE('',*,*,#3936,.T.);
#2360=ORIENTED_EDGE('',*,*,#3949,.T.);
#2361=ORIENTED_EDGE('',*,*,#3950,.T.);
#2362=ORIENTED_EDGE('',*,*,#3949,.F.);
#2363=ORIENTED_EDGE('',*,*,#3939,.T.);
#2364=ORIENTED_EDGE('',*,*,#3951,.T.);
#2365=ORIENTED_EDGE('',*,*,#3952,.T.);
#2366=ORIENTED_EDGE('',*,*,#3951,.F.);
#2367=ORIENTED_EDGE('',*,*,#3938,.T.);
#2368=ORIENTED_EDGE('',*,*,#3953,.F.);
#2369=ORIENTED_EDGE('',*,*,#3954,.T.);
#2370=ORIENTED_EDGE('',*,*,#3955,.F.);
#2371=ORIENTED_EDGE('',*,*,#3941,.F.);
#2372=ORIENTED_EDGE('',*,*,#3950,.F.);
#2373=ORIENTED_EDGE('',*,*,#3952,.F.);
#2374=ORIENTED_EDGE('',*,*,#3954,.F.);
#2375=ORIENTED_EDGE('',*,*,#3942,.F.);
#2376=ORIENTED_EDGE('',*,*,#3955,.T.);
#2377=ORIENTED_EDGE('',*,*,#3956,.T.);
#2378=ORIENTED_EDGE('',*,*,#3957,.F.);
#2379=ORIENTED_EDGE('',*,*,#3958,.F.);
#2380=ORIENTED_EDGE('',*,*,#3959,.T.);
#2381=ORIENTED_EDGE('',*,*,#3960,.T.);
#2382=ORIENTED_EDGE('',*,*,#3961,.F.);
#2383=ORIENTED_EDGE('',*,*,#3962,.F.);
#2384=ORIENTED_EDGE('',*,*,#3963,.F.);
#2385=ORIENTED_EDGE('',*,*,#3964,.T.);
#2386=ORIENTED_EDGE('',*,*,#3965,.T.);
#2387=ORIENTED_EDGE('',*,*,#3966,.F.);
#2388=ORIENTED_EDGE('',*,*,#3967,.F.);
#2389=ORIENTED_EDGE('',*,*,#3968,.T.);
#2390=ORIENTED_EDGE('',*,*,#3969,.T.);
#2391=ORIENTED_EDGE('',*,*,#3970,.T.);
#2392=ORIENTED_EDGE('',*,*,#3971,.F.);
#2393=ORIENTED_EDGE('',*,*,#3972,.T.);
#2394=ORIENTED_EDGE('',*,*,#3973,.T.);
#2395=ORIENTED_EDGE('',*,*,#3974,.T.);
#2396=ORIENTED_EDGE('',*,*,#3975,.F.);
#2397=ORIENTED_EDGE('',*,*,#3976,.T.);
#2398=ORIENTED_EDGE('',*,*,#3977,.T.);
#2399=ORIENTED_EDGE('',*,*,#3978,.T.);
#2400=ORIENTED_EDGE('',*,*,#3979,.T.);
#2401=ORIENTED_EDGE('',*,*,#3980,.F.);
#2402=ORIENTED_EDGE('',*,*,#3981,.T.);
#2403=ORIENTED_EDGE('',*,*,#3982,.T.);
#2404=ORIENTED_EDGE('',*,*,#3983,.T.);
#2405=ORIENTED_EDGE('',*,*,#3984,.T.);
#2406=ORIENTED_EDGE('',*,*,#3985,.F.);
#2407=ORIENTED_EDGE('',*,*,#3986,.T.);
#2408=ORIENTED_EDGE('',*,*,#3987,.T.);
#2409=ORIENTED_EDGE('',*,*,#3988,.T.);
#2410=ORIENTED_EDGE('',*,*,#3989,.F.);
#2411=ORIENTED_EDGE('',*,*,#3990,.T.);
#2412=ORIENTED_EDGE('',*,*,#3991,.T.);
#2413=ORIENTED_EDGE('',*,*,#3983,.F.);
#2414=ORIENTED_EDGE('',*,*,#3992,.T.);
#2415=ORIENTED_EDGE('',*,*,#3991,.F.);
#2416=ORIENTED_EDGE('',*,*,#3993,.F.);
#2417=ORIENTED_EDGE('',*,*,#3994,.T.);
#2418=ORIENTED_EDGE('',*,*,#3995,.F.);
#2419=ORIENTED_EDGE('',*,*,#3973,.F.);
#2420=ORIENTED_EDGE('',*,*,#3996,.T.);
#2421=ORIENTED_EDGE('',*,*,#3997,.F.);
#2422=ORIENTED_EDGE('',*,*,#3998,.F.);
#2423=ORIENTED_EDGE('',*,*,#3999,.T.);
#2424=ORIENTED_EDGE('',*,*,#4000,.F.);
#2425=ORIENTED_EDGE('',*,*,#4001,.T.);
#2426=ORIENTED_EDGE('',*,*,#4002,.F.);
#2427=ORIENTED_EDGE('',*,*,#4003,.T.);
#2428=ORIENTED_EDGE('',*,*,#4004,.T.);
#2429=ORIENTED_EDGE('',*,*,#3978,.F.);
#2430=ORIENTED_EDGE('',*,*,#4005,.T.);
#2431=ORIENTED_EDGE('',*,*,#4004,.F.);
#2432=ORIENTED_EDGE('',*,*,#4006,.F.);
#2433=ORIENTED_EDGE('',*,*,#4007,.T.);
#2434=ORIENTED_EDGE('',*,*,#4008,.F.);
#2435=ORIENTED_EDGE('',*,*,#4009,.T.);
#2436=ORIENTED_EDGE('',*,*,#4010,.F.);
#2437=ORIENTED_EDGE('',*,*,#4011,.F.);
#2438=ORIENTED_EDGE('',*,*,#4012,.T.);
#2439=ORIENTED_EDGE('',*,*,#4013,.T.);
#2440=ORIENTED_EDGE('',*,*,#4014,.F.);
#2441=ORIENTED_EDGE('',*,*,#4015,.F.);
#2442=ORIENTED_EDGE('',*,*,#4010,.T.);
#2443=ORIENTED_EDGE('',*,*,#4016,.T.);
#2444=ORIENTED_EDGE('',*,*,#3985,.T.);
#2445=ORIENTED_EDGE('',*,*,#4017,.T.);
#2446=ORIENTED_EDGE('',*,*,#3968,.F.);
#2447=ORIENTED_EDGE('',*,*,#4018,.F.);
#2448=ORIENTED_EDGE('',*,*,#4019,.F.);
#2449=ORIENTED_EDGE('',*,*,#4014,.T.);
#2450=ORIENTED_EDGE('',*,*,#4020,.T.);
#2451=ORIENTED_EDGE('',*,*,#4021,.F.);
#2452=ORIENTED_EDGE('',*,*,#4022,.F.);
#2453=ORIENTED_EDGE('',*,*,#4023,.T.);
#2454=ORIENTED_EDGE('',*,*,#4024,.T.);
#2455=ORIENTED_EDGE('',*,*,#4012,.F.);
#2456=ORIENTED_EDGE('',*,*,#4025,.F.);
#2457=ORIENTED_EDGE('',*,*,#4021,.T.);
#2458=ORIENTED_EDGE('',*,*,#4026,.F.);
#2459=ORIENTED_EDGE('',*,*,#4027,.F.);
#2460=ORIENTED_EDGE('',*,*,#4028,.T.);
#2461=ORIENTED_EDGE('',*,*,#4029,.F.);
#2462=ORIENTED_EDGE('',*,*,#4030,.F.);
#2463=ORIENTED_EDGE('',*,*,#4031,.T.);
#2464=ORIENTED_EDGE('',*,*,#4032,.T.);
#2465=ORIENTED_EDGE('',*,*,#4033,.T.);
#2466=ORIENTED_EDGE('',*,*,#4034,.T.);
#2467=ORIENTED_EDGE('',*,*,#4035,.F.);
#2468=ORIENTED_EDGE('',*,*,#4036,.F.);
#2469=ORIENTED_EDGE('',*,*,#4037,.F.);
#2470=ORIENTED_EDGE('',*,*,#4038,.T.);
#2471=ORIENTED_EDGE('',*,*,#4039,.T.);
#2472=ORIENTED_EDGE('',*,*,#4040,.T.);
#2473=ORIENTED_EDGE('',*,*,#4041,.T.);
#2474=ORIENTED_EDGE('',*,*,#4042,.F.);
#2475=ORIENTED_EDGE('',*,*,#3981,.F.);
#2476=ORIENTED_EDGE('',*,*,#4043,.F.);
#2477=ORIENTED_EDGE('',*,*,#4044,.F.);
#2478=ORIENTED_EDGE('',*,*,#4045,.T.);
#2479=ORIENTED_EDGE('',*,*,#4046,.F.);
#2480=ORIENTED_EDGE('',*,*,#4047,.F.);
#2481=ORIENTED_EDGE('',*,*,#4022,.T.);
#2482=ORIENTED_EDGE('',*,*,#4025,.T.);
#2483=ORIENTED_EDGE('',*,*,#4011,.T.);
#2484=ORIENTED_EDGE('',*,*,#4015,.T.);
#2485=ORIENTED_EDGE('',*,*,#4019,.T.);
#2486=ORIENTED_EDGE('',*,*,#4048,.F.);
#2487=ORIENTED_EDGE('',*,*,#4049,.F.);
#2488=ORIENTED_EDGE('',*,*,#4050,.T.);
#2489=ORIENTED_EDGE('',*,*,#4051,.T.);
#2490=ORIENTED_EDGE('',*,*,#4052,.T.);
#2491=ORIENTED_EDGE('',*,*,#4053,.T.);
#2492=ORIENTED_EDGE('',*,*,#4054,.F.);
#2493=ORIENTED_EDGE('',*,*,#3976,.F.);
#2494=ORIENTED_EDGE('',*,*,#4009,.F.);
#2495=ORIENTED_EDGE('',*,*,#4024,.F.);
#2496=ORIENTED_EDGE('',*,*,#4020,.F.);
#2497=ORIENTED_EDGE('',*,*,#4055,.F.);
#2498=ORIENTED_EDGE('',*,*,#4056,.F.);
#2499=ORIENTED_EDGE('',*,*,#3986,.F.);
#2500=ORIENTED_EDGE('',*,*,#4016,.F.);
#2501=ORIENTED_EDGE('',*,*,#4013,.F.);
#2502=ORIENTED_EDGE('',*,*,#4057,.F.);
#2503=ORIENTED_EDGE('',*,*,#4055,.T.);
#2504=ORIENTED_EDGE('',*,*,#4023,.F.);
#2505=ORIENTED_EDGE('',*,*,#4047,.T.);
#2506=ORIENTED_EDGE('',*,*,#4056,.T.);
#2507=ORIENTED_EDGE('',*,*,#4058,.F.);
#2508=ORIENTED_EDGE('',*,*,#4059,.F.);
#2509=ORIENTED_EDGE('',*,*,#4060,.F.);
#2510=ORIENTED_EDGE('',*,*,#4061,.F.);
#2511=ORIENTED_EDGE('',*,*,#3987,.F.);
#2512=ORIENTED_EDGE('',*,*,#4029,.T.);
#2513=ORIENTED_EDGE('',*,*,#4062,.F.);
#2514=ORIENTED_EDGE('',*,*,#4063,.T.);
#2515=ORIENTED_EDGE('',*,*,#3997,.T.);
#2516=ORIENTED_EDGE('',*,*,#4064,.T.);
#2517=ORIENTED_EDGE('',*,*,#4046,.T.);
#2518=ORIENTED_EDGE('',*,*,#4065,.F.);
#2519=ORIENTED_EDGE('',*,*,#4066,.T.);
#2520=ORIENTED_EDGE('',*,*,#4058,.T.);
#2521=ORIENTED_EDGE('',*,*,#4057,.T.);
#2522=ORIENTED_EDGE('',*,*,#3927,.T.);
#2523=ORIENTED_EDGE('',*,*,#3928,.T.);
#2524=ORIENTED_EDGE('',*,*,#3929,.T.);
#2525=ORIENTED_EDGE('',*,*,#3930,.T.);
#2526=ORIENTED_EDGE('',*,*,#3931,.T.);
#2527=ORIENTED_EDGE('',*,*,#3932,.T.);
#2528=ORIENTED_EDGE('',*,*,#3933,.T.);
#2529=ORIENTED_EDGE('',*,*,#3934,.T.);
#2530=ORIENTED_EDGE('',*,*,#3935,.T.);
#2531=ORIENTED_EDGE('',*,*,#4067,.T.);
#2532=ORIENTED_EDGE('',*,*,#4068,.T.);
#2533=ORIENTED_EDGE('',*,*,#4069,.T.);
#2534=ORIENTED_EDGE('',*,*,#4070,.T.);
#2535=ORIENTED_EDGE('',*,*,#4071,.T.);
#2536=ORIENTED_EDGE('',*,*,#4072,.T.);
#2537=ORIENTED_EDGE('',*,*,#4073,.T.);
#2538=ORIENTED_EDGE('',*,*,#4074,.T.);
#2539=ORIENTED_EDGE('',*,*,#4075,.F.);
#2540=ORIENTED_EDGE('',*,*,#3979,.F.);
#2541=ORIENTED_EDGE('',*,*,#3995,.T.);
#2542=ORIENTED_EDGE('',*,*,#4076,.T.);
#2543=ORIENTED_EDGE('',*,*,#4073,.F.);
#2544=ORIENTED_EDGE('',*,*,#4077,.T.);
#2545=ORIENTED_EDGE('',*,*,#4059,.T.);
#2546=ORIENTED_EDGE('',*,*,#4066,.F.);
#2547=ORIENTED_EDGE('',*,*,#4078,.F.);
#2548=ORIENTED_EDGE('',*,*,#4079,.F.);
#2549=ORIENTED_EDGE('',*,*,#4080,.F.);
#2550=ORIENTED_EDGE('',*,*,#3970,.F.);
#2551=ORIENTED_EDGE('',*,*,#4000,.T.);
#2552=ORIENTED_EDGE('',*,*,#4081,.T.);
#2553=ORIENTED_EDGE('',*,*,#4067,.F.);
#2554=ORIENTED_EDGE('',*,*,#4082,.T.);
#2555=ORIENTED_EDGE('',*,*,#3993,.T.);
#2556=ORIENTED_EDGE('',*,*,#3990,.F.);
#2557=ORIENTED_EDGE('',*,*,#4083,.F.);
#2558=ORIENTED_EDGE('',*,*,#3956,.F.);
#2559=ORIENTED_EDGE('',*,*,#3953,.T.);
#2560=ORIENTED_EDGE('',*,*,#4084,.F.);
#2561=ORIENTED_EDGE('',*,*,#4085,.F.);
#2562=ORIENTED_EDGE('',*,*,#3960,.F.);
#2563=ORIENTED_EDGE('',*,*,#4017,.F.);
#2564=ORIENTED_EDGE('',*,*,#3984,.F.);
#2565=ORIENTED_EDGE('',*,*,#4061,.T.);
#2566=ORIENTED_EDGE('',*,*,#4086,.T.);
#2567=ORIENTED_EDGE('',*,*,#4071,.F.);
#2568=ORIENTED_EDGE('',*,*,#4087,.T.);
#2569=ORIENTED_EDGE('',*,*,#4006,.T.);
#2570=ORIENTED_EDGE('',*,*,#4003,.F.);
#2571=ORIENTED_EDGE('',*,*,#4088,.F.);
#2572=ORIENTED_EDGE('',*,*,#3965,.F.);
#2573=ORIENTED_EDGE('',*,*,#4089,.T.);
#2574=ORIENTED_EDGE('',*,*,#4090,.T.);
#2575=ORIENTED_EDGE('',*,*,#4091,.F.);
#2576=ORIENTED_EDGE('',*,*,#3969,.F.);
#2577=ORIENTED_EDGE('',*,*,#4092,.F.);
#2578=ORIENTED_EDGE('',*,*,#3974,.F.);
#2579=ORIENTED_EDGE('',*,*,#4008,.T.);
#2580=ORIENTED_EDGE('',*,*,#4093,.T.);
#2581=ORIENTED_EDGE('',*,*,#4069,.F.);
#2582=ORIENTED_EDGE('',*,*,#4094,.T.);
#2583=ORIENTED_EDGE('',*,*,#3998,.T.);
#2584=ORIENTED_EDGE('',*,*,#4063,.F.);
#2585=ORIENTED_EDGE('',*,*,#4095,.F.);
#2586=ORIENTED_EDGE('',*,*,#4096,.F.);
#2587=ORIENTED_EDGE('',*,*,#4070,.F.);
#2588=ORIENTED_EDGE('',*,*,#4093,.F.);
#2589=ORIENTED_EDGE('',*,*,#4007,.F.);
#2590=ORIENTED_EDGE('',*,*,#4087,.F.);
#2591=ORIENTED_EDGE('',*,*,#4068,.F.);
#2592=ORIENTED_EDGE('',*,*,#4081,.F.);
#2593=ORIENTED_EDGE('',*,*,#3999,.F.);
#2594=ORIENTED_EDGE('',*,*,#4094,.F.);
#2595=ORIENTED_EDGE('',*,*,#4060,.T.);
#2596=ORIENTED_EDGE('',*,*,#4077,.F.);
#2597=ORIENTED_EDGE('',*,*,#4072,.F.);
#2598=ORIENTED_EDGE('',*,*,#4086,.F.);
#2599=ORIENTED_EDGE('',*,*,#4074,.F.);
#2600=ORIENTED_EDGE('',*,*,#4076,.F.);
#2601=ORIENTED_EDGE('',*,*,#3994,.F.);
#2602=ORIENTED_EDGE('',*,*,#4082,.F.);
#2603=ORIENTED_EDGE('',*,*,#4049,.T.);
#2604=ORIENTED_EDGE('',*,*,#4097,.F.);
#2605=ORIENTED_EDGE('',*,*,#3966,.T.);
#2606=ORIENTED_EDGE('',*,*,#4088,.T.);
#2607=ORIENTED_EDGE('',*,*,#4002,.T.);
#2608=ORIENTED_EDGE('',*,*,#4098,.T.);
#2609=ORIENTED_EDGE('',*,*,#4099,.F.);
#2610=ORIENTED_EDGE('',*,*,#4100,.F.);
#2611=ORIENTED_EDGE('',*,*,#4101,.T.);
#2612=ORIENTED_EDGE('',*,*,#3977,.F.);
#2613=ORIENTED_EDGE('',*,*,#4054,.T.);
#2614=ORIENTED_EDGE('',*,*,#4101,.F.);
#2615=ORIENTED_EDGE('',*,*,#4102,.F.);
#2616=ORIENTED_EDGE('',*,*,#4103,.F.);
#2617=ORIENTED_EDGE('',*,*,#4104,.F.);
#2618=ORIENTED_EDGE('',*,*,#4105,.F.);
#2619=ORIENTED_EDGE('',*,*,#4098,.F.);
#2620=ORIENTED_EDGE('',*,*,#4001,.F.);
#2621=ORIENTED_EDGE('',*,*,#4005,.F.);
#2622=ORIENTED_EDGE('',*,*,#4104,.T.);
#2623=ORIENTED_EDGE('',*,*,#4106,.F.);
#2624=ORIENTED_EDGE('',*,*,#4051,.F.);
#2625=ORIENTED_EDGE('',*,*,#4107,.T.);
#2626=ORIENTED_EDGE('',*,*,#4103,.T.);
#2627=ORIENTED_EDGE('',*,*,#4108,.F.);
#2628=ORIENTED_EDGE('',*,*,#4052,.F.);
#2629=ORIENTED_EDGE('',*,*,#4106,.T.);
#2630=ORIENTED_EDGE('',*,*,#4102,.T.);
#2631=ORIENTED_EDGE('',*,*,#4100,.T.);
#2632=ORIENTED_EDGE('',*,*,#4053,.F.);
#2633=ORIENTED_EDGE('',*,*,#4108,.T.);
#2634=ORIENTED_EDGE('',*,*,#4105,.T.);
#2635=ORIENTED_EDGE('',*,*,#4107,.F.);
#2636=ORIENTED_EDGE('',*,*,#4050,.F.);
#2637=ORIENTED_EDGE('',*,*,#4099,.T.);
#2638=ORIENTED_EDGE('',*,*,#4035,.T.);
#2639=ORIENTED_EDGE('',*,*,#4109,.T.);
#2640=ORIENTED_EDGE('',*,*,#4110,.T.);
#2641=ORIENTED_EDGE('',*,*,#3971,.T.);
#2642=ORIENTED_EDGE('',*,*,#4080,.T.);
#2643=ORIENTED_EDGE('',*,*,#3959,.F.);
#2644=ORIENTED_EDGE('',*,*,#4111,.F.);
#2645=ORIENTED_EDGE('',*,*,#4064,.F.);
#2646=ORIENTED_EDGE('',*,*,#4112,.T.);
#2647=ORIENTED_EDGE('',*,*,#4113,.T.);
#2648=ORIENTED_EDGE('',*,*,#4030,.T.);
#2649=ORIENTED_EDGE('',*,*,#4110,.F.);
#2650=ORIENTED_EDGE('',*,*,#4114,.F.);
#2651=ORIENTED_EDGE('',*,*,#4115,.F.);
#2652=ORIENTED_EDGE('',*,*,#4116,.F.);
#2653=ORIENTED_EDGE('',*,*,#4117,.F.);
#2654=ORIENTED_EDGE('',*,*,#4112,.F.);
#2655=ORIENTED_EDGE('',*,*,#3996,.F.);
#2656=ORIENTED_EDGE('',*,*,#3972,.F.);
#2657=ORIENTED_EDGE('',*,*,#4115,.T.);
#2658=ORIENTED_EDGE('',*,*,#4118,.F.);
#2659=ORIENTED_EDGE('',*,*,#4033,.F.);
#2660=ORIENTED_EDGE('',*,*,#4119,.T.);
#2661=ORIENTED_EDGE('',*,*,#4114,.T.);
#2662=ORIENTED_EDGE('',*,*,#4109,.F.);
#2663=ORIENTED_EDGE('',*,*,#4034,.F.);
#2664=ORIENTED_EDGE('',*,*,#4118,.T.);
#2665=ORIENTED_EDGE('',*,*,#4117,.T.);
#2666=ORIENTED_EDGE('',*,*,#4120,.F.);
#2667=ORIENTED_EDGE('',*,*,#4031,.F.);
#2668=ORIENTED_EDGE('',*,*,#4113,.F.);
#2669=ORIENTED_EDGE('',*,*,#4116,.T.);
#2670=ORIENTED_EDGE('',*,*,#4119,.F.);
#2671=ORIENTED_EDGE('',*,*,#4032,.F.);
#2672=ORIENTED_EDGE('',*,*,#4120,.T.);
#2673=ORIENTED_EDGE('',*,*,#4037,.T.);
#2674=ORIENTED_EDGE('',*,*,#4121,.F.);
#2675=ORIENTED_EDGE('',*,*,#3957,.T.);
#2676=ORIENTED_EDGE('',*,*,#4083,.T.);
#2677=ORIENTED_EDGE('',*,*,#3989,.T.);
#2678=ORIENTED_EDGE('',*,*,#4122,.T.);
#2679=ORIENTED_EDGE('',*,*,#4123,.F.);
#2680=ORIENTED_EDGE('',*,*,#4124,.F.);
#2681=ORIENTED_EDGE('',*,*,#4125,.T.);
#2682=ORIENTED_EDGE('',*,*,#3982,.F.);
#2683=ORIENTED_EDGE('',*,*,#4042,.T.);
#2684=ORIENTED_EDGE('',*,*,#4125,.F.);
#2685=ORIENTED_EDGE('',*,*,#4126,.F.);
#2686=ORIENTED_EDGE('',*,*,#4127,.F.);
#2687=ORIENTED_EDGE('',*,*,#4128,.F.);
#2688=ORIENTED_EDGE('',*,*,#4129,.F.);
#2689=ORIENTED_EDGE('',*,*,#4122,.F.);
#2690=ORIENTED_EDGE('',*,*,#3988,.F.);
#2691=ORIENTED_EDGE('',*,*,#3992,.F.);
#2692=ORIENTED_EDGE('',*,*,#4126,.T.);
#2693=ORIENTED_EDGE('',*,*,#4124,.T.);
#2694=ORIENTED_EDGE('',*,*,#4041,.F.);
#2695=ORIENTED_EDGE('',*,*,#4130,.T.);
#2696=ORIENTED_EDGE('',*,*,#4129,.T.);
#2697=ORIENTED_EDGE('',*,*,#4131,.F.);
#2698=ORIENTED_EDGE('',*,*,#4038,.F.);
#2699=ORIENTED_EDGE('',*,*,#4123,.T.);
#2700=ORIENTED_EDGE('',*,*,#4128,.T.);
#2701=ORIENTED_EDGE('',*,*,#4132,.F.);
#2702=ORIENTED_EDGE('',*,*,#4039,.F.);
#2703=ORIENTED_EDGE('',*,*,#4131,.T.);
#2704=ORIENTED_EDGE('',*,*,#4127,.T.);
#2705=ORIENTED_EDGE('',*,*,#4130,.F.);
#2706=ORIENTED_EDGE('',*,*,#4040,.F.);
#2707=ORIENTED_EDGE('',*,*,#4132,.T.);
#2708=ORIENTED_EDGE('',*,*,#4018,.T.);
#2709=ORIENTED_EDGE('',*,*,#3967,.T.);
#2710=ORIENTED_EDGE('',*,*,#4097,.T.);
#2711=ORIENTED_EDGE('',*,*,#4048,.T.);
#2712=ORIENTED_EDGE('',*,*,#4111,.T.);
#2713=ORIENTED_EDGE('',*,*,#3958,.T.);
#2714=ORIENTED_EDGE('',*,*,#4121,.T.);
#2715=ORIENTED_EDGE('',*,*,#4036,.T.);
#2716=ORIENTED_EDGE('',*,*,#4092,.T.);
#2717=ORIENTED_EDGE('',*,*,#4133,.F.);
#2718=ORIENTED_EDGE('',*,*,#4134,.F.);
#2719=ORIENTED_EDGE('',*,*,#4026,.T.);
#2720=ORIENTED_EDGE('',*,*,#3975,.T.);
#2721=ORIENTED_EDGE('',*,*,#4095,.T.);
#2722=ORIENTED_EDGE('',*,*,#4062,.T.);
#2723=ORIENTED_EDGE('',*,*,#4028,.F.);
#2724=ORIENTED_EDGE('',*,*,#4135,.F.);
#2725=ORIENTED_EDGE('',*,*,#4136,.T.);
#2726=ORIENTED_EDGE('',*,*,#4096,.T.);
#2727=ORIENTED_EDGE('',*,*,#4136,.F.);
#2728=ORIENTED_EDGE('',*,*,#4137,.F.);
#2729=ORIENTED_EDGE('',*,*,#4133,.T.);
#2730=ORIENTED_EDGE('',*,*,#4134,.T.);
#2731=ORIENTED_EDGE('',*,*,#4137,.T.);
#2732=ORIENTED_EDGE('',*,*,#4135,.T.);
#2733=ORIENTED_EDGE('',*,*,#4027,.T.);
#2734=ORIENTED_EDGE('',*,*,#4075,.T.);
#2735=ORIENTED_EDGE('',*,*,#4138,.F.);
#2736=ORIENTED_EDGE('',*,*,#4139,.F.);
#2737=ORIENTED_EDGE('',*,*,#4043,.T.);
#2738=ORIENTED_EDGE('',*,*,#3980,.T.);
#2739=ORIENTED_EDGE('',*,*,#4078,.T.);
#2740=ORIENTED_EDGE('',*,*,#4065,.T.);
#2741=ORIENTED_EDGE('',*,*,#4045,.F.);
#2742=ORIENTED_EDGE('',*,*,#4140,.F.);
#2743=ORIENTED_EDGE('',*,*,#4141,.T.);
#2744=ORIENTED_EDGE('',*,*,#4079,.T.);
#2745=ORIENTED_EDGE('',*,*,#4141,.F.);
#2746=ORIENTED_EDGE('',*,*,#4142,.F.);
#2747=ORIENTED_EDGE('',*,*,#4138,.T.);
#2748=ORIENTED_EDGE('',*,*,#4139,.T.);
#2749=ORIENTED_EDGE('',*,*,#4142,.T.);
#2750=ORIENTED_EDGE('',*,*,#4140,.T.);
#2751=ORIENTED_EDGE('',*,*,#4044,.T.);
#2752=ORIENTED_EDGE('',*,*,#4143,.F.);
#2753=ORIENTED_EDGE('',*,*,#4144,.F.);
#2754=ORIENTED_EDGE('',*,*,#4145,.T.);
#2755=ORIENTED_EDGE('',*,*,#4146,.T.);
#2756=ORIENTED_EDGE('',*,*,#4147,.F.);
#2757=ORIENTED_EDGE('',*,*,#4148,.F.);
#2758=ORIENTED_EDGE('',*,*,#3963,.T.);
#2759=ORIENTED_EDGE('',*,*,#4149,.F.);
#2760=ORIENTED_EDGE('',*,*,#4150,.F.);
#2761=ORIENTED_EDGE('',*,*,#4151,.T.);
#2762=ORIENTED_EDGE('',*,*,#4152,.F.);
#2763=ORIENTED_EDGE('',*,*,#4144,.T.);
#2764=ORIENTED_EDGE('',*,*,#4153,.T.);
#2765=ORIENTED_EDGE('',*,*,#4154,.T.);
#2766=ORIENTED_EDGE('',*,*,#4152,.T.);
#2767=ORIENTED_EDGE('',*,*,#4155,.T.);
#2768=ORIENTED_EDGE('',*,*,#4156,.F.);
#2769=ORIENTED_EDGE('',*,*,#4145,.F.);
#2770=ORIENTED_EDGE('',*,*,#4156,.T.);
#2771=ORIENTED_EDGE('',*,*,#4157,.F.);
#2772=ORIENTED_EDGE('',*,*,#4158,.F.);
#2773=ORIENTED_EDGE('',*,*,#4146,.F.);
#2774=ORIENTED_EDGE('',*,*,#4158,.T.);
#2775=ORIENTED_EDGE('',*,*,#4159,.T.);
#2776=ORIENTED_EDGE('',*,*,#4160,.F.);
#2777=ORIENTED_EDGE('',*,*,#4147,.T.);
#2778=ORIENTED_EDGE('',*,*,#4160,.T.);
#2779=ORIENTED_EDGE('',*,*,#4161,.T.);
#2780=ORIENTED_EDGE('',*,*,#4162,.T.);
#2781=ORIENTED_EDGE('',*,*,#4090,.F.);
#2782=ORIENTED_EDGE('',*,*,#4163,.T.);
#2783=ORIENTED_EDGE('',*,*,#4148,.T.);
#2784=ORIENTED_EDGE('',*,*,#4151,.F.);
#2785=ORIENTED_EDGE('',*,*,#4164,.T.);
#2786=ORIENTED_EDGE('',*,*,#4161,.F.);
#2787=ORIENTED_EDGE('',*,*,#4159,.F.);
#2788=ORIENTED_EDGE('',*,*,#4157,.T.);
#2789=ORIENTED_EDGE('',*,*,#4155,.F.);
#2790=ORIENTED_EDGE('',*,*,#4162,.F.);
#2791=ORIENTED_EDGE('',*,*,#4165,.T.);
#2792=ORIENTED_EDGE('',*,*,#4166,.T.);
#2793=ORIENTED_EDGE('',*,*,#4167,.T.);
#2794=ORIENTED_EDGE('',*,*,#4150,.T.);
#2795=ORIENTED_EDGE('',*,*,#4168,.F.);
#2796=ORIENTED_EDGE('',*,*,#4169,.F.);
#2797=ORIENTED_EDGE('',*,*,#4165,.F.);
#2798=ORIENTED_EDGE('',*,*,#4164,.F.);
#2799=ORIENTED_EDGE('',*,*,#4169,.T.);
#2800=ORIENTED_EDGE('',*,*,#4170,.F.);
#2801=ORIENTED_EDGE('',*,*,#4171,.F.);
#2802=ORIENTED_EDGE('',*,*,#4166,.F.);
#2803=ORIENTED_EDGE('',*,*,#4171,.T.);
#2804=ORIENTED_EDGE('',*,*,#4172,.F.);
#2805=ORIENTED_EDGE('',*,*,#4091,.T.);
#2806=ORIENTED_EDGE('',*,*,#4167,.F.);
#2807=ORIENTED_EDGE('',*,*,#3962,.T.);
#2808=ORIENTED_EDGE('',*,*,#4172,.T.);
#2809=ORIENTED_EDGE('',*,*,#4170,.T.);
#2810=ORIENTED_EDGE('',*,*,#4168,.T.);
#2811=ORIENTED_EDGE('',*,*,#4149,.T.);
#2812=ORIENTED_EDGE('',*,*,#4163,.F.);
#2813=ORIENTED_EDGE('',*,*,#4173,.F.);
#2814=ORIENTED_EDGE('',*,*,#4174,.F.);
#2815=ORIENTED_EDGE('',*,*,#4175,.F.);
#2816=ORIENTED_EDGE('',*,*,#4153,.F.);
#2817=ORIENTED_EDGE('',*,*,#4143,.T.);
#2818=ORIENTED_EDGE('',*,*,#4175,.T.);
#2819=ORIENTED_EDGE('',*,*,#4176,.T.);
#2820=ORIENTED_EDGE('',*,*,#4177,.T.);
#2821=ORIENTED_EDGE('',*,*,#4176,.F.);
#2822=ORIENTED_EDGE('',*,*,#4174,.T.);
#2823=ORIENTED_EDGE('',*,*,#4178,.T.);
#2824=ORIENTED_EDGE('',*,*,#4179,.T.);
#2825=ORIENTED_EDGE('',*,*,#4178,.F.);
#2826=ORIENTED_EDGE('',*,*,#4173,.T.);
#2827=ORIENTED_EDGE('',*,*,#4089,.F.);
#2828=ORIENTED_EDGE('',*,*,#4180,.T.);
#2829=ORIENTED_EDGE('',*,*,#3964,.F.);
#2830=ORIENTED_EDGE('',*,*,#4154,.F.);
#2831=ORIENTED_EDGE('',*,*,#4177,.F.);
#2832=ORIENTED_EDGE('',*,*,#4179,.F.);
#2833=ORIENTED_EDGE('',*,*,#4180,.F.);
#2834=ORIENTED_EDGE('',*,*,#3946,.F.);
#2835=ORIENTED_EDGE('',*,*,#4181,.T.);
#2836=ORIENTED_EDGE('',*,*,#4182,.T.);
#2837=ORIENTED_EDGE('',*,*,#4183,.F.);
#2838=ORIENTED_EDGE('',*,*,#4182,.F.);
#2839=ORIENTED_EDGE('',*,*,#4184,.T.);
#2840=ORIENTED_EDGE('',*,*,#4185,.T.);
#2841=ORIENTED_EDGE('',*,*,#4186,.T.);
#2842=ORIENTED_EDGE('',*,*,#4185,.F.);
#2843=ORIENTED_EDGE('',*,*,#4187,.F.);
#2844=ORIENTED_EDGE('',*,*,#4188,.T.);
#2845=ORIENTED_EDGE('',*,*,#4189,.F.);
#2846=ORIENTED_EDGE('',*,*,#4188,.F.);
#2847=ORIENTED_EDGE('',*,*,#4190,.F.);
#2848=ORIENTED_EDGE('',*,*,#4191,.F.);
#2849=ORIENTED_EDGE('',*,*,#4084,.T.);
#2850=ORIENTED_EDGE('',*,*,#3937,.F.);
#2851=ORIENTED_EDGE('',*,*,#4192,.F.);
#2852=ORIENTED_EDGE('',*,*,#3948,.F.);
#2853=ORIENTED_EDGE('',*,*,#3947,.T.);
#2854=ORIENTED_EDGE('',*,*,#4183,.T.);
#2855=ORIENTED_EDGE('',*,*,#4186,.F.);
#2856=ORIENTED_EDGE('',*,*,#4189,.T.);
#2857=ORIENTED_EDGE('',*,*,#4192,.T.);
#2858=ORIENTED_EDGE('',*,*,#3945,.T.);
#2859=ORIENTED_EDGE('',*,*,#4193,.T.);
#2860=ORIENTED_EDGE('',*,*,#4190,.T.);
#2861=ORIENTED_EDGE('',*,*,#4187,.T.);
#2862=ORIENTED_EDGE('',*,*,#4184,.F.);
#2863=ORIENTED_EDGE('',*,*,#4181,.F.);
#2864=ORIENTED_EDGE('',*,*,#4194,.T.);
#2865=ORIENTED_EDGE('',*,*,#4191,.T.);
#2866=ORIENTED_EDGE('',*,*,#4195,.T.);
#2867=ORIENTED_EDGE('',*,*,#4196,.T.);
#2868=ORIENTED_EDGE('',*,*,#3944,.T.);
#2869=ORIENTED_EDGE('',*,*,#4197,.F.);
#2870=ORIENTED_EDGE('',*,*,#4198,.F.);
#2871=ORIENTED_EDGE('',*,*,#4195,.F.);
#2872=ORIENTED_EDGE('',*,*,#4193,.F.);
#2873=ORIENTED_EDGE('',*,*,#4198,.T.);
#2874=ORIENTED_EDGE('',*,*,#4199,.F.);
#2875=ORIENTED_EDGE('',*,*,#4200,.F.);
#2876=ORIENTED_EDGE('',*,*,#4196,.F.);
#2877=ORIENTED_EDGE('',*,*,#4200,.T.);
#2878=ORIENTED_EDGE('',*,*,#4201,.F.);
#2879=ORIENTED_EDGE('',*,*,#4085,.T.);
#2880=ORIENTED_EDGE('',*,*,#4194,.F.);
#2881=ORIENTED_EDGE('',*,*,#3961,.T.);
#2882=ORIENTED_EDGE('',*,*,#4201,.T.);
#2883=ORIENTED_EDGE('',*,*,#4199,.T.);
#2884=ORIENTED_EDGE('',*,*,#4197,.T.);
#2885=ORIENTED_EDGE('',*,*,#3943,.T.);
#2886=ORIENTED_EDGE('',*,*,#3926,.F.);
#2887=ORIENTED_EDGE('',*,*,#4202,.F.);
#2888=ORIENTED_EDGE('',*,*,#4203,.T.);
#2889=ORIENTED_EDGE('',*,*,#4204,.T.);
#2890=ORIENTED_EDGE('',*,*,#4205,.T.);
#2891=ORIENTED_EDGE('',*,*,#4206,.F.);
#2892=ORIENTED_EDGE('',*,*,#4207,.T.);
#2893=ORIENTED_EDGE('',*,*,#4208,.F.);
#2894=ORIENTED_EDGE('',*,*,#4209,.T.);
#2895=ORIENTED_EDGE('',*,*,#4202,.T.);
#2896=ORIENTED_EDGE('',*,*,#4210,.T.);
#2897=ORIENTED_EDGE('',*,*,#4211,.F.);
#2898=ORIENTED_EDGE('',*,*,#4212,.T.);
#2899=ORIENTED_EDGE('',*,*,#4206,.T.);
#2900=ORIENTED_EDGE('',*,*,#4213,.T.);
#2901=ORIENTED_EDGE('',*,*,#4214,.F.);
#2902=ORIENTED_EDGE('',*,*,#4215,.T.);
#2903=ORIENTED_EDGE('',*,*,#4211,.T.);
#2904=ORIENTED_EDGE('',*,*,#4216,.T.);
#2905=ORIENTED_EDGE('',*,*,#4204,.F.);
#2906=ORIENTED_EDGE('',*,*,#4217,.T.);
#2907=ORIENTED_EDGE('',*,*,#4205,.F.);
#2908=ORIENTED_EDGE('',*,*,#4216,.F.);
#2909=ORIENTED_EDGE('',*,*,#4213,.F.);
#2910=ORIENTED_EDGE('',*,*,#4210,.F.);
#2911=ORIENTED_EDGE('',*,*,#4208,.T.);
#2912=ORIENTED_EDGE('',*,*,#4218,.T.);
#2913=ORIENTED_EDGE('',*,*,#4214,.T.);
#2914=ORIENTED_EDGE('',*,*,#4219,.T.);
#2915=ORIENTED_EDGE('',*,*,#4207,.F.);
#2916=ORIENTED_EDGE('',*,*,#4212,.F.);
#2917=ORIENTED_EDGE('',*,*,#4215,.F.);
#2918=ORIENTED_EDGE('',*,*,#4218,.F.);
#2919=ORIENTED_EDGE('',*,*,#4217,.F.);
#2920=ORIENTED_EDGE('',*,*,#4203,.F.);
#2921=ORIENTED_EDGE('',*,*,#4209,.F.);
#2922=ORIENTED_EDGE('',*,*,#4219,.F.);
#2923=ORIENTED_EDGE('',*,*,#4220,.F.);
#2924=ORIENTED_EDGE('',*,*,#4221,.T.);
#2925=ORIENTED_EDGE('',*,*,#4222,.T.);
#2926=ORIENTED_EDGE('',*,*,#4223,.T.);
#2927=ORIENTED_EDGE('',*,*,#4224,.F.);
#2928=ORIENTED_EDGE('',*,*,#4225,.T.);
#2929=ORIENTED_EDGE('',*,*,#4220,.T.);
#2930=ORIENTED_EDGE('',*,*,#4226,.T.);
#2931=ORIENTED_EDGE('',*,*,#4227,.F.);
#2932=ORIENTED_EDGE('',*,*,#4228,.T.);
#2933=ORIENTED_EDGE('',*,*,#4229,.F.);
#2934=ORIENTED_EDGE('',*,*,#4230,.T.);
#2935=ORIENTED_EDGE('',*,*,#4227,.T.);
#2936=ORIENTED_EDGE('',*,*,#4231,.T.);
#2937=ORIENTED_EDGE('',*,*,#4222,.F.);
#2938=ORIENTED_EDGE('',*,*,#4232,.T.);
#2939=ORIENTED_EDGE('',*,*,#4233,.F.);
#2940=ORIENTED_EDGE('',*,*,#4234,.T.);
#2941=ORIENTED_EDGE('',*,*,#4229,.T.);
#2942=ORIENTED_EDGE('',*,*,#4235,.T.);
#2943=ORIENTED_EDGE('',*,*,#4223,.F.);
#2944=ORIENTED_EDGE('',*,*,#4235,.F.);
#2945=ORIENTED_EDGE('',*,*,#4231,.F.);
#2946=ORIENTED_EDGE('',*,*,#4226,.F.);
#2947=ORIENTED_EDGE('',*,*,#4233,.T.);
#2948=ORIENTED_EDGE('',*,*,#4236,.T.);
#2949=ORIENTED_EDGE('',*,*,#4224,.T.);
#2950=ORIENTED_EDGE('',*,*,#4237,.T.);
#2951=ORIENTED_EDGE('',*,*,#4232,.F.);
#2952=ORIENTED_EDGE('',*,*,#4221,.F.);
#2953=ORIENTED_EDGE('',*,*,#4225,.F.);
#2954=ORIENTED_EDGE('',*,*,#4236,.F.);
#2955=ORIENTED_EDGE('',*,*,#4228,.F.);
#2956=ORIENTED_EDGE('',*,*,#4230,.F.);
#2957=ORIENTED_EDGE('',*,*,#4234,.F.);
#2958=ORIENTED_EDGE('',*,*,#4237,.F.);
#2959=ORIENTED_EDGE('',*,*,#4238,.T.);
#2960=ORIENTED_EDGE('',*,*,#4239,.F.);
#2961=ORIENTED_EDGE('',*,*,#4240,.T.);
#2962=ORIENTED_EDGE('',*,*,#4241,.F.);
#2963=ORIENTED_EDGE('',*,*,#4242,.T.);
#2964=ORIENTED_EDGE('',*,*,#4243,.F.);
#2965=ORIENTED_EDGE('',*,*,#4244,.T.);
#2966=ORIENTED_EDGE('',*,*,#4245,.F.);
#2967=ORIENTED_EDGE('',*,*,#4246,.T.);
#2968=ORIENTED_EDGE('',*,*,#4247,.F.);
#2969=ORIENTED_EDGE('',*,*,#4248,.T.);
#2970=ORIENTED_EDGE('',*,*,#4249,.F.);
#2971=ORIENTED_EDGE('',*,*,#4250,.T.);
#2972=ORIENTED_EDGE('',*,*,#4251,.F.);
#2973=ORIENTED_EDGE('',*,*,#4252,.F.);
#2974=ORIENTED_EDGE('',*,*,#4253,.F.);
#2975=ORIENTED_EDGE('',*,*,#4254,.F.);
#2976=ORIENTED_EDGE('',*,*,#4255,.F.);
#2977=ORIENTED_EDGE('',*,*,#4256,.F.);
#2978=ORIENTED_EDGE('',*,*,#4254,.T.);
#2979=ORIENTED_EDGE('',*,*,#4257,.F.);
#2980=ORIENTED_EDGE('',*,*,#4252,.T.);
#2981=ORIENTED_EDGE('',*,*,#4258,.F.);
#2982=ORIENTED_EDGE('',*,*,#4259,.T.);
#2983=ORIENTED_EDGE('',*,*,#4260,.F.);
#2984=ORIENTED_EDGE('',*,*,#4261,.T.);
#2985=ORIENTED_EDGE('',*,*,#4262,.F.);
#2986=ORIENTED_EDGE('',*,*,#4263,.T.);
#2987=ORIENTED_EDGE('',*,*,#4264,.F.);
#2988=ORIENTED_EDGE('',*,*,#4265,.T.);
#2989=ORIENTED_EDGE('',*,*,#4266,.T.);
#2990=ORIENTED_EDGE('',*,*,#4267,.T.);
#2991=ORIENTED_EDGE('',*,*,#4268,.T.);
#2992=ORIENTED_EDGE('',*,*,#4269,.T.);
#2993=ORIENTED_EDGE('',*,*,#4270,.F.);
#2994=ORIENTED_EDGE('',*,*,#4271,.T.);
#2995=ORIENTED_EDGE('',*,*,#4272,.T.);
#2996=ORIENTED_EDGE('',*,*,#4273,.T.);
#2997=ORIENTED_EDGE('',*,*,#4274,.F.);
#2998=ORIENTED_EDGE('',*,*,#4275,.F.);
#2999=ORIENTED_EDGE('',*,*,#4276,.T.);
#3000=ORIENTED_EDGE('',*,*,#4277,.T.);
#3001=ORIENTED_EDGE('',*,*,#4278,.T.);
#3002=ORIENTED_EDGE('',*,*,#4279,.T.);
#3003=ORIENTED_EDGE('',*,*,#4280,.T.);
#3004=ORIENTED_EDGE('',*,*,#4281,.T.);
#3005=ORIENTED_EDGE('',*,*,#4282,.F.);
#3006=ORIENTED_EDGE('',*,*,#4283,.F.);
#3007=ORIENTED_EDGE('',*,*,#4284,.T.);
#3008=ORIENTED_EDGE('',*,*,#4285,.F.);
#3009=ORIENTED_EDGE('',*,*,#4286,.T.);
#3010=ORIENTED_EDGE('',*,*,#4287,.T.);
#3011=ORIENTED_EDGE('',*,*,#4288,.T.);
#3012=ORIENTED_EDGE('',*,*,#4289,.T.);
#3013=ORIENTED_EDGE('',*,*,#4272,.F.);
#3014=ORIENTED_EDGE('',*,*,#4290,.T.);
#3015=ORIENTED_EDGE('',*,*,#4291,.F.);
#3016=ORIENTED_EDGE('',*,*,#4292,.T.);
#3017=ORIENTED_EDGE('',*,*,#4293,.T.);
#3018=ORIENTED_EDGE('',*,*,#4294,.F.);
#3019=ORIENTED_EDGE('',*,*,#4280,.F.);
#3020=ORIENTED_EDGE('',*,*,#4295,.T.);
#3021=ORIENTED_EDGE('',*,*,#4296,.F.);
#3022=ORIENTED_EDGE('',*,*,#4297,.F.);
#3023=ORIENTED_EDGE('',*,*,#4284,.F.);
#3024=ORIENTED_EDGE('',*,*,#4298,.F.);
#3025=ORIENTED_EDGE('',*,*,#4299,.F.);
#3026=ORIENTED_EDGE('',*,*,#4276,.F.);
#3027=ORIENTED_EDGE('',*,*,#4300,.F.);
#3028=ORIENTED_EDGE('',*,*,#4301,.T.);
#3029=ORIENTED_EDGE('',*,*,#4302,.T.);
#3030=ORIENTED_EDGE('',*,*,#4303,.F.);
#3031=ORIENTED_EDGE('',*,*,#4304,.T.);
#3032=ORIENTED_EDGE('',*,*,#4305,.F.);
#3033=ORIENTED_EDGE('',*,*,#4306,.T.);
#3034=ORIENTED_EDGE('',*,*,#4307,.F.);
#3035=ORIENTED_EDGE('',*,*,#4308,.T.);
#3036=ORIENTED_EDGE('',*,*,#4309,.F.);
#3037=ORIENTED_EDGE('',*,*,#4310,.T.);
#3038=ORIENTED_EDGE('',*,*,#4311,.T.);
#3039=ORIENTED_EDGE('',*,*,#4312,.T.);
#3040=ORIENTED_EDGE('',*,*,#4313,.T.);
#3041=ORIENTED_EDGE('',*,*,#4314,.T.);
#3042=ORIENTED_EDGE('',*,*,#4291,.T.);
#3043=ORIENTED_EDGE('',*,*,#4315,.T.);
#3044=ORIENTED_EDGE('',*,*,#4316,.F.);
#3045=ORIENTED_EDGE('',*,*,#4317,.F.);
#3046=ORIENTED_EDGE('',*,*,#4318,.T.);
#3047=ORIENTED_EDGE('',*,*,#4319,.T.);
#3048=ORIENTED_EDGE('',*,*,#4292,.F.);
#3049=ORIENTED_EDGE('',*,*,#4317,.T.);
#3050=ORIENTED_EDGE('',*,*,#4294,.T.);
#3051=ORIENTED_EDGE('',*,*,#4320,.T.);
#3052=ORIENTED_EDGE('',*,*,#4321,.F.);
#3053=ORIENTED_EDGE('',*,*,#4281,.F.);
#3054=ORIENTED_EDGE('',*,*,#4322,.F.);
#3055=ORIENTED_EDGE('',*,*,#4323,.F.);
#3056=ORIENTED_EDGE('',*,*,#4298,.T.);
#3057=ORIENTED_EDGE('',*,*,#4283,.T.);
#3058=ORIENTED_EDGE('',*,*,#4324,.T.);
#3059=ORIENTED_EDGE('',*,*,#4325,.T.);
#3060=ORIENTED_EDGE('',*,*,#4326,.T.);
#3061=ORIENTED_EDGE('',*,*,#4327,.T.);
#3062=ORIENTED_EDGE('',*,*,#4328,.F.);
#3063=ORIENTED_EDGE('',*,*,#4277,.F.);
#3064=ORIENTED_EDGE('',*,*,#4299,.T.);
#3065=ORIENTED_EDGE('',*,*,#4323,.T.);
#3066=ORIENTED_EDGE('',*,*,#4238,.F.);
#3067=ORIENTED_EDGE('',*,*,#4240,.F.);
#3068=ORIENTED_EDGE('',*,*,#4242,.F.);
#3069=ORIENTED_EDGE('',*,*,#4244,.F.);
#3070=ORIENTED_EDGE('',*,*,#4246,.F.);
#3071=ORIENTED_EDGE('',*,*,#4248,.F.);
#3072=ORIENTED_EDGE('',*,*,#4250,.F.);
#3073=ORIENTED_EDGE('',*,*,#4256,.T.);
#3074=ORIENTED_EDGE('',*,*,#4257,.T.);
#3075=ORIENTED_EDGE('',*,*,#4316,.T.);
#3076=ORIENTED_EDGE('',*,*,#4329,.T.);
#3077=ORIENTED_EDGE('',*,*,#4270,.T.);
#3078=ORIENTED_EDGE('',*,*,#4328,.T.);
#3079=ORIENTED_EDGE('',*,*,#4322,.T.);
#3080=ORIENTED_EDGE('',*,*,#4282,.T.);
#3081=ORIENTED_EDGE('',*,*,#4321,.T.);
#3082=ORIENTED_EDGE('',*,*,#4330,.T.);
#3083=ORIENTED_EDGE('',*,*,#4318,.F.);
#3084=ORIENTED_EDGE('',*,*,#4301,.F.);
#3085=ORIENTED_EDGE('',*,*,#4331,.F.);
#3086=ORIENTED_EDGE('',*,*,#4332,.T.);
#3087=ORIENTED_EDGE('',*,*,#4333,.T.);
#3088=ORIENTED_EDGE('',*,*,#4302,.F.);
#3089=ORIENTED_EDGE('',*,*,#4333,.F.);
#3090=ORIENTED_EDGE('',*,*,#4334,.T.);
#3091=ORIENTED_EDGE('',*,*,#4273,.F.);
#3092=ORIENTED_EDGE('',*,*,#4275,.T.);
#3093=ORIENTED_EDGE('',*,*,#4335,.F.);
#3094=ORIENTED_EDGE('',*,*,#4331,.T.);
#3095=ORIENTED_EDGE('',*,*,#4300,.T.);
#3096=ORIENTED_EDGE('',*,*,#4274,.T.);
#3097=ORIENTED_EDGE('',*,*,#4334,.F.);
#3098=ORIENTED_EDGE('',*,*,#4332,.F.);
#3099=ORIENTED_EDGE('',*,*,#4335,.T.);
#3100=ORIENTED_EDGE('',*,*,#4311,.F.);
#3101=ORIENTED_EDGE('',*,*,#4336,.T.);
#3102=ORIENTED_EDGE('',*,*,#4324,.F.);
#3103=ORIENTED_EDGE('',*,*,#4337,.T.);
#3104=ORIENTED_EDGE('',*,*,#4305,.T.);
#3105=ORIENTED_EDGE('',*,*,#4338,.T.);
#3106=ORIENTED_EDGE('',*,*,#4309,.T.);
#3107=ORIENTED_EDGE('',*,*,#4339,.T.);
#3108=ORIENTED_EDGE('',*,*,#4340,.T.);
#3109=ORIENTED_EDGE('',*,*,#4341,.T.);
#3110=ORIENTED_EDGE('',*,*,#4295,.F.);
#3111=ORIENTED_EDGE('',*,*,#4279,.F.);
#3112=ORIENTED_EDGE('',*,*,#4296,.T.);
#3113=ORIENTED_EDGE('',*,*,#4341,.F.);
#3114=ORIENTED_EDGE('',*,*,#4342,.F.);
#3115=ORIENTED_EDGE('',*,*,#4343,.T.);
#3116=ORIENTED_EDGE('',*,*,#4285,.T.);
#3117=ORIENTED_EDGE('',*,*,#4297,.T.);
#3118=ORIENTED_EDGE('',*,*,#4343,.F.);
#3119=ORIENTED_EDGE('',*,*,#4344,.F.);
#3120=ORIENTED_EDGE('',*,*,#4288,.F.);
#3121=ORIENTED_EDGE('',*,*,#4345,.T.);
#3122=ORIENTED_EDGE('',*,*,#4258,.T.);
#3123=ORIENTED_EDGE('',*,*,#4346,.T.);
#3124=ORIENTED_EDGE('',*,*,#4264,.T.);
#3125=ORIENTED_EDGE('',*,*,#4347,.T.);
#3126=ORIENTED_EDGE('',*,*,#4268,.F.);
#3127=ORIENTED_EDGE('',*,*,#4348,.T.);
#3128=ORIENTED_EDGE('',*,*,#4344,.T.);
#3129=ORIENTED_EDGE('',*,*,#4342,.T.);
#3130=ORIENTED_EDGE('',*,*,#4340,.F.);
#3131=ORIENTED_EDGE('',*,*,#4278,.F.);
#3132=ORIENTED_EDGE('',*,*,#4253,.T.);
#3133=ORIENTED_EDGE('',*,*,#4262,.T.);
#3134=ORIENTED_EDGE('',*,*,#4349,.T.);
#3135=ORIENTED_EDGE('',*,*,#4260,.T.);
#3136=ORIENTED_EDGE('',*,*,#4350,.T.);
#3137=ORIENTED_EDGE('',*,*,#4286,.F.);
#3138=ORIENTED_EDGE('',*,*,#4351,.T.);
#3139=ORIENTED_EDGE('',*,*,#4266,.F.);
#3140=ORIENTED_EDGE('',*,*,#4352,.T.);
#3141=ORIENTED_EDGE('',*,*,#4255,.T.);
#3142=ORIENTED_EDGE('',*,*,#4307,.T.);
#3143=ORIENTED_EDGE('',*,*,#4353,.T.);
#3144=ORIENTED_EDGE('',*,*,#4303,.T.);
#3145=ORIENTED_EDGE('',*,*,#4354,.T.);
#3146=ORIENTED_EDGE('',*,*,#4326,.F.);
#3147=ORIENTED_EDGE('',*,*,#4355,.T.);
#3148=ORIENTED_EDGE('',*,*,#4313,.F.);
#3149=ORIENTED_EDGE('',*,*,#4356,.T.);
#3150=ORIENTED_EDGE('',*,*,#4293,.F.);
#3151=ORIENTED_EDGE('',*,*,#4319,.F.);
#3152=ORIENTED_EDGE('',*,*,#4330,.F.);
#3153=ORIENTED_EDGE('',*,*,#4320,.F.);
#3154=ORIENTED_EDGE('',*,*,#4290,.F.);
#3155=ORIENTED_EDGE('',*,*,#4271,.F.);
#3156=ORIENTED_EDGE('',*,*,#4329,.F.);
#3157=ORIENTED_EDGE('',*,*,#4315,.F.);
#3158=ORIENTED_EDGE('',*,*,#4339,.F.);
#3159=ORIENTED_EDGE('',*,*,#4308,.F.);
#3160=ORIENTED_EDGE('',*,*,#4356,.F.);
#3161=ORIENTED_EDGE('',*,*,#4312,.F.);
#3162=ORIENTED_EDGE('',*,*,#4338,.F.);
#3163=ORIENTED_EDGE('',*,*,#4304,.F.);
#3164=ORIENTED_EDGE('',*,*,#4353,.F.);
#3165=ORIENTED_EDGE('',*,*,#4310,.F.);
#3166=ORIENTED_EDGE('',*,*,#4336,.F.);
#3167=ORIENTED_EDGE('',*,*,#4314,.F.);
#3168=ORIENTED_EDGE('',*,*,#4355,.F.);
#3169=ORIENTED_EDGE('',*,*,#4325,.F.);
#3170=ORIENTED_EDGE('',*,*,#4337,.F.);
#3171=ORIENTED_EDGE('',*,*,#4327,.F.);
#3172=ORIENTED_EDGE('',*,*,#4354,.F.);
#3173=ORIENTED_EDGE('',*,*,#4306,.F.);
#3174=ORIENTED_EDGE('',*,*,#4345,.F.);
#3175=ORIENTED_EDGE('',*,*,#4287,.F.);
#3176=ORIENTED_EDGE('',*,*,#4350,.F.);
#3177=ORIENTED_EDGE('',*,*,#4259,.F.);
#3178=ORIENTED_EDGE('',*,*,#4348,.F.);
#3179=ORIENTED_EDGE('',*,*,#4267,.F.);
#3180=ORIENTED_EDGE('',*,*,#4351,.F.);
#3181=ORIENTED_EDGE('',*,*,#4289,.F.);
#3182=ORIENTED_EDGE('',*,*,#4347,.F.);
#3183=ORIENTED_EDGE('',*,*,#4263,.F.);
#3184=ORIENTED_EDGE('',*,*,#4352,.F.);
#3185=ORIENTED_EDGE('',*,*,#4269,.F.);
#3186=ORIENTED_EDGE('',*,*,#4346,.F.);
#3187=ORIENTED_EDGE('',*,*,#4261,.F.);
#3188=ORIENTED_EDGE('',*,*,#4349,.F.);
#3189=ORIENTED_EDGE('',*,*,#4265,.F.);
#3190=ORIENTED_EDGE('',*,*,#4251,.T.);
#3191=ORIENTED_EDGE('',*,*,#4249,.T.);
#3192=ORIENTED_EDGE('',*,*,#4247,.T.);
#3193=ORIENTED_EDGE('',*,*,#4245,.T.);
#3194=ORIENTED_EDGE('',*,*,#4243,.T.);
#3195=ORIENTED_EDGE('',*,*,#4241,.T.);
#3196=ORIENTED_EDGE('',*,*,#4239,.T.);
#3197=ORIENTED_EDGE('',*,*,#4357,.F.);
#3198=ORIENTED_EDGE('',*,*,#4358,.F.);
#3199=ORIENTED_EDGE('',*,*,#4359,.T.);
#3200=ORIENTED_EDGE('',*,*,#4360,.F.);
#3201=ORIENTED_EDGE('',*,*,#4361,.F.);
#3202=ORIENTED_EDGE('',*,*,#4362,.T.);
#3203=ORIENTED_EDGE('',*,*,#4363,.T.);
#3204=ORIENTED_EDGE('',*,*,#4364,.T.);
#3205=ORIENTED_EDGE('',*,*,#4365,.F.);
#3206=ORIENTED_EDGE('',*,*,#4366,.F.);
#3207=ORIENTED_EDGE('',*,*,#4367,.T.);
#3208=ORIENTED_EDGE('',*,*,#4368,.T.);
#3209=ORIENTED_EDGE('',*,*,#4369,.T.);
#3210=ORIENTED_EDGE('',*,*,#4370,.F.);
#3211=ORIENTED_EDGE('',*,*,#4371,.T.);
#3212=ORIENTED_EDGE('',*,*,#4372,.T.);
#3213=ORIENTED_EDGE('',*,*,#4373,.T.);
#3214=ORIENTED_EDGE('',*,*,#4374,.T.);
#3215=ORIENTED_EDGE('',*,*,#4375,.T.);
#3216=ORIENTED_EDGE('',*,*,#4376,.F.);
#3217=ORIENTED_EDGE('',*,*,#4377,.T.);
#3218=ORIENTED_EDGE('',*,*,#4378,.T.);
#3219=ORIENTED_EDGE('',*,*,#4379,.T.);
#3220=ORIENTED_EDGE('',*,*,#4380,.F.);
#3221=ORIENTED_EDGE('',*,*,#4381,.T.);
#3222=ORIENTED_EDGE('',*,*,#4382,.F.);
#3223=ORIENTED_EDGE('',*,*,#4383,.T.);
#3224=ORIENTED_EDGE('',*,*,#4384,.T.);
#3225=ORIENTED_EDGE('',*,*,#4385,.T.);
#3226=ORIENTED_EDGE('',*,*,#4386,.F.);
#3227=ORIENTED_EDGE('',*,*,#4387,.T.);
#3228=ORIENTED_EDGE('',*,*,#4388,.T.);
#3229=ORIENTED_EDGE('',*,*,#4389,.T.);
#3230=ORIENTED_EDGE('',*,*,#4390,.F.);
#3231=ORIENTED_EDGE('',*,*,#4391,.F.);
#3232=ORIENTED_EDGE('',*,*,#4392,.T.);
#3233=ORIENTED_EDGE('',*,*,#4393,.F.);
#3234=ORIENTED_EDGE('',*,*,#4394,.F.);
#3235=ORIENTED_EDGE('',*,*,#4395,.T.);
#3236=ORIENTED_EDGE('',*,*,#4396,.F.);
#3237=ORIENTED_EDGE('',*,*,#4397,.F.);
#3238=ORIENTED_EDGE('',*,*,#4398,.T.);
#3239=ORIENTED_EDGE('',*,*,#4399,.F.);
#3240=ORIENTED_EDGE('',*,*,#4400,.F.);
#3241=ORIENTED_EDGE('',*,*,#4401,.T.);
#3242=ORIENTED_EDGE('',*,*,#4402,.F.);
#3243=ORIENTED_EDGE('',*,*,#4403,.F.);
#3244=ORIENTED_EDGE('',*,*,#4404,.T.);
#3245=ORIENTED_EDGE('',*,*,#4364,.F.);
#3246=ORIENTED_EDGE('',*,*,#4384,.F.);
#3247=ORIENTED_EDGE('',*,*,#4405,.T.);
#3248=ORIENTED_EDGE('',*,*,#4374,.F.);
#3249=ORIENTED_EDGE('',*,*,#4406,.T.);
#3250=ORIENTED_EDGE('',*,*,#4407,.F.);
#3251=ORIENTED_EDGE('',*,*,#4408,.T.);
#3252=ORIENTED_EDGE('',*,*,#4368,.F.);
#3253=ORIENTED_EDGE('',*,*,#4409,.T.);
#3254=ORIENTED_EDGE('',*,*,#4410,.F.);
#3255=ORIENTED_EDGE('',*,*,#4411,.F.);
#3256=ORIENTED_EDGE('',*,*,#4412,.T.);
#3257=ORIENTED_EDGE('',*,*,#4386,.T.);
#3258=ORIENTED_EDGE('',*,*,#4413,.T.);
#3259=ORIENTED_EDGE('',*,*,#4366,.T.);
#3260=ORIENTED_EDGE('',*,*,#4414,.T.);
#3261=ORIENTED_EDGE('',*,*,#4399,.T.);
#3262=ORIENTED_EDGE('',*,*,#4415,.T.);
#3263=ORIENTED_EDGE('',*,*,#4387,.F.);
#3264=ORIENTED_EDGE('',*,*,#4412,.F.);
#3265=ORIENTED_EDGE('',*,*,#4416,.F.);
#3266=ORIENTED_EDGE('',*,*,#4417,.T.);
#3267=ORIENTED_EDGE('',*,*,#4418,.T.);
#3268=ORIENTED_EDGE('',*,*,#4373,.F.);
#3269=ORIENTED_EDGE('',*,*,#4419,.T.);
#3270=ORIENTED_EDGE('',*,*,#4400,.T.);
#3271=ORIENTED_EDGE('',*,*,#4418,.F.);
#3272=ORIENTED_EDGE('',*,*,#4420,.T.);
#3273=ORIENTED_EDGE('',*,*,#4421,.T.);
#3274=ORIENTED_EDGE('',*,*,#4414,.F.);
#3275=ORIENTED_EDGE('',*,*,#4422,.F.);
#3276=ORIENTED_EDGE('',*,*,#4423,.F.);
#3277=ORIENTED_EDGE('',*,*,#4424,.T.);
#3278=ORIENTED_EDGE('',*,*,#4370,.T.);
#3279=ORIENTED_EDGE('',*,*,#4425,.T.);
#3280=ORIENTED_EDGE('',*,*,#4426,.F.);
#3281=ORIENTED_EDGE('',*,*,#4427,.T.);
#3282=ORIENTED_EDGE('',*,*,#4402,.T.);
#3283=ORIENTED_EDGE('',*,*,#4428,.T.);
#3284=ORIENTED_EDGE('',*,*,#4371,.F.);
#3285=ORIENTED_EDGE('',*,*,#4424,.F.);
#3286=ORIENTED_EDGE('',*,*,#4429,.F.);
#3287=ORIENTED_EDGE('',*,*,#4430,.T.);
#3288=ORIENTED_EDGE('',*,*,#4431,.T.);
#3289=ORIENTED_EDGE('',*,*,#4427,.F.);
#3290=ORIENTED_EDGE('',*,*,#4432,.T.);
#3291=ORIENTED_EDGE('',*,*,#4403,.T.);
#3292=ORIENTED_EDGE('',*,*,#4431,.F.);
#3293=ORIENTED_EDGE('',*,*,#4433,.T.);
#3294=ORIENTED_EDGE('',*,*,#4434,.T.);
#3295=ORIENTED_EDGE('',*,*,#4435,.F.);
#3296=ORIENTED_EDGE('',*,*,#4436,.F.);
#3297=ORIENTED_EDGE('',*,*,#4437,.T.);
#3298=ORIENTED_EDGE('',*,*,#4438,.F.);
#3299=ORIENTED_EDGE('',*,*,#4439,.T.);
#3300=ORIENTED_EDGE('',*,*,#4380,.T.);
#3301=ORIENTED_EDGE('',*,*,#4440,.T.);
#3302=ORIENTED_EDGE('',*,*,#4393,.T.);
#3303=ORIENTED_EDGE('',*,*,#4441,.T.);
#3304=ORIENTED_EDGE('',*,*,#4437,.F.);
#3305=ORIENTED_EDGE('',*,*,#4442,.F.);
#3306=ORIENTED_EDGE('',*,*,#4443,.T.);
#3307=ORIENTED_EDGE('',*,*,#4444,.T.);
#3308=ORIENTED_EDGE('',*,*,#4379,.F.);
#3309=ORIENTED_EDGE('',*,*,#4445,.T.);
#3310=ORIENTED_EDGE('',*,*,#4394,.T.);
#3311=ORIENTED_EDGE('',*,*,#4444,.F.);
#3312=ORIENTED_EDGE('',*,*,#4446,.T.);
#3313=ORIENTED_EDGE('',*,*,#4447,.T.);
#3314=ORIENTED_EDGE('',*,*,#4440,.F.);
#3315=ORIENTED_EDGE('',*,*,#4448,.F.);
#3316=ORIENTED_EDGE('',*,*,#4449,.F.);
#3317=ORIENTED_EDGE('',*,*,#4450,.T.);
#3318=ORIENTED_EDGE('',*,*,#4376,.T.);
#3319=ORIENTED_EDGE('',*,*,#4451,.T.);
#3320=ORIENTED_EDGE('',*,*,#4382,.T.);
#3321=ORIENTED_EDGE('',*,*,#4452,.T.);
#3322=ORIENTED_EDGE('',*,*,#4396,.T.);
#3323=ORIENTED_EDGE('',*,*,#4453,.T.);
#3324=ORIENTED_EDGE('',*,*,#4377,.F.);
#3325=ORIENTED_EDGE('',*,*,#4450,.F.);
#3326=ORIENTED_EDGE('',*,*,#4454,.F.);
#3327=ORIENTED_EDGE('',*,*,#4455,.T.);
#3328=ORIENTED_EDGE('',*,*,#4456,.T.);
#3329=ORIENTED_EDGE('',*,*,#4389,.F.);
#3330=ORIENTED_EDGE('',*,*,#4457,.T.);
#3331=ORIENTED_EDGE('',*,*,#4397,.T.);
#3332=ORIENTED_EDGE('',*,*,#4456,.F.);
#3333=ORIENTED_EDGE('',*,*,#4458,.T.);
#3334=ORIENTED_EDGE('',*,*,#4459,.T.);
#3335=ORIENTED_EDGE('',*,*,#4452,.F.);
#3336=ORIENTED_EDGE('',*,*,#4359,.F.);
#3337=ORIENTED_EDGE('',*,*,#4460,.T.);
#3338=ORIENTED_EDGE('',*,*,#4461,.T.);
#3339=ORIENTED_EDGE('',*,*,#4462,.T.);
#3340=ORIENTED_EDGE('',*,*,#4463,.F.);
#3341=ORIENTED_EDGE('',*,*,#4464,.T.);
#3342=ORIENTED_EDGE('',*,*,#4404,.F.);
#3343=ORIENTED_EDGE('',*,*,#4432,.F.);
#3344=ORIENTED_EDGE('',*,*,#4426,.T.);
#3345=ORIENTED_EDGE('',*,*,#4465,.T.);
#3346=ORIENTED_EDGE('',*,*,#4407,.T.);
#3347=ORIENTED_EDGE('',*,*,#4466,.T.);
#3348=ORIENTED_EDGE('',*,*,#4438,.T.);
#3349=ORIENTED_EDGE('',*,*,#4441,.F.);
#3350=ORIENTED_EDGE('',*,*,#4392,.F.);
#3351=ORIENTED_EDGE('',*,*,#4467,.T.);
#3352=ORIENTED_EDGE('',*,*,#4451,.F.);
#3353=ORIENTED_EDGE('',*,*,#4375,.F.);
#3354=ORIENTED_EDGE('',*,*,#4405,.F.);
#3355=ORIENTED_EDGE('',*,*,#4383,.F.);
#3356=ORIENTED_EDGE('',*,*,#4439,.F.);
#3357=ORIENTED_EDGE('',*,*,#4466,.F.);
#3358=ORIENTED_EDGE('',*,*,#4406,.F.);
#3359=ORIENTED_EDGE('',*,*,#4381,.F.);
#3360=ORIENTED_EDGE('',*,*,#4413,.F.);
#3361=ORIENTED_EDGE('',*,*,#4385,.F.);
#3362=ORIENTED_EDGE('',*,*,#4409,.F.);
#3363=ORIENTED_EDGE('',*,*,#4367,.F.);
#3364=ORIENTED_EDGE('',*,*,#4408,.F.);
#3365=ORIENTED_EDGE('',*,*,#4465,.F.);
#3366=ORIENTED_EDGE('',*,*,#4425,.F.);
#3367=ORIENTED_EDGE('',*,*,#4369,.F.);
#3368=ORIENTED_EDGE('',*,*,#4419,.F.);
#3369=ORIENTED_EDGE('',*,*,#4372,.F.);
#3370=ORIENTED_EDGE('',*,*,#4428,.F.);
#3371=ORIENTED_EDGE('',*,*,#4401,.F.);
#3372=ORIENTED_EDGE('',*,*,#4457,.F.);
#3373=ORIENTED_EDGE('',*,*,#4388,.F.);
#3374=ORIENTED_EDGE('',*,*,#4415,.F.);
#3375=ORIENTED_EDGE('',*,*,#4398,.F.);
#3376=ORIENTED_EDGE('',*,*,#4445,.F.);
#3377=ORIENTED_EDGE('',*,*,#4378,.F.);
#3378=ORIENTED_EDGE('',*,*,#4453,.F.);
#3379=ORIENTED_EDGE('',*,*,#4395,.F.);
#3380=ORIENTED_EDGE('',*,*,#4468,.T.);
#3381=ORIENTED_EDGE('',*,*,#4365,.T.);
#3382=ORIENTED_EDGE('',*,*,#4464,.F.);
#3383=ORIENTED_EDGE('',*,*,#4469,.F.);
#3384=ORIENTED_EDGE('',*,*,#4360,.T.);
#3385=ORIENTED_EDGE('',*,*,#4467,.F.);
#3386=ORIENTED_EDGE('',*,*,#4470,.F.);
#3387=ORIENTED_EDGE('',*,*,#4362,.F.);
#3388=ORIENTED_EDGE('',*,*,#4468,.F.);
#3389=ORIENTED_EDGE('',*,*,#4463,.T.);
#3390=ORIENTED_EDGE('',*,*,#4471,.F.);
#3391=ORIENTED_EDGE('',*,*,#4391,.T.);
#3392=ORIENTED_EDGE('',*,*,#4472,.T.);
#3393=ORIENTED_EDGE('',*,*,#4361,.T.);
#3394=ORIENTED_EDGE('',*,*,#4469,.T.);
#3395=ORIENTED_EDGE('',*,*,#4473,.F.);
#3396=ORIENTED_EDGE('',*,*,#4474,.T.);
#3397=ORIENTED_EDGE('',*,*,#4475,.T.);
#3398=ORIENTED_EDGE('',*,*,#4461,.F.);
#3399=ORIENTED_EDGE('',*,*,#4358,.T.);
#3400=ORIENTED_EDGE('',*,*,#4476,.F.);
#3401=ORIENTED_EDGE('',*,*,#4477,.T.);
#3402=ORIENTED_EDGE('',*,*,#4473,.T.);
#3403=ORIENTED_EDGE('',*,*,#4460,.F.);
#3404=ORIENTED_EDGE('',*,*,#4475,.F.);
#3405=ORIENTED_EDGE('',*,*,#4478,.T.);
#3406=ORIENTED_EDGE('',*,*,#4479,.T.);
#3407=ORIENTED_EDGE('',*,*,#4471,.T.);
#3408=ORIENTED_EDGE('',*,*,#4462,.F.);
#3409=ORIENTED_EDGE('',*,*,#4470,.T.);
#3410=ORIENTED_EDGE('',*,*,#4479,.F.);
#3411=ORIENTED_EDGE('',*,*,#4480,.T.);
#3412=ORIENTED_EDGE('',*,*,#4476,.T.);
#3413=ORIENTED_EDGE('',*,*,#4357,.T.);
#3414=ORIENTED_EDGE('',*,*,#4472,.F.);
#3415=ORIENTED_EDGE('',*,*,#4390,.T.);
#3416=ORIENTED_EDGE('',*,*,#4363,.F.);
#3417=ORIENTED_EDGE('',*,*,#4480,.F.);
#3418=ORIENTED_EDGE('',*,*,#4478,.F.);
#3419=ORIENTED_EDGE('',*,*,#4474,.F.);
#3420=ORIENTED_EDGE('',*,*,#4477,.F.);
#3421=ORIENTED_EDGE('',*,*,#4481,.T.);
#3422=ORIENTED_EDGE('',*,*,#4482,.T.);
#3423=ORIENTED_EDGE('',*,*,#4448,.T.);
#3424=ORIENTED_EDGE('',*,*,#4459,.F.);
#3425=ORIENTED_EDGE('',*,*,#4483,.T.);
#3426=ORIENTED_EDGE('',*,*,#4454,.T.);
#3427=ORIENTED_EDGE('',*,*,#4449,.T.);
#3428=ORIENTED_EDGE('',*,*,#4482,.F.);
#3429=ORIENTED_EDGE('',*,*,#4455,.F.);
#3430=ORIENTED_EDGE('',*,*,#4483,.F.);
#3431=ORIENTED_EDGE('',*,*,#4481,.F.);
#3432=ORIENTED_EDGE('',*,*,#4458,.F.);
#3433=ORIENTED_EDGE('',*,*,#4484,.T.);
#3434=ORIENTED_EDGE('',*,*,#4485,.T.);
#3435=ORIENTED_EDGE('',*,*,#4435,.T.);
#3436=ORIENTED_EDGE('',*,*,#4447,.F.);
#3437=ORIENTED_EDGE('',*,*,#4486,.T.);
#3438=ORIENTED_EDGE('',*,*,#4442,.T.);
#3439=ORIENTED_EDGE('',*,*,#4436,.T.);
#3440=ORIENTED_EDGE('',*,*,#4485,.F.);
#3441=ORIENTED_EDGE('',*,*,#4443,.F.);
#3442=ORIENTED_EDGE('',*,*,#4486,.F.);
#3443=ORIENTED_EDGE('',*,*,#4484,.F.);
#3444=ORIENTED_EDGE('',*,*,#4446,.F.);
#3445=ORIENTED_EDGE('',*,*,#4487,.T.);
#3446=ORIENTED_EDGE('',*,*,#4488,.T.);
#3447=ORIENTED_EDGE('',*,*,#4422,.T.);
#3448=ORIENTED_EDGE('',*,*,#4434,.F.);
#3449=ORIENTED_EDGE('',*,*,#4489,.T.);
#3450=ORIENTED_EDGE('',*,*,#4429,.T.);
#3451=ORIENTED_EDGE('',*,*,#4423,.T.);
#3452=ORIENTED_EDGE('',*,*,#4488,.F.);
#3453=ORIENTED_EDGE('',*,*,#4430,.F.);
#3454=ORIENTED_EDGE('',*,*,#4489,.F.);
#3455=ORIENTED_EDGE('',*,*,#4487,.F.);
#3456=ORIENTED_EDGE('',*,*,#4433,.F.);
#3457=ORIENTED_EDGE('',*,*,#4490,.T.);
#3458=ORIENTED_EDGE('',*,*,#4491,.T.);
#3459=ORIENTED_EDGE('',*,*,#4410,.T.);
#3460=ORIENTED_EDGE('',*,*,#4421,.F.);
#3461=ORIENTED_EDGE('',*,*,#4492,.T.);
#3462=ORIENTED_EDGE('',*,*,#4416,.T.);
#3463=ORIENTED_EDGE('',*,*,#4411,.T.);
#3464=ORIENTED_EDGE('',*,*,#4491,.F.);
#3465=ORIENTED_EDGE('',*,*,#4417,.F.);
#3466=ORIENTED_EDGE('',*,*,#4492,.F.);
#3467=ORIENTED_EDGE('',*,*,#4490,.F.);
#3468=ORIENTED_EDGE('',*,*,#4420,.F.);
#3469=ORIENTED_EDGE('',*,*,#4493,.T.);
#3470=ORIENTED_EDGE('',*,*,#4494,.T.);
#3471=ORIENTED_EDGE('',*,*,#4495,.F.);
#3472=ORIENTED_EDGE('',*,*,#4496,.F.);
#3473=ORIENTED_EDGE('',*,*,#4497,.T.);
#3474=ORIENTED_EDGE('',*,*,#4498,.T.);
#3475=ORIENTED_EDGE('',*,*,#4499,.F.);
#3476=ORIENTED_EDGE('',*,*,#4500,.F.);
#3477=ORIENTED_EDGE('',*,*,#4501,.T.);
#3478=ORIENTED_EDGE('',*,*,#4502,.T.);
#3479=ORIENTED_EDGE('',*,*,#4503,.T.);
#3480=ORIENTED_EDGE('',*,*,#4504,.F.);
#3481=ORIENTED_EDGE('',*,*,#4495,.T.);
#3482=ORIENTED_EDGE('',*,*,#4505,.T.);
#3483=ORIENTED_EDGE('',*,*,#4501,.F.);
#3484=ORIENTED_EDGE('',*,*,#4506,.F.);
#3485=ORIENTED_EDGE('',*,*,#4507,.F.);
#3486=ORIENTED_EDGE('',*,*,#4508,.T.);
#3487=ORIENTED_EDGE('',*,*,#4509,.T.);
#3488=ORIENTED_EDGE('',*,*,#4510,.T.);
#3489=ORIENTED_EDGE('',*,*,#4503,.F.);
#3490=ORIENTED_EDGE('',*,*,#4511,.T.);
#3491=ORIENTED_EDGE('',*,*,#4512,.T.);
#3492=ORIENTED_EDGE('',*,*,#4513,.T.);
#3493=ORIENTED_EDGE('',*,*,#4514,.T.);
#3494=ORIENTED_EDGE('',*,*,#4515,.F.);
#3495=ORIENTED_EDGE('',*,*,#4516,.F.);
#3496=ORIENTED_EDGE('',*,*,#4517,.T.);
#3497=ORIENTED_EDGE('',*,*,#4518,.F.);
#3498=ORIENTED_EDGE('',*,*,#4519,.T.);
#3499=ORIENTED_EDGE('',*,*,#4520,.T.);
#3500=ORIENTED_EDGE('',*,*,#4496,.T.);
#3501=ORIENTED_EDGE('',*,*,#4510,.F.);
#3502=ORIENTED_EDGE('',*,*,#4521,.T.);
#3503=ORIENTED_EDGE('',*,*,#4513,.F.);
#3504=ORIENTED_EDGE('',*,*,#4522,.T.);
#3505=ORIENTED_EDGE('',*,*,#4523,.F.);
#3506=ORIENTED_EDGE('',*,*,#4524,.T.);
#3507=ORIENTED_EDGE('',*,*,#4525,.T.);
#3508=ORIENTED_EDGE('',*,*,#4526,.T.);
#3509=ORIENTED_EDGE('',*,*,#4527,.T.);
#3510=ORIENTED_EDGE('',*,*,#4528,.F.);
#3511=ORIENTED_EDGE('',*,*,#4527,.F.);
#3512=ORIENTED_EDGE('',*,*,#4529,.T.);
#3513=ORIENTED_EDGE('',*,*,#4530,.T.);
#3514=ORIENTED_EDGE('',*,*,#4531,.T.);
#3515=ORIENTED_EDGE('',*,*,#4532,.T.);
#3516=ORIENTED_EDGE('',*,*,#4533,.F.);
#3517=ORIENTED_EDGE('',*,*,#4534,.F.);
#3518=ORIENTED_EDGE('',*,*,#4535,.T.);
#3519=ORIENTED_EDGE('',*,*,#4533,.T.);
#3520=ORIENTED_EDGE('',*,*,#4536,.T.);
#3521=ORIENTED_EDGE('',*,*,#4537,.F.);
#3522=ORIENTED_EDGE('',*,*,#4538,.F.);
#3523=ORIENTED_EDGE('',*,*,#4499,.T.);
#3524=ORIENTED_EDGE('',*,*,#4539,.T.);
#3525=ORIENTED_EDGE('',*,*,#4525,.F.);
#3526=ORIENTED_EDGE('',*,*,#4540,.F.);
#3527=ORIENTED_EDGE('',*,*,#4541,.F.);
#3528=ORIENTED_EDGE('',*,*,#4537,.T.);
#3529=ORIENTED_EDGE('',*,*,#4542,.T.);
#3530=ORIENTED_EDGE('',*,*,#4543,.T.);
#3531=ORIENTED_EDGE('',*,*,#4515,.T.);
#3532=ORIENTED_EDGE('',*,*,#4544,.T.);
#3533=ORIENTED_EDGE('',*,*,#4508,.F.);
#3534=ORIENTED_EDGE('',*,*,#4545,.F.);
#3535=ORIENTED_EDGE('',*,*,#4546,.F.);
#3536=ORIENTED_EDGE('',*,*,#4547,.T.);
#3537=ORIENTED_EDGE('',*,*,#4548,.T.);
#3538=ORIENTED_EDGE('',*,*,#4549,.T.);
#3539=ORIENTED_EDGE('',*,*,#4550,.T.);
#3540=ORIENTED_EDGE('',*,*,#4500,.T.);
#3541=ORIENTED_EDGE('',*,*,#4543,.F.);
#3542=ORIENTED_EDGE('',*,*,#4551,.T.);
#3543=ORIENTED_EDGE('',*,*,#4531,.F.);
#3544=ORIENTED_EDGE('',*,*,#4552,.T.);
#3545=ORIENTED_EDGE('',*,*,#4553,.F.);
#3546=ORIENTED_EDGE('',*,*,#4554,.T.);
#3547=ORIENTED_EDGE('',*,*,#4555,.F.);
#3548=ORIENTED_EDGE('',*,*,#4506,.T.);
#3549=ORIENTED_EDGE('',*,*,#4504,.T.);
#3550=ORIENTED_EDGE('',*,*,#4517,.F.);
#3551=ORIENTED_EDGE('',*,*,#4556,.F.);
#3552=ORIENTED_EDGE('',*,*,#4557,.T.);
#3553=ORIENTED_EDGE('',*,*,#4545,.T.);
#3554=ORIENTED_EDGE('',*,*,#4507,.T.);
#3555=ORIENTED_EDGE('',*,*,#4555,.T.);
#3556=ORIENTED_EDGE('',*,*,#4558,.T.);
#3557=ORIENTED_EDGE('',*,*,#4559,.T.);
#3558=ORIENTED_EDGE('',*,*,#4534,.T.);
#3559=ORIENTED_EDGE('',*,*,#4538,.T.);
#3560=ORIENTED_EDGE('',*,*,#4541,.T.);
#3561=ORIENTED_EDGE('',*,*,#4560,.T.);
#3562=ORIENTED_EDGE('',*,*,#4561,.T.);
#3563=ORIENTED_EDGE('',*,*,#4556,.T.);
#3564=ORIENTED_EDGE('',*,*,#4516,.T.);
#3565=ORIENTED_EDGE('',*,*,#4559,.F.);
#3566=ORIENTED_EDGE('',*,*,#4562,.T.);
#3567=ORIENTED_EDGE('',*,*,#4563,.F.);
#3568=ORIENTED_EDGE('',*,*,#4564,.T.);
#3569=ORIENTED_EDGE('',*,*,#4560,.F.);
#3570=ORIENTED_EDGE('',*,*,#4540,.T.);
#3571=ORIENTED_EDGE('',*,*,#4528,.T.);
#3572=ORIENTED_EDGE('',*,*,#4535,.F.);
#3573=ORIENTED_EDGE('',*,*,#4565,.F.);
#3574=ORIENTED_EDGE('',*,*,#4553,.T.);
#3575=ORIENTED_EDGE('',*,*,#4566,.F.);
#3576=ORIENTED_EDGE('',*,*,#4563,.T.);
#3577=ORIENTED_EDGE('',*,*,#4554,.F.);
#3578=ORIENTED_EDGE('',*,*,#4565,.T.);
#3579=ORIENTED_EDGE('',*,*,#4562,.F.);
#3580=ORIENTED_EDGE('',*,*,#4558,.F.);
#3581=ORIENTED_EDGE('',*,*,#4557,.F.);
#3582=ORIENTED_EDGE('',*,*,#4561,.F.);
#3583=ORIENTED_EDGE('',*,*,#4564,.F.);
#3584=ORIENTED_EDGE('',*,*,#4566,.T.);
#3585=ORIENTED_EDGE('',*,*,#4530,.F.);
#3586=ORIENTED_EDGE('',*,*,#4567,.T.);
#3587=ORIENTED_EDGE('',*,*,#4568,.F.);
#3588=ORIENTED_EDGE('',*,*,#4552,.F.);
#3589=ORIENTED_EDGE('',*,*,#4512,.F.);
#3590=ORIENTED_EDGE('',*,*,#4569,.T.);
#3591=ORIENTED_EDGE('',*,*,#4570,.F.);
#3592=ORIENTED_EDGE('',*,*,#4522,.F.);
#3593=ORIENTED_EDGE('',*,*,#4532,.F.);
#3594=ORIENTED_EDGE('',*,*,#4551,.F.);
#3595=ORIENTED_EDGE('',*,*,#4542,.F.);
#3596=ORIENTED_EDGE('',*,*,#4536,.F.);
#3597=ORIENTED_EDGE('',*,*,#4514,.F.);
#3598=ORIENTED_EDGE('',*,*,#4521,.F.);
#3599=ORIENTED_EDGE('',*,*,#4509,.F.);
#3600=ORIENTED_EDGE('',*,*,#4544,.F.);
#3601=ORIENTED_EDGE('',*,*,#4571,.F.);
#3602=ORIENTED_EDGE('',*,*,#4572,.T.);
#3603=ORIENTED_EDGE('',*,*,#4546,.T.);
#3604=ORIENTED_EDGE('',*,*,#4568,.T.);
#3605=ORIENTED_EDGE('',*,*,#4573,.T.);
#3606=ORIENTED_EDGE('',*,*,#4574,.T.);
#3607=ORIENTED_EDGE('',*,*,#4575,.T.);
#3608=ORIENTED_EDGE('',*,*,#4574,.F.);
#3609=ORIENTED_EDGE('',*,*,#4576,.T.);
#3610=ORIENTED_EDGE('',*,*,#4577,.T.);
#3611=ORIENTED_EDGE('',*,*,#4578,.T.);
#3612=ORIENTED_EDGE('',*,*,#4550,.F.);
#3613=ORIENTED_EDGE('',*,*,#4579,.T.);
#3614=ORIENTED_EDGE('',*,*,#4580,.T.);
#3615=ORIENTED_EDGE('',*,*,#4581,.T.);
#3616=ORIENTED_EDGE('',*,*,#4577,.F.);
#3617=ORIENTED_EDGE('',*,*,#4582,.T.);
#3618=ORIENTED_EDGE('',*,*,#4497,.F.);
#3619=ORIENTED_EDGE('',*,*,#4583,.T.);
#3620=ORIENTED_EDGE('',*,*,#4584,.T.);
#3621=ORIENTED_EDGE('',*,*,#4548,.F.);
#3622=ORIENTED_EDGE('',*,*,#4585,.T.);
#3623=ORIENTED_EDGE('',*,*,#4580,.F.);
#3624=ORIENTED_EDGE('',*,*,#4586,.T.);
#3625=ORIENTED_EDGE('',*,*,#4583,.F.);
#3626=ORIENTED_EDGE('',*,*,#4587,.T.);
#3627=ORIENTED_EDGE('',*,*,#4571,.T.);
#3628=ORIENTED_EDGE('',*,*,#4588,.T.);
#3629=ORIENTED_EDGE('',*,*,#4581,.F.);
#3630=ORIENTED_EDGE('',*,*,#4588,.F.);
#3631=ORIENTED_EDGE('',*,*,#4575,.F.);
#3632=ORIENTED_EDGE('',*,*,#4578,.F.);
#3633=ORIENTED_EDGE('',*,*,#4520,.F.);
#3634=ORIENTED_EDGE('',*,*,#4589,.T.);
#3635=ORIENTED_EDGE('',*,*,#4590,.T.);
#3636=ORIENTED_EDGE('',*,*,#4591,.T.);
#3637=ORIENTED_EDGE('',*,*,#4592,.T.);
#3638=ORIENTED_EDGE('',*,*,#4593,.T.);
#3639=ORIENTED_EDGE('',*,*,#4493,.F.);
#3640=ORIENTED_EDGE('',*,*,#4518,.T.);
#3641=ORIENTED_EDGE('',*,*,#4594,.T.);
#3642=ORIENTED_EDGE('',*,*,#4595,.F.);
#3643=ORIENTED_EDGE('',*,*,#4596,.T.);
#3644=ORIENTED_EDGE('',*,*,#4597,.F.);
#3645=ORIENTED_EDGE('',*,*,#4598,.T.);
#3646=ORIENTED_EDGE('',*,*,#4523,.T.);
#3647=ORIENTED_EDGE('',*,*,#4570,.T.);
#3648=ORIENTED_EDGE('',*,*,#4599,.T.);
#3649=ORIENTED_EDGE('',*,*,#4600,.F.);
#3650=ORIENTED_EDGE('',*,*,#4601,.T.);
#3651=ORIENTED_EDGE('',*,*,#4600,.T.);
#3652=ORIENTED_EDGE('',*,*,#4602,.T.);
#3653=ORIENTED_EDGE('',*,*,#4592,.F.);
#3654=ORIENTED_EDGE('',*,*,#4603,.T.);
#3655=ORIENTED_EDGE('',*,*,#4595,.T.);
#3656=ORIENTED_EDGE('',*,*,#4604,.T.);
#3657=ORIENTED_EDGE('',*,*,#4597,.T.);
#3658=ORIENTED_EDGE('',*,*,#4605,.T.);
#3659=ORIENTED_EDGE('',*,*,#4590,.F.);
#3660=ORIENTED_EDGE('',*,*,#4606,.T.);
#3661=ORIENTED_EDGE('',*,*,#4601,.F.);
#3662=ORIENTED_EDGE('',*,*,#4603,.F.);
#3663=ORIENTED_EDGE('',*,*,#4591,.F.);
#3664=ORIENTED_EDGE('',*,*,#4605,.F.);
#3665=ORIENTED_EDGE('',*,*,#4582,.F.);
#3666=ORIENTED_EDGE('',*,*,#4576,.F.);
#3667=ORIENTED_EDGE('',*,*,#4573,.F.);
#3668=ORIENTED_EDGE('',*,*,#4567,.F.);
#3669=ORIENTED_EDGE('',*,*,#4529,.F.);
#3670=ORIENTED_EDGE('',*,*,#4526,.F.);
#3671=ORIENTED_EDGE('',*,*,#4539,.F.);
#3672=ORIENTED_EDGE('',*,*,#4498,.F.);
#3673=ORIENTED_EDGE('',*,*,#4511,.F.);
#3674=ORIENTED_EDGE('',*,*,#4502,.F.);
#3675=ORIENTED_EDGE('',*,*,#4505,.F.);
#3676=ORIENTED_EDGE('',*,*,#4494,.F.);
#3677=ORIENTED_EDGE('',*,*,#4593,.F.);
#3678=ORIENTED_EDGE('',*,*,#4602,.F.);
#3679=ORIENTED_EDGE('',*,*,#4599,.F.);
#3680=ORIENTED_EDGE('',*,*,#4569,.F.);
#3681=ORIENTED_EDGE('',*,*,#4604,.F.);
#3682=ORIENTED_EDGE('',*,*,#4594,.F.);
#3683=ORIENTED_EDGE('',*,*,#4524,.F.);
#3684=ORIENTED_EDGE('',*,*,#4598,.F.);
#3685=ORIENTED_EDGE('',*,*,#4586,.F.);
#3686=ORIENTED_EDGE('',*,*,#4579,.F.);
#3687=ORIENTED_EDGE('',*,*,#4549,.F.);
#3688=ORIENTED_EDGE('',*,*,#4584,.F.);
#3689=ORIENTED_EDGE('',*,*,#4587,.F.);
#3690=ORIENTED_EDGE('',*,*,#4585,.F.);
#3691=ORIENTED_EDGE('',*,*,#4547,.F.);
#3692=ORIENTED_EDGE('',*,*,#4572,.F.);
#3693=ORIENTED_EDGE('',*,*,#4606,.F.);
#3694=ORIENTED_EDGE('',*,*,#4589,.F.);
#3695=ORIENTED_EDGE('',*,*,#4519,.F.);
#3696=ORIENTED_EDGE('',*,*,#4596,.F.);
#3697=EDGE_CURVE('NONE',#4607,#4608,#5214,.F.);
#3698=EDGE_CURVE('NONE',#4608,#4609,#371,.F.);
#3699=EDGE_CURVE('NONE',#4610,#4609,#5215,.F.);
#3700=EDGE_CURVE('NONE',#4607,#4610,#372,.F.);
#3701=EDGE_CURVE('NONE',#4611,#4612,#5216,.F.);
#3702=EDGE_CURVE('NONE',#4612,#4613,#373,.F.);
#3703=EDGE_CURVE('NONE',#4614,#4613,#5217,.F.);
#3704=EDGE_CURVE('NONE',#4611,#4614,#374,.T.);
#3705=EDGE_CURVE('NONE',#4615,#4616,#375,.F.);
#3706=EDGE_CURVE('NONE',#4616,#4617,#376,.T.);
#3707=EDGE_CURVE('NONE',#4617,#4618,#377,.T.);
#3708=EDGE_CURVE('NONE',#4615,#4618,#378,.T.);
#3709=EDGE_CURVE('NONE',#4609,#4616,#5218,.F.);
#3710=EDGE_CURVE('NONE',#4619,#4615,#379,.F.);
#3711=EDGE_CURVE('NONE',#4620,#4619,#380,.F.);
#3712=EDGE_CURVE('NONE',#4620,#4621,#381,.F.);
#3713=EDGE_CURVE('NONE',#4621,#4622,#5219,.T.);
#3714=EDGE_CURVE('NONE',#4622,#4610,#382,.F.);
#3715=EDGE_CURVE('NONE',#4617,#4623,#5220,.T.);
#3716=EDGE_CURVE('NONE',#4623,#4624,#5221,.T.);
#3717=EDGE_CURVE('NONE',#4624,#4625,#383,.F.);
#3718=EDGE_CURVE('NONE',#4625,#4626,#5222,.F.);
#3719=EDGE_CURVE('NONE',#4627,#4626,#384,.T.);
#3720=EDGE_CURVE('NONE',#4628,#4627,#385,.T.);
#3721=EDGE_CURVE('NONE',#4628,#4618,#386,.F.);
#3722=EDGE_CURVE('NONE',#4629,#4630,#387,.T.);
#3723=EDGE_CURVE('NONE',#4629,#4631,#5223,.F.);
#3724=EDGE_CURVE('NONE',#4631,#4607,#388,.F.);
#3725=EDGE_CURVE('NONE',#4622,#4625,#389,.T.);
#3726=EDGE_CURVE('NONE',#4624,#4632,#390,.F.);
#3727=EDGE_CURVE('NONE',#4633,#4632,#391,.T.);
#3728=EDGE_CURVE('NONE',#4633,#4630,#5224,.T.);
#3729=EDGE_CURVE('NONE',#4634,#4635,#392,.T.);
#3730=EDGE_CURVE('NONE',#4635,#4636,#393,.F.);
#3731=EDGE_CURVE('NONE',#4636,#4637,#394,.F.);
#3732=EDGE_CURVE('NONE',#4634,#4637,#395,.F.);
#3733=EDGE_CURVE('NONE',#4636,#4638,#5225,.F.);
#3734=EDGE_CURVE('NONE',#4638,#4639,#5226,.T.);
#3735=EDGE_CURVE('NONE',#4639,#4640,#396,.F.);
#3736=EDGE_CURVE('NONE',#4640,#4641,#5227,.F.);
#3737=EDGE_CURVE('NONE',#4642,#4641,#397,.F.);
#3738=EDGE_CURVE('NONE',#4643,#4642,#398,.F.);
#3739=EDGE_CURVE('NONE',#4643,#4637,#399,.F.);
#3740=EDGE_CURVE('NONE',#4641,#4644,#400,.T.);
#3741=EDGE_CURVE('NONE',#4645,#4644,#401,.F.);
#3742=EDGE_CURVE('NONE',#4642,#4645,#402,.T.);
#3743=EDGE_CURVE('NONE',#4613,#4635,#5228,.T.);
#3744=EDGE_CURVE('NONE',#4646,#4634,#403,.F.);
#3745=EDGE_CURVE('NONE',#4645,#4646,#404,.T.);
#3746=EDGE_CURVE('NONE',#4644,#4647,#5229,.T.);
#3747=EDGE_CURVE('NONE',#4647,#4614,#405,.F.);
#3748=EDGE_CURVE('NONE',#4626,#4621,#406,.F.);
#3749=EDGE_CURVE('NONE',#4627,#4620,#407,.F.);
#3750=EDGE_CURVE('NONE',#4648,#4649,#408,.F.);
#3751=EDGE_CURVE('NONE',#4648,#4650,#5230,.T.);
#3752=EDGE_CURVE('NONE',#4650,#4651,#409,.T.);
#3753=EDGE_CURVE('NONE',#4651,#4652,#5231,.F.);
#3754=EDGE_CURVE('NONE',#4652,#4611,#410,.T.);
#3755=EDGE_CURVE('NONE',#4647,#4640,#411,.F.);
#3756=EDGE_CURVE('NONE',#4639,#4649,#412,.T.);
#3757=EDGE_CURVE('NONE',#4653,#4654,#413,.T.);
#3758=EDGE_CURVE('NONE',#4653,#4655,#414,.T.);
#3759=EDGE_CURVE('NONE',#4619,#4655,#415,.T.);
#3760=EDGE_CURVE('NONE',#4656,#4628,#416,.T.);
#3761=EDGE_CURVE('NONE',#4656,#4654,#417,.F.);
#3762=EDGE_CURVE('NONE',#4655,#4657,#418,.F.);
#3763=EDGE_CURVE('NONE',#4657,#4643,#419,.F.);
#3764=EDGE_CURVE('NONE',#4646,#4658,#420,.F.);
#3765=EDGE_CURVE('NONE',#4658,#4656,#421,.T.);
#3766=EDGE_CURVE('NONE',#4657,#4659,#422,.F.);
#3767=EDGE_CURVE('NONE',#4660,#4659,#423,.F.);
#3768=EDGE_CURVE('NONE',#4660,#4658,#424,.T.);
#3769=EDGE_CURVE('NONE',#4653,#4659,#425,.T.);
#3770=EDGE_CURVE('NONE',#4660,#4654,#426,.T.);
#3771=EDGE_CURVE('NONE',#4638,#4661,#427,.F.);
#3772=EDGE_CURVE('NONE',#4649,#4661,#5232,.F.);
#3773=EDGE_CURVE('NONE',#4623,#4662,#428,.F.);
#3774=EDGE_CURVE('NONE',#4632,#4662,#5233,.F.);
#3775=EDGE_CURVE('NONE',#4663,#4664,#429,.T.);
#3776=EDGE_CURVE('NONE',#4663,#4648,#430,.T.);
#3777=EDGE_CURVE('NONE',#4661,#4665,#5234,.F.);
#3778=EDGE_CURVE('NONE',#4665,#4666,#431,.F.);
#3779=EDGE_CURVE('NONE',#4666,#4664,#432,.T.);
#3780=EDGE_CURVE('NONE',#4665,#4667,#433,.T.);
#3781=EDGE_CURVE('NONE',#4667,#4668,#434,.F.);
#3782=EDGE_CURVE('NONE',#4668,#4666,#435,.F.);
#3783=EDGE_CURVE('NONE',#4652,#4669,#436,.F.);
#3784=EDGE_CURVE('NONE',#4669,#4670,#437,.F.);
#3785=EDGE_CURVE('NONE',#4670,#4668,#438,.T.);
#3786=EDGE_CURVE('NONE',#4667,#4612,#5235,.T.);
#3787=EDGE_CURVE('NONE',#4671,#4672,#439,.T.);
#3788=EDGE_CURVE('NONE',#4672,#4651,#440,.T.);
#3789=EDGE_CURVE('NONE',#4650,#4671,#441,.F.);
#3790=EDGE_CURVE('NONE',#4669,#4672,#5236,.T.);
#3791=EDGE_CURVE('NONE',#4671,#4663,#5237,.F.);
#3792=EDGE_CURVE('NONE',#4664,#4670,#442,.F.);
#3793=EDGE_CURVE('NONE',#4631,#4673,#443,.F.);
#3794=EDGE_CURVE('NONE',#4673,#4674,#444,.F.);
#3795=EDGE_CURVE('NONE',#4674,#4675,#445,.T.);
#3796=EDGE_CURVE('NONE',#4675,#4676,#446,.T.);
#3797=EDGE_CURVE('NONE',#4676,#4608,#5238,.F.);
#3798=EDGE_CURVE('NONE',#4630,#4677,#447,.F.);
#3799=EDGE_CURVE('NONE',#4678,#4677,#448,.F.);
#3800=EDGE_CURVE('NONE',#4678,#4629,#449,.T.);
#3801=EDGE_CURVE('NONE',#4679,#4680,#450,.F.);
#3802=EDGE_CURVE('NONE',#4679,#4633,#451,.T.);
#3803=EDGE_CURVE('NONE',#4662,#4681,#5239,.T.);
#3804=EDGE_CURVE('NONE',#4682,#4681,#452,.T.);
#3805=EDGE_CURVE('NONE',#4682,#4680,#453,.T.);
#3806=EDGE_CURVE('NONE',#4681,#4676,#454,.T.);
#3807=EDGE_CURVE('NONE',#4675,#4682,#455,.F.);
#3808=EDGE_CURVE('NONE',#4677,#4679,#5240,.F.);
#3809=EDGE_CURVE('NONE',#4680,#4674,#456,.T.);
#3810=EDGE_CURVE('NONE',#4673,#4678,#5241,.T.);
#3811=EDGE_CURVE('NONE',#4683,#4684,#457,.F.);
#3812=EDGE_CURVE('NONE',#4684,#4685,#458,.F.);
#3813=EDGE_CURVE('NONE',#4685,#4686,#459,.F.);
#3814=EDGE_CURVE('NONE',#4686,#4687,#460,.T.);
#3815=EDGE_CURVE('NONE',#4687,#4688,#461,.T.);
#3816=EDGE_CURVE('NONE',#4688,#4683,#462,.F.);
#3817=EDGE_CURVE('NONE',#4689,#4690,#463,.T.);
#3818=EDGE_CURVE('NONE',#4690,#4691,#464,.F.);
#3819=EDGE_CURVE('NONE',#4692,#4691,#465,.F.);
#3820=EDGE_CURVE('NONE',#4692,#4693,#466,.T.);
#3821=EDGE_CURVE('NONE',#4693,#4694,#467,.F.);
#3822=EDGE_CURVE('NONE',#4694,#4689,#468,.F.);
#3823=EDGE_CURVE('NONE',#4695,#4696,#469,.T.);
#3824=EDGE_CURVE('NONE',#4697,#4696,#470,.T.);
#3825=EDGE_CURVE('NONE',#4698,#4697,#471,.T.);
#3826=EDGE_CURVE('NONE',#4698,#4695,#472,.T.);
#3827=EDGE_CURVE('NONE',#4696,#4699,#473,.T.);
#3828=EDGE_CURVE('NONE',#4700,#4699,#474,.T.);
#3829=EDGE_CURVE('NONE',#4697,#4700,#475,.T.);
#3830=EDGE_CURVE('NONE',#4699,#4701,#476,.F.);
#3831=EDGE_CURVE('NONE',#4702,#4701,#477,.T.);
#3832=EDGE_CURVE('NONE',#4700,#4702,#478,.F.);
#3833=EDGE_CURVE('NONE',#4701,#4695,#479,.F.);
#3834=EDGE_CURVE('NONE',#4702,#4698,#480,.F.);
#3835=EDGE_CURVE('NONE',#4703,#4704,#481,.F.);
#3836=EDGE_CURVE('NONE',#4705,#4703,#482,.F.);
#3837=EDGE_CURVE('NONE',#4706,#4705,#483,.F.);
#3838=EDGE_CURVE('NONE',#4706,#4707,#484,.T.);
#3839=EDGE_CURVE('NONE',#4707,#4689,#485,.F.);
#3840=EDGE_CURVE('NONE',#4694,#4708,#486,.T.);
#3841=EDGE_CURVE('NONE',#4709,#4708,#487,.F.);
#3842=EDGE_CURVE('NONE',#4709,#4710,#488,.T.);
#3843=EDGE_CURVE('NONE',#4711,#4710,#489,.F.);
#3844=EDGE_CURVE('NONE',#4712,#4711,#490,.F.);
#3845=EDGE_CURVE('NONE',#4713,#4712,#491,.F.);
#3846=EDGE_CURVE('NONE',#4714,#4713,#492,.F.);
#3847=EDGE_CURVE('NONE',#4715,#4714,#493,.F.);
#3848=EDGE_CURVE('NONE',#4716,#4715,#494,.F.);
#3849=EDGE_CURVE('NONE',#4717,#4716,#495,.F.);
#3850=EDGE_CURVE('NONE',#4717,#4718,#496,.T.);
#3851=EDGE_CURVE('NONE',#4719,#4718,#497,.F.);
#3852=EDGE_CURVE('NONE',#4719,#4720,#498,.T.);
#3853=EDGE_CURVE('NONE',#4721,#4720,#499,.F.);
#3854=EDGE_CURVE('NONE',#4721,#4686,#500,.T.);
#3855=EDGE_CURVE('NONE',#4722,#4685,#501,.T.);
#3856=EDGE_CURVE('NONE',#4722,#4704,#502,.T.);
#3857=EDGE_CURVE('NONE',#4704,#4723,#503,.T.);
#3858=EDGE_CURVE('NONE',#4723,#4683,#504,.T.);
#3859=EDGE_CURVE('NONE',#4688,#4724,#505,.T.);
#3860=EDGE_CURVE('NONE',#4725,#4724,#506,.F.);
#3861=EDGE_CURVE('NONE',#4725,#4703,#507,.F.);
#3862=EDGE_CURVE('NONE',#4726,#4727,#508,.T.);
#3863=EDGE_CURVE('NONE',#4727,#4721,#509,.F.);
#3864=EDGE_CURVE('NONE',#4720,#4726,#510,.T.);
#3865=EDGE_CURVE('NONE',#4728,#4718,#511,.F.);
#3866=EDGE_CURVE('NONE',#4729,#4728,#512,.F.);
#3867=EDGE_CURVE('NONE',#4730,#4729,#513,.F.);
#3868=EDGE_CURVE('NONE',#4730,#4731,#514,.T.);
#3869=EDGE_CURVE('NONE',#4731,#4719,#515,.F.);
#3870=EDGE_CURVE('NONE',#4732,#4715,#516,.F.);
#3871=EDGE_CURVE('NONE',#4733,#4732,#517,.F.);
#3872=EDGE_CURVE('NONE',#4733,#4730,#518,.T.);
#3873=EDGE_CURVE('NONE',#4734,#4729,#519,.T.);
#3874=EDGE_CURVE('NONE',#4716,#4734,#520,.T.);
#3875=EDGE_CURVE('NONE',#4735,#4714,#521,.F.);
#3876=EDGE_CURVE('NONE',#4732,#4735,#522,.T.);
#3877=EDGE_CURVE('NONE',#4736,#4713,#523,.F.);
#3878=EDGE_CURVE('NONE',#4736,#4737,#524,.T.);
#3879=EDGE_CURVE('NONE',#4738,#4737,#525,.F.);
#3880=EDGE_CURVE('NONE',#4738,#4739,#526,.T.);
#3881=EDGE_CURVE('NONE',#4735,#4739,#527,.T.);
#3882=EDGE_CURVE('NONE',#4740,#4737,#528,.F.);
#3883=EDGE_CURVE('NONE',#4711,#4740,#529,.T.);
#3884=EDGE_CURVE('NONE',#4710,#4741,#530,.T.);
#3885=EDGE_CURVE('NONE',#4741,#4738,#531,.T.);
#3886=EDGE_CURVE('NONE',#4708,#4742,#532,.T.);
#3887=EDGE_CURVE('NONE',#4742,#4743,#533,.T.);
#3888=EDGE_CURVE('NONE',#4743,#4709,#534,.F.);
#3889=EDGE_CURVE('NONE',#4744,#4705,#535,.F.);
#3890=EDGE_CURVE('NONE',#4745,#4744,#536,.T.);
#3891=EDGE_CURVE('NONE',#4745,#4692,#537,.T.);
#3892=EDGE_CURVE('NONE',#4746,#4691,#538,.T.);
#3893=EDGE_CURVE('NONE',#4746,#4706,#539,.F.);
#3894=EDGE_CURVE('NONE',#4744,#4725,#540,.F.);
#3895=EDGE_CURVE('NONE',#4724,#4747,#541,.F.);
#3896=EDGE_CURVE('NONE',#4747,#4748,#542,.F.);
#3897=EDGE_CURVE('NONE',#4748,#4733,#543,.T.);
#3898=EDGE_CURVE('NONE',#4739,#4749,#544,.T.);
#3899=EDGE_CURVE('NONE',#4749,#4750,#545,.T.);
#3900=EDGE_CURVE('NONE',#4750,#4745,#546,.F.);
#3901=EDGE_CURVE('NONE',#4731,#4748,#547,.F.);
#3902=EDGE_CURVE('NONE',#4726,#4731,#548,.T.);
#3903=EDGE_CURVE('NONE',#4726,#4748,#549,.F.);
#3904=EDGE_CURVE('NONE',#4727,#4747,#550,.T.);
#3905=EDGE_CURVE('NONE',#4687,#4727,#551,.T.);
#3906=EDGE_CURVE('NONE',#4687,#4747,#552,.F.);
#3907=EDGE_CURVE('NONE',#4741,#4743,#553,.T.);
#3908=EDGE_CURVE('NONE',#4749,#4741,#554,.T.);
#3909=EDGE_CURVE('NONE',#4749,#4743,#555,.T.);
#3910=EDGE_CURVE('NONE',#4742,#4693,#556,.T.);
#3911=EDGE_CURVE('NONE',#4750,#4742,#557,.T.);
#3912=EDGE_CURVE('NONE',#4750,#4693,#558,.T.);
#3913=EDGE_CURVE('NONE',#4751,#4736,#559,.T.);
#3914=EDGE_CURVE('NONE',#4751,#4740,#560,.T.);
#3915=EDGE_CURVE('NONE',#4712,#4751,#561,.T.);
#3916=EDGE_CURVE('NONE',#4752,#4717,#562,.F.);
#3917=EDGE_CURVE('NONE',#4752,#4728,#563,.T.);
#3918=EDGE_CURVE('NONE',#4734,#4752,#564,.T.);
#3919=EDGE_CURVE('NONE',#4707,#4753,#565,.T.);
#3920=EDGE_CURVE('NONE',#4753,#4690,#566,.F.);
#3921=EDGE_CURVE('NONE',#4753,#4746,#567,.F.);
#3922=EDGE_CURVE('NONE',#4723,#4754,#568,.F.);
#3923=EDGE_CURVE('NONE',#4754,#4684,#569,.T.);
#3924=EDGE_CURVE('NONE',#4754,#4722,#570,.F.);
#3925=EDGE_CURVE('NONE',#4755,#4755,#5242,.T.);
#3926=EDGE_CURVE('NONE',#4756,#4756,#5243,.T.);
#3927=EDGE_CURVE('NONE',#4757,#4757,#5244,.T.);
#3928=EDGE_CURVE('NONE',#4758,#4759,#10,.T.);
#3929=EDGE_CURVE('NONE',#4759,#4758,#11,.T.);
#3930=EDGE_CURVE('NONE',#4760,#4761,#12,.T.);
#3931=EDGE_CURVE('NONE',#4761,#4760,#13,.T.);
#3932=EDGE_CURVE('NONE',#4762,#4763,#14,.T.);
#3933=EDGE_CURVE('NONE',#4763,#4762,#15,.T.);
#3934=EDGE_CURVE('NONE',#4764,#4765,#16,.T.);
#3935=EDGE_CURVE('NONE',#4765,#4764,#17,.T.);
#3936=EDGE_CURVE('NONE',#4766,#4767,#571,.T.);
#3937=EDGE_CURVE('NONE',#4766,#4768,#572,.T.);
#3938=EDGE_CURVE('NONE',#4769,#4768,#573,.T.);
#3939=EDGE_CURVE('NONE',#4767,#4769,#574,.T.);
#3940=EDGE_CURVE('NONE',#4770,#4771,#575,.T.);
#3941=EDGE_CURVE('NONE',#4771,#4772,#576,.T.);
#3942=EDGE_CURVE('NONE',#4772,#4773,#577,.F.);
#3943=EDGE_CURVE('NONE',#4774,#4773,#578,.T.);
#3944=EDGE_CURVE('NONE',#4775,#4774,#579,.F.);
#3945=EDGE_CURVE('NONE',#4776,#4775,#580,.T.);
#3946=EDGE_CURVE('NONE',#4776,#4777,#581,.T.);
#3947=EDGE_CURVE('NONE',#4770,#4777,#582,.T.);
#3948=EDGE_CURVE('NONE',#4770,#4766,#583,.T.);
#3949=EDGE_CURVE('NONE',#4767,#4778,#584,.T.);
#3950=EDGE_CURVE('NONE',#4778,#4771,#585,.F.);
#3951=EDGE_CURVE('NONE',#4769,#4779,#586,.T.);
#3952=EDGE_CURVE('NONE',#4779,#4778,#587,.T.);
#3953=EDGE_CURVE('NONE',#4780,#4768,#588,.T.);
#3954=EDGE_CURVE('NONE',#4780,#4779,#589,.T.);
#3955=EDGE_CURVE('NONE',#4772,#4780,#590,.F.);
#3956=EDGE_CURVE('NONE',#4780,#4781,#591,.F.);
#3957=EDGE_CURVE('NONE',#4782,#4781,#592,.F.);
#3958=EDGE_CURVE('NONE',#4783,#4782,#593,.T.);
#3959=EDGE_CURVE('NONE',#4783,#4784,#594,.F.);
#3960=EDGE_CURVE('NONE',#4784,#4785,#595,.F.);
#3961=EDGE_CURVE('NONE',#4773,#4785,#596,.F.);
#3962=EDGE_CURVE('NONE',#4786,#4787,#597,.F.);
#3963=EDGE_CURVE('NONE',#4788,#4786,#598,.F.);
#3964=EDGE_CURVE('NONE',#4788,#4789,#599,.T.);
#3965=EDGE_CURVE('NONE',#4789,#4790,#600,.T.);
#3966=EDGE_CURVE('NONE',#4791,#4790,#601,.F.);
#3967=EDGE_CURVE('NONE',#4792,#4791,#602,.T.);
#3968=EDGE_CURVE('NONE',#4792,#4793,#603,.T.);
#3969=EDGE_CURVE('NONE',#4793,#4787,#604,.T.);
#3970=EDGE_CURVE('NONE',#4794,#4795,#605,.F.);
#3971=EDGE_CURVE('NONE',#4796,#4795,#606,.F.);
#3972=EDGE_CURVE('NONE',#4796,#4797,#607,.T.);
#3973=EDGE_CURVE('NONE',#4797,#4794,#608,.F.);
#3974=EDGE_CURVE('NONE',#4798,#4799,#609,.F.);
#3975=EDGE_CURVE('NONE',#4800,#4799,#610,.F.);
#3976=EDGE_CURVE('NONE',#4800,#4801,#611,.T.);
#3977=EDGE_CURVE('NONE',#4801,#4802,#612,.F.);
#3978=EDGE_CURVE('NONE',#4802,#4798,#613,.F.);
#3979=EDGE_CURVE('NONE',#4803,#4804,#614,.F.);
#3980=EDGE_CURVE('NONE',#4805,#4804,#615,.F.);
#3981=EDGE_CURVE('NONE',#4805,#4806,#616,.T.);
#3982=EDGE_CURVE('NONE',#4806,#4807,#617,.F.);
#3983=EDGE_CURVE('NONE',#4807,#4803,#618,.F.);
#3984=EDGE_CURVE('NONE',#4808,#4809,#619,.F.);
#3985=EDGE_CURVE('NONE',#4810,#4809,#620,.F.);
#3986=EDGE_CURVE('NONE',#4810,#4811,#621,.T.);
#3987=EDGE_CURVE('NONE',#4811,#4808,#622,.F.);
#3988=EDGE_CURVE('NONE',#4812,#4813,#623,.T.);
#3989=EDGE_CURVE('NONE',#4814,#4813,#624,.T.);
#3990=EDGE_CURVE('NONE',#4814,#4815,#625,.F.);
#3991=EDGE_CURVE('NONE',#4815,#4812,#626,.T.);
#3992=EDGE_CURVE('NONE',#4807,#4812,#5245,.F.);
#3993=EDGE_CURVE('NONE',#4816,#4815,#18,.T.);
#3994=EDGE_CURVE('NONE',#4816,#4817,#19,.T.);
#3995=EDGE_CURVE('NONE',#4803,#4817,#20,.T.);
#3996=EDGE_CURVE('NONE',#4797,#4818,#5246,.F.);
#3997=EDGE_CURVE('NONE',#4819,#4818,#627,.T.);
#3998=EDGE_CURVE('NONE',#4820,#4819,#21,.T.);
#3999=EDGE_CURVE('NONE',#4820,#4821,#22,.T.);
#4000=EDGE_CURVE('NONE',#4794,#4821,#23,.T.);
#4001=EDGE_CURVE('NONE',#4822,#4823,#628,.T.);
#4002=EDGE_CURVE('NONE',#4824,#4823,#629,.T.);
#4003=EDGE_CURVE('NONE',#4824,#4825,#630,.F.);
#4004=EDGE_CURVE('NONE',#4825,#4822,#631,.T.);
#4005=EDGE_CURVE('NONE',#4802,#4822,#5247,.F.);
#4006=EDGE_CURVE('NONE',#4826,#4825,#24,.T.);
#4007=EDGE_CURVE('NONE',#4826,#4827,#25,.T.);
#4008=EDGE_CURVE('NONE',#4798,#4827,#26,.T.);
#4009=EDGE_CURVE('NONE',#4828,#4829,#5248,.F.);
#4010=EDGE_CURVE('NONE',#4830,#4829,#632,.F.);
#4011=EDGE_CURVE('NONE',#4831,#4830,#5249,.F.);
#4012=EDGE_CURVE('NONE',#4831,#4828,#633,.T.);
#4013=EDGE_CURVE('NONE',#4829,#4832,#634,.F.);
#4014=EDGE_CURVE('NONE',#4833,#4832,#635,.F.);
#4015=EDGE_CURVE('NONE',#4830,#4833,#636,.T.);
#4016=EDGE_CURVE('NONE',#4832,#4810,#637,.F.);
#4017=EDGE_CURVE('NONE',#4809,#4793,#638,.T.);
#4018=EDGE_CURVE('NONE',#4834,#4792,#639,.F.);
#4019=EDGE_CURVE('NONE',#4833,#4834,#640,.F.);
#4020=EDGE_CURVE('NONE',#4835,#4836,#641,.F.);
#4021=EDGE_CURVE('NONE',#4837,#4836,#642,.F.);
#4022=EDGE_CURVE('NONE',#4838,#4837,#643,.F.);
#4023=EDGE_CURVE('NONE',#4838,#4835,#644,.F.);
#4024=EDGE_CURVE('NONE',#4836,#4828,#645,.F.);
#4025=EDGE_CURVE('NONE',#4837,#4831,#646,.T.);
#4026=EDGE_CURVE('NONE',#4839,#4800,#647,.T.);
#4027=EDGE_CURVE('NONE',#4840,#4839,#648,.F.);
#4028=EDGE_CURVE('NONE',#4840,#4841,#649,.T.);
#4029=EDGE_CURVE('NONE',#4842,#4841,#650,.T.);
#4030=EDGE_CURVE('NONE',#4843,#4842,#651,.T.);
#4031=EDGE_CURVE('NONE',#4843,#4844,#652,.T.);
#4032=EDGE_CURVE('NONE',#4844,#4845,#653,.F.);
#4033=EDGE_CURVE('NONE',#4845,#4846,#5250,.F.);
#4034=EDGE_CURVE('NONE',#4846,#4847,#654,.F.);
#4035=EDGE_CURVE('NONE',#4848,#4847,#655,.T.);
#4036=EDGE_CURVE('NONE',#4849,#4848,#656,.F.);
#4037=EDGE_CURVE('NONE',#4850,#4849,#657,.T.);
#4038=EDGE_CURVE('NONE',#4850,#4851,#658,.F.);
#4039=EDGE_CURVE('NONE',#4851,#4852,#5251,.F.);
#4040=EDGE_CURVE('NONE',#4852,#4853,#659,.T.);
#4041=EDGE_CURVE('NONE',#4853,#4854,#660,.T.);
#4042=EDGE_CURVE('NONE',#4806,#4854,#661,.T.);
#4043=EDGE_CURVE('NONE',#4855,#4805,#662,.T.);
#4044=EDGE_CURVE('NONE',#4856,#4855,#663,.F.);
#4045=EDGE_CURVE('NONE',#4856,#4857,#664,.F.);
#4046=EDGE_CURVE('NONE',#4858,#4857,#665,.T.);
#4047=EDGE_CURVE('NONE',#4838,#4858,#666,.T.);
#4048=EDGE_CURVE('NONE',#4859,#4834,#667,.F.);
#4049=EDGE_CURVE('NONE',#4860,#4859,#668,.T.);
#4050=EDGE_CURVE('NONE',#4860,#4861,#669,.T.);
#4051=EDGE_CURVE('NONE',#4861,#4862,#5252,.F.);
#4052=EDGE_CURVE('NONE',#4862,#4863,#670,.F.);
#4053=EDGE_CURVE('NONE',#4863,#4864,#671,.F.);
#4054=EDGE_CURVE('NONE',#4801,#4864,#672,.T.);
#4055=EDGE_CURVE('NONE',#4865,#4835,#673,.F.);
#4056=EDGE_CURVE('NONE',#4811,#4865,#5253,.F.);
#4057=EDGE_CURVE('NONE',#4865,#4858,#674,.T.);
#4058=EDGE_CURVE('NONE',#4866,#4865,#675,.T.);
#4059=EDGE_CURVE('NONE',#4867,#4866,#27,.T.);
#4060=EDGE_CURVE('NONE',#4868,#4867,#28,.T.);
#4061=EDGE_CURVE('NONE',#4808,#4868,#29,.T.);
#4062=EDGE_CURVE('NONE',#4869,#4841,#676,.T.);
#4063=EDGE_CURVE('NONE',#4869,#4819,#677,.F.);
#4064=EDGE_CURVE('NONE',#4818,#4842,#678,.T.);
#4065=EDGE_CURVE('NONE',#4870,#4857,#679,.T.);
#4066=EDGE_CURVE('NONE',#4870,#4866,#680,.F.);
#4067=EDGE_CURVE('NONE',#4871,#4872,#681,.T.);
#4068=EDGE_CURVE('NONE',#4872,#4873,#30,.T.);
#4069=EDGE_CURVE('NONE',#4873,#4874,#682,.T.);
#4070=EDGE_CURVE('NONE',#4874,#4875,#31,.T.);
#4071=EDGE_CURVE('NONE',#4875,#4876,#683,.F.);
#4072=EDGE_CURVE('NONE',#4876,#4877,#32,.T.);
#4073=EDGE_CURVE('NONE',#4877,#4878,#684,.F.);
#4074=EDGE_CURVE('NONE',#4878,#4871,#33,.T.);
#4075=EDGE_CURVE('NONE',#4804,#4879,#685,.T.);
#4076=EDGE_CURVE('NONE',#4817,#4878,#686,.T.);
#4077=EDGE_CURVE('NONE',#4877,#4867,#687,.T.);
#4078=EDGE_CURVE('NONE',#4880,#4870,#688,.T.);
#4079=EDGE_CURVE('NONE',#4879,#4880,#689,.F.);
#4080=EDGE_CURVE('NONE',#4795,#4784,#690,.T.);
#4081=EDGE_CURVE('NONE',#4821,#4872,#691,.T.);
#4082=EDGE_CURVE('NONE',#4871,#4816,#692,.T.);
#4083=EDGE_CURVE('NONE',#4781,#4814,#693,.T.);
#4084=EDGE_CURVE('NONE',#4881,#4768,#694,.T.);
#4085=EDGE_CURVE('NONE',#4785,#4881,#695,.T.);
#4086=EDGE_CURVE('NONE',#4868,#4876,#696,.T.);
#4087=EDGE_CURVE('NONE',#4875,#4826,#697,.T.);
#4088=EDGE_CURVE('NONE',#4790,#4824,#698,.T.);
#4089=EDGE_CURVE('NONE',#4789,#4882,#699,.T.);
#4090=EDGE_CURVE('NONE',#4882,#4883,#700,.T.);
#4091=EDGE_CURVE('NONE',#4787,#4883,#701,.T.);
#4092=EDGE_CURVE('NONE',#4799,#4884,#702,.T.);
#4093=EDGE_CURVE('NONE',#4827,#4874,#703,.T.);
#4094=EDGE_CURVE('NONE',#4873,#4820,#704,.T.);
#4095=EDGE_CURVE('NONE',#4885,#4869,#705,.T.);
#4096=EDGE_CURVE('NONE',#4884,#4885,#706,.T.);
#4097=EDGE_CURVE('NONE',#4791,#4859,#707,.T.);
#4098=EDGE_CURVE('NONE',#4823,#4886,#708,.F.);
#4099=EDGE_CURVE('NONE',#4860,#4886,#709,.F.);
#4100=EDGE_CURVE('NONE',#4887,#4864,#710,.T.);
#4101=EDGE_CURVE('NONE',#4887,#4802,#711,.F.);
#4102=EDGE_CURVE('NONE',#4888,#4887,#712,.F.);
#4103=EDGE_CURVE('NONE',#4889,#4888,#713,.F.);
#4104=EDGE_CURVE('NONE',#4890,#4889,#5254,.F.);
#4105=EDGE_CURVE('NONE',#4886,#4890,#714,.F.);
#4106=EDGE_CURVE('NONE',#4862,#4889,#715,.F.);
#4107=EDGE_CURVE('NONE',#4861,#4890,#716,.T.);
#4108=EDGE_CURVE('NONE',#4863,#4888,#717,.F.);
#4109=EDGE_CURVE('NONE',#4847,#4891,#718,.F.);
#4110=EDGE_CURVE('NONE',#4891,#4796,#719,.F.);
#4111=EDGE_CURVE('NONE',#4848,#4783,#720,.F.);
#4112=EDGE_CURVE('NONE',#4818,#4892,#721,.F.);
#4113=EDGE_CURVE('NONE',#4892,#4843,#722,.T.);
#4114=EDGE_CURVE('NONE',#4893,#4891,#723,.F.);
#4115=EDGE_CURVE('NONE',#4894,#4893,#5255,.F.);
#4116=EDGE_CURVE('NONE',#4895,#4894,#724,.F.);
#4117=EDGE_CURVE('NONE',#4892,#4895,#725,.F.);
#4118=EDGE_CURVE('NONE',#4846,#4893,#726,.F.);
#4119=EDGE_CURVE('NONE',#4845,#4894,#727,.T.);
#4120=EDGE_CURVE('NONE',#4844,#4895,#728,.F.);
#4121=EDGE_CURVE('NONE',#4782,#4849,#729,.T.);
#4122=EDGE_CURVE('NONE',#4813,#4896,#730,.F.);
#4123=EDGE_CURVE('NONE',#4850,#4896,#731,.F.);
#4124=EDGE_CURVE('NONE',#4897,#4854,#732,.T.);
#4125=EDGE_CURVE('NONE',#4897,#4807,#733,.F.);
#4126=EDGE_CURVE('NONE',#4898,#4897,#734,.F.);
#4127=EDGE_CURVE('NONE',#4899,#4898,#735,.F.);
#4128=EDGE_CURVE('NONE',#4900,#4899,#5256,.F.);
#4129=EDGE_CURVE('NONE',#4896,#4900,#736,.F.);
#4130=EDGE_CURVE('NONE',#4853,#4898,#737,.F.);
#4131=EDGE_CURVE('NONE',#4851,#4900,#738,.T.);
#4132=EDGE_CURVE('NONE',#4852,#4899,#739,.F.);
#4133=EDGE_CURVE('NONE',#4901,#4884,#740,.T.);
#4134=EDGE_CURVE('NONE',#4839,#4901,#741,.F.);
#4135=EDGE_CURVE('NONE',#4902,#4840,#742,.T.);
#4136=EDGE_CURVE('NONE',#4902,#4885,#743,.F.);
#4137=EDGE_CURVE('NONE',#4901,#4902,#744,.T.);
#4138=EDGE_CURVE('NONE',#4903,#4879,#745,.F.);
#4139=EDGE_CURVE('NONE',#4855,#4903,#746,.F.);
#4140=EDGE_CURVE('NONE',#4904,#4856,#747,.T.);
#4141=EDGE_CURVE('NONE',#4904,#4880,#748,.F.);
#4142=EDGE_CURVE('NONE',#4903,#4904,#749,.T.);
#4143=EDGE_CURVE('NONE',#4905,#4906,#750,.T.);
#4144=EDGE_CURVE('NONE',#4907,#4905,#751,.T.);
#4145=EDGE_CURVE('NONE',#4907,#4908,#752,.T.);
#4146=EDGE_CURVE('NONE',#4908,#4909,#753,.T.);
#4147=EDGE_CURVE('NONE',#4910,#4909,#754,.T.);
#4148=EDGE_CURVE('NONE',#4906,#4910,#755,.T.);
#4149=EDGE_CURVE('NONE',#4911,#4786,#756,.T.);
#4150=EDGE_CURVE('NONE',#4912,#4911,#757,.F.);
#4151=EDGE_CURVE('NONE',#4912,#4913,#758,.T.);
#4152=EDGE_CURVE('NONE',#4907,#4913,#759,.F.);
#4153=EDGE_CURVE('NONE',#4905,#4914,#760,.T.);
#4154=EDGE_CURVE('NONE',#4914,#4788,#761,.T.);
#4155=EDGE_CURVE('NONE',#4913,#4915,#762,.F.);
#4156=EDGE_CURVE('NONE',#4908,#4915,#763,.T.);
#4157=EDGE_CURVE('NONE',#4916,#4915,#764,.T.);
#4158=EDGE_CURVE('NONE',#4909,#4916,#765,.F.);
#4159=EDGE_CURVE('NONE',#4916,#4917,#766,.F.);
#4160=EDGE_CURVE('NONE',#4910,#4917,#767,.F.);
#4161=EDGE_CURVE('NONE',#4917,#4918,#768,.T.);
#4162=EDGE_CURVE('NONE',#4918,#4883,#769,.T.);
#4163=EDGE_CURVE('NONE',#4882,#4906,#770,.T.);
#4164=EDGE_CURVE('NONE',#4912,#4918,#771,.T.);
#4165=EDGE_CURVE('NONE',#4918,#4919,#772,.F.);
#4166=EDGE_CURVE('NONE',#4919,#4920,#773,.T.);
#4167=EDGE_CURVE('NONE',#4920,#4883,#774,.T.);
#4168=EDGE_CURVE('NONE',#4921,#4911,#775,.T.);
#4169=EDGE_CURVE('NONE',#4919,#4921,#776,.F.);
#4170=EDGE_CURVE('NONE',#4922,#4921,#777,.T.);
#4171=EDGE_CURVE('NONE',#4920,#4922,#778,.F.);
#4172=EDGE_CURVE('NONE',#4787,#4922,#779,.T.);
#4173=EDGE_CURVE('NONE',#4923,#4882,#780,.T.);
#4174=EDGE_CURVE('NONE',#4924,#4923,#781,.T.);
#4175=EDGE_CURVE('NONE',#4906,#4924,#782,.T.);
#4176=EDGE_CURVE('NONE',#4924,#4925,#783,.T.);
#4177=EDGE_CURVE('NONE',#4925,#4914,#784,.F.);
#4178=EDGE_CURVE('NONE',#4923,#4926,#785,.T.);
#4179=EDGE_CURVE('NONE',#4926,#4925,#786,.T.);
#4180=EDGE_CURVE('NONE',#4789,#4926,#787,.T.);
#4181=EDGE_CURVE('NONE',#4776,#4927,#788,.F.);
#4182=EDGE_CURVE('NONE',#4927,#4928,#789,.T.);
#4183=EDGE_CURVE('NONE',#4777,#4928,#790,.F.);
#4184=EDGE_CURVE('NONE',#4927,#4929,#791,.T.);
#4185=EDGE_CURVE('NONE',#4929,#4930,#792,.T.);
#4186=EDGE_CURVE('NONE',#4930,#4928,#793,.T.);
#4187=EDGE_CURVE('NONE',#4931,#4929,#794,.F.);
#4188=EDGE_CURVE('NONE',#4931,#4932,#795,.T.);
#4189=EDGE_CURVE('NONE',#4930,#4932,#796,.T.);
#4190=EDGE_CURVE('NONE',#4933,#4931,#797,.T.);
#4191=EDGE_CURVE('NONE',#4881,#4933,#798,.T.);
#4192=EDGE_CURVE('NONE',#4932,#4766,#799,.T.);
#4193=EDGE_CURVE('NONE',#4775,#4933,#800,.F.);
#4194=EDGE_CURVE('NONE',#4934,#4881,#801,.T.);
#4195=EDGE_CURVE('NONE',#4933,#4935,#802,.F.);
#4196=EDGE_CURVE('NONE',#4935,#4934,#803,.T.);
#4197=EDGE_CURVE('NONE',#4936,#4774,#804,.T.);
#4198=EDGE_CURVE('NONE',#4935,#4936,#805,.F.);
#4199=EDGE_CURVE('NONE',#4937,#4936,#806,.T.);
#4200=EDGE_CURVE('NONE',#4934,#4937,#807,.F.);
#4201=EDGE_CURVE('NONE',#4785,#4937,#808,.T.);
#4202=EDGE_CURVE('NONE',#4938,#4939,#809,.T.);
#4203=EDGE_CURVE('NONE',#4938,#4940,#810,.F.);
#4204=EDGE_CURVE('NONE',#4940,#4941,#811,.T.);
#4205=EDGE_CURVE('NONE',#4941,#4939,#812,.T.);
#4206=EDGE_CURVE('NONE',#4942,#4943,#813,.T.);
#4207=EDGE_CURVE('NONE',#4942,#4944,#814,.T.);
#4208=EDGE_CURVE('NONE',#4945,#4944,#815,.T.);
#4209=EDGE_CURVE('NONE',#4945,#4938,#816,.T.);
#4210=EDGE_CURVE('NONE',#4939,#4943,#817,.T.);
#4211=EDGE_CURVE('NONE',#4946,#4947,#818,.T.);
#4212=EDGE_CURVE('NONE',#4946,#4942,#819,.F.);
#4213=EDGE_CURVE('NONE',#4943,#4947,#820,.T.);
#4214=EDGE_CURVE('NONE',#4948,#4949,#821,.F.);
#4215=EDGE_CURVE('NONE',#4948,#4946,#822,.T.);
#4216=EDGE_CURVE('NONE',#4947,#4941,#823,.T.);
#4217=EDGE_CURVE('NONE',#4940,#4949,#824,.T.);
#4218=EDGE_CURVE('NONE',#4944,#4948,#825,.F.);
#4219=EDGE_CURVE('NONE',#4949,#4945,#826,.T.);
#4220=EDGE_CURVE('NONE',#4950,#4951,#827,.T.);
#4221=EDGE_CURVE('NONE',#4950,#4952,#828,.F.);
#4222=EDGE_CURVE('NONE',#4952,#4953,#829,.T.);
#4223=EDGE_CURVE('NONE',#4953,#4951,#830,.T.);
#4224=EDGE_CURVE('NONE',#4954,#4955,#831,.T.);
#4225=EDGE_CURVE('NONE',#4954,#4950,#832,.T.);
#4226=EDGE_CURVE('NONE',#4951,#4956,#833,.T.);
#4227=EDGE_CURVE('NONE',#4957,#4956,#834,.T.);
#4228=EDGE_CURVE('NONE',#4957,#4955,#835,.T.);
#4229=EDGE_CURVE('NONE',#4958,#4959,#836,.T.);
#4230=EDGE_CURVE('NONE',#4958,#4957,#837,.F.);
#4231=EDGE_CURVE('NONE',#4956,#4959,#838,.T.);
#4232=EDGE_CURVE('NONE',#4952,#4960,#839,.T.);
#4233=EDGE_CURVE('NONE',#4961,#4960,#840,.F.);
#4234=EDGE_CURVE('NONE',#4961,#4958,#841,.T.);
#4235=EDGE_CURVE('NONE',#4959,#4953,#842,.T.);
#4236=EDGE_CURVE('NONE',#4960,#4954,#843,.T.);
#4237=EDGE_CURVE('NONE',#4955,#4961,#844,.F.);
#4238=EDGE_CURVE('NONE',#4962,#4962,#5257,.T.);
#4239=EDGE_CURVE('NONE',#4963,#4963,#5258,.T.);
#4240=EDGE_CURVE('NONE',#4964,#4964,#5259,.F.);
#4241=EDGE_CURVE('NONE',#4965,#4965,#5260,.F.);
#4242=EDGE_CURVE('NONE',#4966,#4966,#5261,.F.);
#4243=EDGE_CURVE('NONE',#4967,#4967,#5262,.F.);
#4244=EDGE_CURVE('NONE',#4968,#4968,#5263,.F.);
#4245=EDGE_CURVE('NONE',#4969,#4969,#5264,.F.);
#4246=EDGE_CURVE('NONE',#4970,#4970,#5265,.F.);
#4247=EDGE_CURVE('NONE',#4971,#4971,#5266,.F.);
#4248=EDGE_CURVE('NONE',#4972,#4972,#5267,.F.);
#4249=EDGE_CURVE('NONE',#4973,#4973,#5268,.F.);
#4250=EDGE_CURVE('NONE',#4974,#4974,#5269,.F.);
#4251=EDGE_CURVE('NONE',#4975,#4975,#5270,.F.);
#4252=EDGE_CURVE('NONE',#4976,#4976,#5271,.T.);
#4253=EDGE_CURVE('NONE',#4977,#4977,#5272,.F.);
#4254=EDGE_CURVE('NONE',#4978,#4978,#5273,.T.);
#4255=EDGE_CURVE('NONE',#4979,#4979,#5274,.F.);
#4256=EDGE_CURVE('NONE',#4980,#4980,#5275,.T.);
#4257=EDGE_CURVE('NONE',#4981,#4981,#5276,.T.);
#4258=EDGE_CURVE('NONE',#4982,#4983,#845,.F.);
#4259=EDGE_CURVE('NONE',#4982,#4984,#846,.F.);
#4260=EDGE_CURVE('NONE',#4985,#4984,#847,.T.);
#4261=EDGE_CURVE('NONE',#4985,#4983,#848,.T.);
#4262=EDGE_CURVE('NONE',#4986,#4987,#849,.T.);
#4263=EDGE_CURVE('NONE',#4986,#4988,#850,.T.);
#4264=EDGE_CURVE('NONE',#4989,#4988,#851,.F.);
#4265=EDGE_CURVE('NONE',#4989,#4987,#852,.F.);
#4266=EDGE_CURVE('NONE',#4990,#4991,#853,.T.);
#4267=EDGE_CURVE('NONE',#4991,#4992,#854,.T.);
#4268=EDGE_CURVE('NONE',#4992,#4993,#855,.F.);
#4269=EDGE_CURVE('NONE',#4993,#4990,#856,.F.);
#4270=EDGE_CURVE('NONE',#4994,#4995,#857,.F.);
#4271=EDGE_CURVE('NONE',#4994,#4996,#858,.T.);
#4272=EDGE_CURVE('NONE',#4996,#4997,#859,.F.);
#4273=EDGE_CURVE('NONE',#4997,#4998,#860,.F.);
#4274=EDGE_CURVE('NONE',#4999,#4998,#861,.T.);
#4275=EDGE_CURVE('NONE',#5000,#4999,#862,.F.);
#4276=EDGE_CURVE('NONE',#5000,#5001,#863,.F.);
#4277=EDGE_CURVE('NONE',#5001,#4995,#864,.F.);
#4278=EDGE_CURVE('NONE',#5002,#5003,#865,.T.);
#4279=EDGE_CURVE('NONE',#5003,#5004,#866,.T.);
#4280=EDGE_CURVE('NONE',#5004,#5005,#867,.T.);
#4281=EDGE_CURVE('NONE',#5005,#5006,#868,.F.);
#4282=EDGE_CURVE('NONE',#5007,#5006,#869,.T.);
#4283=EDGE_CURVE('NONE',#5008,#5007,#870,.T.);
#4284=EDGE_CURVE('NONE',#5008,#5009,#871,.T.);
#4285=EDGE_CURVE('NONE',#5002,#5009,#872,.T.);
#4286=EDGE_CURVE('NONE',#5010,#5011,#873,.T.);
#4287=EDGE_CURVE('NONE',#5011,#5012,#874,.T.);
#4288=EDGE_CURVE('NONE',#5012,#5013,#875,.F.);
#4289=EDGE_CURVE('NONE',#5013,#5010,#876,.F.);
#4290=EDGE_CURVE('NONE',#4996,#5014,#5277,.F.);
#4291=EDGE_CURVE('NONE',#5015,#5014,#877,.F.);
#4292=EDGE_CURVE('NONE',#5015,#5016,#5278,.T.);
#4293=EDGE_CURVE('NONE',#5016,#5017,#5279,.F.);
#4294=EDGE_CURVE('NONE',#5005,#5017,#878,.T.);
#4295=EDGE_CURVE('NONE',#5004,#5018,#879,.T.);
#4296=EDGE_CURVE('NONE',#5019,#5018,#880,.T.);
#4297=EDGE_CURVE('NONE',#5009,#5019,#881,.T.);
#4298=EDGE_CURVE('NONE',#5020,#5008,#5280,.T.);
#4299=EDGE_CURVE('NONE',#5001,#5020,#882,.F.);
#4300=EDGE_CURVE('NONE',#5021,#5000,#883,.T.);
#4301=EDGE_CURVE('NONE',#5021,#5022,#884,.T.);
#4302=EDGE_CURVE('NONE',#5022,#4997,#885,.T.);
#4303=EDGE_CURVE('NONE',#5023,#5024,#886,.T.);
#4304=EDGE_CURVE('NONE',#5023,#5025,#887,.T.);
#4305=EDGE_CURVE('NONE',#5026,#5025,#888,.F.);
#4306=EDGE_CURVE('NONE',#5026,#5024,#889,.F.);
#4307=EDGE_CURVE('NONE',#5027,#5028,#890,.T.);
#4308=EDGE_CURVE('NONE',#5027,#5029,#891,.T.);
#4309=EDGE_CURVE('NONE',#5030,#5029,#892,.T.);
#4310=EDGE_CURVE('NONE',#5030,#5028,#893,.F.);
#4311=EDGE_CURVE('NONE',#5031,#5032,#894,.F.);
#4312=EDGE_CURVE('NONE',#5032,#5033,#895,.F.);
#4313=EDGE_CURVE('NONE',#5033,#5034,#896,.T.);
#4314=EDGE_CURVE('NONE',#5034,#5031,#897,.T.);
#4315=EDGE_CURVE('NONE',#5014,#5035,#898,.F.);
#4316=EDGE_CURVE('NONE',#5036,#5035,#899,.T.);
#4317=EDGE_CURVE('NONE',#5015,#5036,#900,.T.);
#4318=EDGE_CURVE('NONE',#5036,#5037,#5281,.T.);
#4319=EDGE_CURVE('NONE',#5037,#5016,#901,.F.);
#4320=EDGE_CURVE('NONE',#5017,#5038,#902,.F.);
#4321=EDGE_CURVE('NONE',#5006,#5038,#903,.T.);
#4322=EDGE_CURVE('NONE',#5039,#5007,#5282,.T.);
#4323=EDGE_CURVE('NONE',#5020,#5039,#904,.F.);
#4324=EDGE_CURVE('NONE',#5040,#5041,#905,.T.);
#4325=EDGE_CURVE('NONE',#5041,#5042,#906,.F.);
#4326=EDGE_CURVE('NONE',#5042,#5043,#907,.F.);
#4327=EDGE_CURVE('NONE',#5043,#5040,#908,.T.);
#4328=EDGE_CURVE('NONE',#4995,#5039,#909,.F.);
#4329=EDGE_CURVE('NONE',#5035,#4994,#5283,.T.);
#4330=EDGE_CURVE('NONE',#5038,#5037,#5284,.T.);
#4331=EDGE_CURVE('NONE',#5044,#5021,#910,.T.);
#4332=EDGE_CURVE('NONE',#5044,#5045,#911,.T.);
#4333=EDGE_CURVE('NONE',#5045,#5022,#912,.F.);
#4334=EDGE_CURVE('NONE',#5045,#4998,#913,.T.);
#4335=EDGE_CURVE('NONE',#5044,#4999,#914,.F.);
#4336=EDGE_CURVE('NONE',#5031,#5041,#5285,.F.);
#4337=EDGE_CURVE('NONE',#5040,#5026,#5286,.T.);
#4338=EDGE_CURVE('NONE',#5025,#5030,#5287,.F.);
#4339=EDGE_CURVE('NONE',#5029,#5032,#5288,.T.);
#4340=EDGE_CURVE('NONE',#5003,#5046,#915,.T.);
#4341=EDGE_CURVE('NONE',#5046,#5018,#916,.F.);
#4342=EDGE_CURVE('NONE',#5047,#5046,#917,.T.);
#4343=EDGE_CURVE('NONE',#5047,#5019,#918,.F.);
#4344=EDGE_CURVE('NONE',#5002,#5047,#919,.T.);
#4345=EDGE_CURVE('NONE',#5012,#4982,#5289,.T.);
#4346=EDGE_CURVE('NONE',#4983,#4989,#5290,.F.);
#4347=EDGE_CURVE('NONE',#4988,#4993,#5291,.T.);
#4348=EDGE_CURVE('NONE',#4992,#5013,#5292,.F.);
#4349=EDGE_CURVE('NONE',#4987,#4985,#5293,.T.);
#4350=EDGE_CURVE('NONE',#4984,#5011,#5294,.F.);
#4351=EDGE_CURVE('NONE',#5010,#4991,#5295,.T.);
#4352=EDGE_CURVE('NONE',#4990,#4986,#5296,.F.);
#4353=EDGE_CURVE('NONE',#5028,#5023,#5297,.T.);
#4354=EDGE_CURVE('NONE',#5024,#5043,#5298,.F.);
#4355=EDGE_CURVE('NONE',#5042,#5034,#5299,.T.);
#4356=EDGE_CURVE('NONE',#5033,#5027,#5300,.F.);
#4357=EDGE_CURVE('NONE',#5048,#5049,#5301,.T.);
#4358=EDGE_CURVE('NONE',#5050,#5048,#920,.T.);
#4359=EDGE_CURVE('NONE',#5050,#5051,#921,.T.);
#4360=EDGE_CURVE('NONE',#5052,#5051,#922,.F.);
#4361=EDGE_CURVE('NONE',#5049,#5052,#923,.F.);
#4362=EDGE_CURVE('NONE',#5053,#5054,#924,.F.);
#4363=EDGE_CURVE('NONE',#5054,#5055,#925,.T.);
#4364=EDGE_CURVE('NONE',#5055,#5056,#926,.T.);
#4365=EDGE_CURVE('NONE',#5053,#5056,#927,.T.);
#4366=EDGE_CURVE('NONE',#5057,#5058,#928,.T.);
#4367=EDGE_CURVE('NONE',#5057,#5059,#929,.T.);
#4368=EDGE_CURVE('NONE',#5059,#5060,#930,.T.);
#4369=EDGE_CURVE('NONE',#5060,#5061,#931,.T.);
#4370=EDGE_CURVE('NONE',#5062,#5061,#932,.T.);
#4371=EDGE_CURVE('NONE',#5062,#5063,#933,.F.);
#4372=EDGE_CURVE('NONE',#5063,#5064,#934,.F.);
#4373=EDGE_CURVE('NONE',#5064,#5058,#935,.T.);
#4374=EDGE_CURVE('NONE',#5065,#5066,#936,.F.);
#4375=EDGE_CURVE('NONE',#5066,#5067,#937,.T.);
#4376=EDGE_CURVE('NONE',#5068,#5067,#938,.F.);
#4377=EDGE_CURVE('NONE',#5068,#5069,#939,.T.);
#4378=EDGE_CURVE('NONE',#5069,#5070,#940,.T.);
#4379=EDGE_CURVE('NONE',#5070,#5071,#941,.F.);
#4380=EDGE_CURVE('NONE',#5072,#5071,#942,.F.);
#4381=EDGE_CURVE('NONE',#5072,#5065,#943,.T.);
#4382=EDGE_CURVE('NONE',#5073,#5074,#944,.F.);
#4383=EDGE_CURVE('NONE',#5073,#5075,#945,.T.);
#4384=EDGE_CURVE('NONE',#5075,#5076,#946,.F.);
#4385=EDGE_CURVE('NONE',#5076,#5077,#947,.T.);
#4386=EDGE_CURVE('NONE',#5078,#5077,#948,.F.);
#4387=EDGE_CURVE('NONE',#5078,#5079,#949,.T.);
#4388=EDGE_CURVE('NONE',#5079,#5080,#950,.T.);
#4389=EDGE_CURVE('NONE',#5080,#5074,#951,.F.);
#4390=EDGE_CURVE('NONE',#5081,#5055,#5302,.T.);
#4391=EDGE_CURVE('NONE',#5082,#5081,#952,.T.);
#4392=EDGE_CURVE('NONE',#5082,#5083,#953,.T.);
#4393=EDGE_CURVE('NONE',#5084,#5083,#954,.T.);
#4394=EDGE_CURVE('NONE',#5085,#5084,#955,.T.);
#4395=EDGE_CURVE('NONE',#5085,#5086,#956,.F.);
#4396=EDGE_CURVE('NONE',#5087,#5086,#957,.T.);
#4397=EDGE_CURVE('NONE',#5088,#5087,#958,.T.);
#4398=EDGE_CURVE('NONE',#5088,#5089,#959,.F.);
#4399=EDGE_CURVE('NONE',#5090,#5089,#960,.T.);
#4400=EDGE_CURVE('NONE',#5091,#5090,#961,.T.);
#4401=EDGE_CURVE('NONE',#5091,#5092,#962,.T.);
#4402=EDGE_CURVE('NONE',#5093,#5092,#963,.T.);
#4403=EDGE_CURVE('NONE',#5094,#5093,#964,.T.);
#4404=EDGE_CURVE('NONE',#5094,#5056,#965,.T.);
#4405=EDGE_CURVE('NONE',#5075,#5066,#34,.T.);
#4406=EDGE_CURVE('NONE',#5065,#5095,#35,.T.);
#4407=EDGE_CURVE('NONE',#5096,#5095,#966,.T.);
#4408=EDGE_CURVE('NONE',#5096,#5060,#36,.T.);
#4409=EDGE_CURVE('NONE',#5059,#5076,#37,.T.);
#4410=EDGE_CURVE('NONE',#5097,#5098,#967,.T.);
#4411=EDGE_CURVE('NONE',#5099,#5097,#968,.T.);
#4412=EDGE_CURVE('NONE',#5099,#5078,#969,.F.);
#4413=EDGE_CURVE('NONE',#5077,#5057,#38,.T.);
#4414=EDGE_CURVE('NONE',#5058,#5098,#970,.T.);
#4415=EDGE_CURVE('NONE',#5089,#5079,#5303,.T.);
#4416=EDGE_CURVE('NONE',#5100,#5099,#971,.T.);
#4417=EDGE_CURVE('NONE',#5100,#5101,#972,.F.);
#4418=EDGE_CURVE('NONE',#5101,#5090,#973,.T.);
#4419=EDGE_CURVE('NONE',#5064,#5091,#5304,.F.);
#4420=EDGE_CURVE('NONE',#5101,#5102,#974,.F.);
#4421=EDGE_CURVE('NONE',#5102,#5098,#975,.T.);
#4422=EDGE_CURVE('NONE',#5103,#5104,#976,.T.);
#4423=EDGE_CURVE('NONE',#5105,#5103,#977,.T.);
#4424=EDGE_CURVE('NONE',#5105,#5062,#978,.F.);
#4425=EDGE_CURVE('NONE',#5061,#5106,#39,.T.);
#4426=EDGE_CURVE('NONE',#5107,#5106,#979,.F.);
#4427=EDGE_CURVE('NONE',#5107,#5104,#980,.F.);
#4428=EDGE_CURVE('NONE',#5092,#5063,#5305,.T.);
#4429=EDGE_CURVE('NONE',#5108,#5105,#981,.T.);
#4430=EDGE_CURVE('NONE',#5108,#5109,#982,.F.);
#4431=EDGE_CURVE('NONE',#5109,#5093,#983,.T.);
#4432=EDGE_CURVE('NONE',#5107,#5094,#984,.T.);
#4433=EDGE_CURVE('NONE',#5109,#5110,#985,.F.);
#4434=EDGE_CURVE('NONE',#5110,#5104,#986,.T.);
#4435=EDGE_CURVE('NONE',#5111,#5112,#987,.T.);
#4436=EDGE_CURVE('NONE',#5113,#5111,#988,.T.);
#4437=EDGE_CURVE('NONE',#5113,#5114,#989,.T.);
#4438=EDGE_CURVE('NONE',#5115,#5114,#990,.F.);
#4439=EDGE_CURVE('NONE',#5115,#5072,#40,.T.);
#4440=EDGE_CURVE('NONE',#5071,#5112,#991,.F.);
#4441=EDGE_CURVE('NONE',#5083,#5114,#992,.T.);
#4442=EDGE_CURVE('NONE',#5116,#5113,#993,.T.);
#4443=EDGE_CURVE('NONE',#5116,#5117,#994,.F.);
#4444=EDGE_CURVE('NONE',#5117,#5084,#995,.T.);
#4445=EDGE_CURVE('NONE',#5070,#5085,#5306,.F.);
#4446=EDGE_CURVE('NONE',#5117,#5118,#996,.F.);
#4447=EDGE_CURVE('NONE',#5118,#5112,#997,.T.);
#4448=EDGE_CURVE('NONE',#5119,#5120,#998,.T.);
#4449=EDGE_CURVE('NONE',#5121,#5119,#999,.T.);
#4450=EDGE_CURVE('NONE',#5121,#5068,#1000,.T.);
#4451=EDGE_CURVE('NONE',#5067,#5073,#41,.T.);
#4452=EDGE_CURVE('NONE',#5074,#5120,#1001,.T.);
#4453=EDGE_CURVE('NONE',#5086,#5069,#5307,.T.);
#4454=EDGE_CURVE('NONE',#5122,#5121,#1002,.T.);
#4455=EDGE_CURVE('NONE',#5122,#5123,#1003,.F.);
#4456=EDGE_CURVE('NONE',#5123,#5087,#1004,.T.);
#4457=EDGE_CURVE('NONE',#5080,#5088,#5308,.F.);
#4458=EDGE_CURVE('NONE',#5123,#5124,#1005,.F.);
#4459=EDGE_CURVE('NONE',#5124,#5120,#1006,.T.);
#4460=EDGE_CURVE('NONE',#5050,#5125,#1007,.F.);
#4461=EDGE_CURVE('NONE',#5125,#5126,#1008,.F.);
#4462=EDGE_CURVE('NONE',#5126,#5127,#1009,.T.);
#4463=EDGE_CURVE('NONE',#5128,#5127,#1010,.T.);
#4464=EDGE_CURVE('NONE',#5128,#5056,#1011,.T.);
#4465=EDGE_CURVE('NONE',#5106,#5096,#1012,.T.);
#4466=EDGE_CURVE('NONE',#5095,#5115,#1013,.T.);
#4467=EDGE_CURVE('NONE',#5082,#5051,#1014,.F.);
#4468=EDGE_CURVE('NONE',#5128,#5053,#1015,.F.);
#4469=EDGE_CURVE('NONE',#5052,#5082,#1016,.T.);
#4470=EDGE_CURVE('NONE',#5054,#5129,#5309,.T.);
#4471=EDGE_CURVE('NONE',#5129,#5127,#1017,.T.);
#4472=EDGE_CURVE('NONE',#5081,#5049,#1018,.F.);
#4473=EDGE_CURVE('NONE',#5130,#5125,#1019,.T.);
#4474=EDGE_CURVE('NONE',#5130,#5131,#1020,.F.);
#4475=EDGE_CURVE('NONE',#5131,#5126,#1021,.T.);
#4476=EDGE_CURVE('NONE',#5132,#5048,#1022,.T.);
#4477=EDGE_CURVE('NONE',#5132,#5130,#1023,.F.);
#4478=EDGE_CURVE('NONE',#5131,#5133,#1024,.F.);
#4479=EDGE_CURVE('NONE',#5133,#5129,#1025,.T.);
#4480=EDGE_CURVE('NONE',#5133,#5132,#5310,.F.);
#4481=EDGE_CURVE('NONE',#5124,#5134,#1026,.F.);
#4482=EDGE_CURVE('NONE',#5134,#5119,#1027,.T.);
#4483=EDGE_CURVE('NONE',#5134,#5122,#1028,.F.);
#4484=EDGE_CURVE('NONE',#5118,#5135,#1029,.F.);
#4485=EDGE_CURVE('NONE',#5135,#5111,#1030,.T.);
#4486=EDGE_CURVE('NONE',#5135,#5116,#1031,.F.);
#4487=EDGE_CURVE('NONE',#5110,#5136,#1032,.F.);
#4488=EDGE_CURVE('NONE',#5136,#5103,#1033,.T.);
#4489=EDGE_CURVE('NONE',#5136,#5108,#1034,.F.);
#4490=EDGE_CURVE('NONE',#5102,#5137,#1035,.F.);
#4491=EDGE_CURVE('NONE',#5137,#5097,#1036,.T.);
#4492=EDGE_CURVE('NONE',#5137,#5100,#1037,.F.);
#4493=EDGE_CURVE('NONE',#5138,#5139,#5311,.F.);
#4494=EDGE_CURVE('NONE',#5139,#5140,#1038,.F.);
#4495=EDGE_CURVE('NONE',#5141,#5140,#5312,.F.);
#4496=EDGE_CURVE('NONE',#5138,#5141,#1039,.F.);
#4497=EDGE_CURVE('NONE',#5142,#5143,#5313,.F.);
#4498=EDGE_CURVE('NONE',#5143,#5144,#1040,.F.);
#4499=EDGE_CURVE('NONE',#5145,#5144,#5314,.F.);
#4500=EDGE_CURVE('NONE',#5142,#5145,#1041,.T.);
#4501=EDGE_CURVE('NONE',#5146,#5147,#1042,.F.);
#4502=EDGE_CURVE('NONE',#5147,#5148,#1043,.T.);
#4503=EDGE_CURVE('NONE',#5148,#5149,#1044,.T.);
#4504=EDGE_CURVE('NONE',#5146,#5149,#1045,.T.);
#4505=EDGE_CURVE('NONE',#5140,#5147,#5315,.F.);
#4506=EDGE_CURVE('NONE',#5150,#5146,#1046,.F.);
#4507=EDGE_CURVE('NONE',#5151,#5150,#1047,.F.);
#4508=EDGE_CURVE('NONE',#5151,#5152,#1048,.F.);
#4509=EDGE_CURVE('NONE',#5152,#5153,#5316,.T.);
#4510=EDGE_CURVE('NONE',#5153,#5141,#1049,.F.);
#4511=EDGE_CURVE('NONE',#5148,#5154,#5317,.T.);
#4512=EDGE_CURVE('NONE',#5154,#5155,#5318,.T.);
#4513=EDGE_CURVE('NONE',#5155,#5156,#1050,.F.);
#4514=EDGE_CURVE('NONE',#5156,#5157,#5319,.F.);
#4515=EDGE_CURVE('NONE',#5158,#5157,#1051,.T.);
#4516=EDGE_CURVE('NONE',#5159,#5158,#1052,.T.);
#4517=EDGE_CURVE('NONE',#5159,#5149,#1053,.F.);
#4518=EDGE_CURVE('NONE',#5160,#5161,#1054,.T.);
#4519=EDGE_CURVE('NONE',#5160,#5162,#5320,.F.);
#4520=EDGE_CURVE('NONE',#5162,#5138,#1055,.F.);
#4521=EDGE_CURVE('NONE',#5153,#5156,#1056,.T.);
#4522=EDGE_CURVE('NONE',#5155,#5163,#1057,.F.);
#4523=EDGE_CURVE('NONE',#5164,#5163,#1058,.T.);
#4524=EDGE_CURVE('NONE',#5164,#5161,#5321,.T.);
#4525=EDGE_CURVE('NONE',#5165,#5166,#1059,.T.);
#4526=EDGE_CURVE('NONE',#5166,#5167,#1060,.F.);
#4527=EDGE_CURVE('NONE',#5167,#5168,#1061,.F.);
#4528=EDGE_CURVE('NONE',#5165,#5168,#1062,.F.);
#4529=EDGE_CURVE('NONE',#5167,#5169,#5322,.F.);
#4530=EDGE_CURVE('NONE',#5169,#5170,#5323,.T.);
#4531=EDGE_CURVE('NONE',#5170,#5171,#1063,.F.);
#4532=EDGE_CURVE('NONE',#5171,#5172,#5324,.F.);
#4533=EDGE_CURVE('NONE',#5173,#5172,#1064,.F.);
#4534=EDGE_CURVE('NONE',#5174,#5173,#1065,.F.);
#4535=EDGE_CURVE('NONE',#5174,#5168,#1066,.F.);
#4536=EDGE_CURVE('NONE',#5172,#5175,#1067,.T.);
#4537=EDGE_CURVE('NONE',#5176,#5175,#1068,.F.);
#4538=EDGE_CURVE('NONE',#5173,#5176,#1069,.T.);
#4539=EDGE_CURVE('NONE',#5144,#5166,#5325,.T.);
#4540=EDGE_CURVE('NONE',#5177,#5165,#1070,.F.);
#4541=EDGE_CURVE('NONE',#5176,#5177,#1071,.T.);
#4542=EDGE_CURVE('NONE',#5175,#5178,#5326,.T.);
#4543=EDGE_CURVE('NONE',#5178,#5145,#1072,.F.);
#4544=EDGE_CURVE('NONE',#5157,#5152,#1073,.F.);
#4545=EDGE_CURVE('NONE',#5158,#5151,#1074,.F.);
#4546=EDGE_CURVE('NONE',#5179,#5180,#1075,.T.);
#4547=EDGE_CURVE('NONE',#5179,#5181,#5327,.T.);
#4548=EDGE_CURVE('NONE',#5181,#5182,#1076,.T.);
#4549=EDGE_CURVE('NONE',#5182,#5183,#5328,.F.);
#4550=EDGE_CURVE('NONE',#5183,#5142,#1077,.T.);
#4551=EDGE_CURVE('NONE',#5178,#5171,#1078,.F.);
#4552=EDGE_CURVE('NONE',#5170,#5180,#1079,.T.);
#4553=EDGE_CURVE('NONE',#5184,#5185,#1080,.T.);
#4554=EDGE_CURVE('NONE',#5184,#5186,#1081,.T.);
#4555=EDGE_CURVE('NONE',#5150,#5186,#1082,.T.);
#4556=EDGE_CURVE('NONE',#5187,#5159,#1083,.T.);
#4557=EDGE_CURVE('NONE',#5187,#5185,#1084,.F.);
#4558=EDGE_CURVE('NONE',#5186,#5188,#1085,.F.);
#4559=EDGE_CURVE('NONE',#5188,#5174,#1086,.F.);
#4560=EDGE_CURVE('NONE',#5177,#5189,#1087,.F.);
#4561=EDGE_CURVE('NONE',#5189,#5187,#1088,.T.);
#4562=EDGE_CURVE('NONE',#5188,#5190,#1089,.F.);
#4563=EDGE_CURVE('NONE',#5191,#5190,#1090,.F.);
#4564=EDGE_CURVE('NONE',#5191,#5189,#1091,.T.);
#4565=EDGE_CURVE('NONE',#5184,#5190,#1092,.T.);
#4566=EDGE_CURVE('NONE',#5191,#5185,#1093,.T.);
#4567=EDGE_CURVE('NONE',#5169,#5192,#1094,.F.);
#4568=EDGE_CURVE('NONE',#5180,#5192,#5329,.F.);
#4569=EDGE_CURVE('NONE',#5154,#5193,#1095,.F.);
#4570=EDGE_CURVE('NONE',#5163,#5193,#5330,.F.);
#4571=EDGE_CURVE('NONE',#5194,#5195,#1096,.T.);
#4572=EDGE_CURVE('NONE',#5194,#5179,#1097,.T.);
#4573=EDGE_CURVE('NONE',#5192,#5196,#5331,.F.);
#4574=EDGE_CURVE('NONE',#5196,#5197,#1098,.F.);
#4575=EDGE_CURVE('NONE',#5197,#5195,#1099,.T.);
#4576=EDGE_CURVE('NONE',#5196,#5198,#1100,.T.);
#4577=EDGE_CURVE('NONE',#5198,#5199,#1101,.F.);
#4578=EDGE_CURVE('NONE',#5199,#5197,#1102,.F.);
#4579=EDGE_CURVE('NONE',#5183,#5200,#1103,.F.);
#4580=EDGE_CURVE('NONE',#5200,#5201,#1104,.F.);
#4581=EDGE_CURVE('NONE',#5201,#5199,#1105,.T.);
#4582=EDGE_CURVE('NONE',#5198,#5143,#5332,.T.);
#4583=EDGE_CURVE('NONE',#5202,#5203,#1106,.T.);
#4584=EDGE_CURVE('NONE',#5203,#5182,#1107,.T.);
#4585=EDGE_CURVE('NONE',#5181,#5202,#1108,.F.);
#4586=EDGE_CURVE('NONE',#5200,#5203,#5333,.T.);
#4587=EDGE_CURVE('NONE',#5202,#5194,#5334,.F.);
#4588=EDGE_CURVE('NONE',#5195,#5201,#1109,.F.);
#4589=EDGE_CURVE('NONE',#5162,#5204,#1110,.F.);
#4590=EDGE_CURVE('NONE',#5204,#5205,#1111,.T.);
#4591=EDGE_CURVE('NONE',#5205,#5206,#1112,.T.);
#4592=EDGE_CURVE('NONE',#5206,#5207,#1113,.T.);
#4593=EDGE_CURVE('NONE',#5207,#5139,#5335,.F.);
#4594=EDGE_CURVE('NONE',#5161,#5208,#1114,.F.);
#4595=EDGE_CURVE('NONE',#5209,#5208,#1115,.F.);
#4596=EDGE_CURVE('NONE',#5209,#5160,#1116,.T.);
#4597=EDGE_CURVE('NONE',#5210,#5211,#1117,.F.);
#4598=EDGE_CURVE('NONE',#5210,#5164,#1118,.T.);
#4599=EDGE_CURVE('NONE',#5193,#5212,#5336,.T.);
#4600=EDGE_CURVE('NONE',#5213,#5212,#1119,.T.);
#4601=EDGE_CURVE('NONE',#5213,#5211,#1120,.T.);
#4602=EDGE_CURVE('NONE',#5212,#5207,#1121,.T.);
#4603=EDGE_CURVE('NONE',#5206,#5213,#1122,.F.);
#4604=EDGE_CURVE('NONE',#5208,#5210,#5337,.F.);
#4605=EDGE_CURVE('NONE',#5211,#5205,#1123,.T.);
#4606=EDGE_CURVE('NONE',#5204,#5209,#5338,.T.);
#4607=VERTEX_POINT('',#8804);
#4608=VERTEX_POINT('',#8805);
#4609=VERTEX_POINT('',#8807);
#4610=VERTEX_POINT('',#8809);
#4611=VERTEX_POINT('',#8813);
#4612=VERTEX_POINT('',#8814);
#4613=VERTEX_POINT('',#8816);
#4614=VERTEX_POINT('',#8818);
#4615=VERTEX_POINT('',#8822);
#4616=VERTEX_POINT('',#8823);
#4617=VERTEX_POINT('',#8825);
#4618=VERTEX_POINT('',#8827);
#4619=VERTEX_POINT('',#8832);
#4620=VERTEX_POINT('',#8834);
#4621=VERTEX_POINT('',#8836);
#4622=VERTEX_POINT('',#8838);
#4623=VERTEX_POINT('',#8842);
#4624=VERTEX_POINT('',#8844);
#4625=VERTEX_POINT('',#8846);
#4626=VERTEX_POINT('',#8848);
#4627=VERTEX_POINT('',#8850);
#4628=VERTEX_POINT('',#8852);
#4629=VERTEX_POINT('',#8856);
#4630=VERTEX_POINT('',#8857);
#4631=VERTEX_POINT('',#8859);
#4632=VERTEX_POINT('',#8863);
#4633=VERTEX_POINT('',#8865);
#4634=VERTEX_POINT('',#8869);
#4635=VERTEX_POINT('',#8870);
#4636=VERTEX_POINT('',#8872);
#4637=VERTEX_POINT('',#8874);
#4638=VERTEX_POINT('',#8878);
#4639=VERTEX_POINT('',#8880);
#4640=VERTEX_POINT('',#8882);
#4641=VERTEX_POINT('',#8884);
#4642=VERTEX_POINT('',#8886);
#4643=VERTEX_POINT('',#8888);
#4644=VERTEX_POINT('',#8892);
#4645=VERTEX_POINT('',#8894);
#4646=VERTEX_POINT('',#8899);
#4647=VERTEX_POINT('',#8902);
#4648=VERTEX_POINT('',#8909);
#4649=VERTEX_POINT('',#8910);
#4650=VERTEX_POINT('',#8912);
#4651=VERTEX_POINT('',#8914);
#4652=VERTEX_POINT('',#8916);
#4653=VERTEX_POINT('',#8922);
#4654=VERTEX_POINT('',#8923);
#4655=VERTEX_POINT('',#8925);
#4656=VERTEX_POINT('',#8928);
#4657=VERTEX_POINT('',#8932);
#4658=VERTEX_POINT('',#8935);
#4659=VERTEX_POINT('',#8939);
#4660=VERTEX_POINT('',#8941);
#4661=VERTEX_POINT('',#8950);
#4662=VERTEX_POINT('',#8954);
#4663=VERTEX_POINT('',#8960);
#4664=VERTEX_POINT('',#8961);
#4665=VERTEX_POINT('',#8964);
#4666=VERTEX_POINT('',#8966);
#4667=VERTEX_POINT('',#8970);
#4668=VERTEX_POINT('',#8972);
#4669=VERTEX_POINT('',#8976);
#4670=VERTEX_POINT('',#8978);
#4671=VERTEX_POINT('',#8983);
#4672=VERTEX_POINT('',#8984);
#4673=VERTEX_POINT('',#8994);
#4674=VERTEX_POINT('',#8996);
#4675=VERTEX_POINT('',#8998);
#4676=VERTEX_POINT('',#9000);
#4677=VERTEX_POINT('',#9004);
#4678=VERTEX_POINT('',#9006);
#4679=VERTEX_POINT('',#9010);
#4680=VERTEX_POINT('',#9011);
#4681=VERTEX_POINT('',#9014);
#4682=VERTEX_POINT('',#9016);
#4683=VERTEX_POINT('',#9035);
#4684=VERTEX_POINT('',#9036);
#4685=VERTEX_POINT('',#9038);
#4686=VERTEX_POINT('',#9040);
#4687=VERTEX_POINT('',#9042);
#4688=VERTEX_POINT('',#9044);
#4689=VERTEX_POINT('',#9048);
#4690=VERTEX_POINT('',#9049);
#4691=VERTEX_POINT('',#9051);
#4692=VERTEX_POINT('',#9053);
#4693=VERTEX_POINT('',#9055);
#4694=VERTEX_POINT('',#9057);
#4695=VERTEX_POINT('',#9061);
#4696=VERTEX_POINT('',#9062);
#4697=VERTEX_POINT('',#9064);
#4698=VERTEX_POINT('',#9066);
#4699=VERTEX_POINT('',#9070);
#4700=VERTEX_POINT('',#9072);
#4701=VERTEX_POINT('',#9076);
#4702=VERTEX_POINT('',#9078);
#4703=VERTEX_POINT('',#9085);
#4704=VERTEX_POINT('',#9086);
#4705=VERTEX_POINT('',#9088);
#4706=VERTEX_POINT('',#9090);
#4707=VERTEX_POINT('',#9092);
#4708=VERTEX_POINT('',#9095);
#4709=VERTEX_POINT('',#9097);
#4710=VERTEX_POINT('',#9099);
#4711=VERTEX_POINT('',#9101);
#4712=VERTEX_POINT('',#9103);
#4713=VERTEX_POINT('',#9105);
#4714=VERTEX_POINT('',#9107);
#4715=VERTEX_POINT('',#9109);
#4716=VERTEX_POINT('',#9111);
#4717=VERTEX_POINT('',#9113);
#4718=VERTEX_POINT('',#9115);
#4719=VERTEX_POINT('',#9117);
#4720=VERTEX_POINT('',#9119);
#4721=VERTEX_POINT('',#9121);
#4722=VERTEX_POINT('',#9124);
#4723=VERTEX_POINT('',#9129);
#4724=VERTEX_POINT('',#9132);
#4725=VERTEX_POINT('',#9134);
#4726=VERTEX_POINT('',#9138);
#4727=VERTEX_POINT('',#9139);
#4728=VERTEX_POINT('',#9144);
#4729=VERTEX_POINT('',#9146);
#4730=VERTEX_POINT('',#9148);
#4731=VERTEX_POINT('',#9150);
#4732=VERTEX_POINT('',#9154);
#4733=VERTEX_POINT('',#9156);
#4734=VERTEX_POINT('',#9159);
#4735=VERTEX_POINT('',#9163);
#4736=VERTEX_POINT('',#9167);
#4737=VERTEX_POINT('',#9169);
#4738=VERTEX_POINT('',#9171);
#4739=VERTEX_POINT('',#9173);
#4740=VERTEX_POINT('',#9177);
#4741=VERTEX_POINT('',#9180);
#4742=VERTEX_POINT('',#9184);
#4743=VERTEX_POINT('',#9186);
#4744=VERTEX_POINT('',#9190);
#4745=VERTEX_POINT('',#9192);
#4746=VERTEX_POINT('',#9195);
#4747=VERTEX_POINT('',#9201);
#4748=VERTEX_POINT('',#9203);
#4749=VERTEX_POINT('',#9206);
#4750=VERTEX_POINT('',#9208);
#4751=VERTEX_POINT('',#9238);
#4752=VERTEX_POINT('',#9245);
#4753=VERTEX_POINT('',#9252);
#4754=VERTEX_POINT('',#9259);
#4755=VERTEX_POINT('',#9267);
#4756=VERTEX_POINT('',#9269);
#4757=VERTEX_POINT('',#9272);
#4758=VERTEX_POINT('',#9281);
#4759=VERTEX_POINT('',#9282);
#4760=VERTEX_POINT('',#9298);
#4761=VERTEX_POINT('',#9299);
#4762=VERTEX_POINT('',#9315);
#4763=VERTEX_POINT('',#9316);
#4764=VERTEX_POINT('',#9332);
#4765=VERTEX_POINT('',#9333);
#4766=VERTEX_POINT('',#9343);
#4767=VERTEX_POINT('',#9344);
#4768=VERTEX_POINT('',#9346);
#4769=VERTEX_POINT('',#9348);
#4770=VERTEX_POINT('',#9352);
#4771=VERTEX_POINT('',#9353);
#4772=VERTEX_POINT('',#9355);
#4773=VERTEX_POINT('',#9357);
#4774=VERTEX_POINT('',#9359);
#4775=VERTEX_POINT('',#9361);
#4776=VERTEX_POINT('',#9363);
#4777=VERTEX_POINT('',#9365);
#4778=VERTEX_POINT('',#9370);
#4779=VERTEX_POINT('',#9374);
#4780=VERTEX_POINT('',#9378);
#4781=VERTEX_POINT('',#9384);
#4782=VERTEX_POINT('',#9386);
#4783=VERTEX_POINT('',#9388);
#4784=VERTEX_POINT('',#9390);
#4785=VERTEX_POINT('',#9392);
#4786=VERTEX_POINT('',#9396);
#4787=VERTEX_POINT('',#9397);
#4788=VERTEX_POINT('',#9399);
#4789=VERTEX_POINT('',#9401);
#4790=VERTEX_POINT('',#9403);
#4791=VERTEX_POINT('',#9405);
#4792=VERTEX_POINT('',#9407);
#4793=VERTEX_POINT('',#9409);
#4794=VERTEX_POINT('',#9413);
#4795=VERTEX_POINT('',#9414);
#4796=VERTEX_POINT('',#9416);
#4797=VERTEX_POINT('',#9418);
#4798=VERTEX_POINT('',#9422);
#4799=VERTEX_POINT('',#9423);
#4800=VERTEX_POINT('',#9425);
#4801=VERTEX_POINT('',#9427);
#4802=VERTEX_POINT('',#9429);
#4803=VERTEX_POINT('',#9433);
#4804=VERTEX_POINT('',#9434);
#4805=VERTEX_POINT('',#9436);
#4806=VERTEX_POINT('',#9438);
#4807=VERTEX_POINT('',#9440);
#4808=VERTEX_POINT('',#9444);
#4809=VERTEX_POINT('',#9445);
#4810=VERTEX_POINT('',#9447);
#4811=VERTEX_POINT('',#9449);
#4812=VERTEX_POINT('',#9453);
#4813=VERTEX_POINT('',#9454);
#4814=VERTEX_POINT('',#9456);
#4815=VERTEX_POINT('',#9458);
#4816=VERTEX_POINT('',#9466);
#4817=VERTEX_POINT('',#9472);
#4818=VERTEX_POINT('',#9479);
#4819=VERTEX_POINT('',#9481);
#4820=VERTEX_POINT('',#9486);
#4821=VERTEX_POINT('',#9492);
#4822=VERTEX_POINT('',#9499);
#4823=VERTEX_POINT('',#9500);
#4824=VERTEX_POINT('',#9502);
#4825=VERTEX_POINT('',#9504);
#4826=VERTEX_POINT('',#9512);
#4827=VERTEX_POINT('',#9518);
#4828=VERTEX_POINT('',#9525);
#4829=VERTEX_POINT('',#9526);
#4830=VERTEX_POINT('',#9528);
#4831=VERTEX_POINT('',#9530);
#4832=VERTEX_POINT('',#9534);
#4833=VERTEX_POINT('',#9536);
#4834=VERTEX_POINT('',#9542);
#4835=VERTEX_POINT('',#9546);
#4836=VERTEX_POINT('',#9547);
#4837=VERTEX_POINT('',#9549);
#4838=VERTEX_POINT('',#9551);
#4839=VERTEX_POINT('',#9558);
#4840=VERTEX_POINT('',#9560);
#4841=VERTEX_POINT('',#9562);
#4842=VERTEX_POINT('',#9564);
#4843=VERTEX_POINT('',#9566);
#4844=VERTEX_POINT('',#9568);
#4845=VERTEX_POINT('',#9570);
#4846=VERTEX_POINT('',#9572);
#4847=VERTEX_POINT('',#9574);
#4848=VERTEX_POINT('',#9576);
#4849=VERTEX_POINT('',#9578);
#4850=VERTEX_POINT('',#9580);
#4851=VERTEX_POINT('',#9582);
#4852=VERTEX_POINT('',#9584);
#4853=VERTEX_POINT('',#9586);
#4854=VERTEX_POINT('',#9588);
#4855=VERTEX_POINT('',#9591);
#4856=VERTEX_POINT('',#9593);
#4857=VERTEX_POINT('',#9595);
#4858=VERTEX_POINT('',#9597);
#4859=VERTEX_POINT('',#9600);
#4860=VERTEX_POINT('',#9602);
#4861=VERTEX_POINT('',#9604);
#4862=VERTEX_POINT('',#9606);
#4863=VERTEX_POINT('',#9608);
#4864=VERTEX_POINT('',#9610);
#4865=VERTEX_POINT('',#9614);
#4866=VERTEX_POINT('',#9620);
#4867=VERTEX_POINT('',#9625);
#4868=VERTEX_POINT('',#9631);
#4869=VERTEX_POINT('',#9638);
#4870=VERTEX_POINT('',#9643);
#4871=VERTEX_POINT('',#9647);
#4872=VERTEX_POINT('',#9648);
#4873=VERTEX_POINT('',#9654);
#4874=VERTEX_POINT('',#9656);
#4875=VERTEX_POINT('',#9662);
#4876=VERTEX_POINT('',#9664);
#4877=VERTEX_POINT('',#9670);
#4878=VERTEX_POINT('',#9672);
#4879=VERTEX_POINT('',#9680);
#4880=VERTEX_POINT('',#9684);
#4881=VERTEX_POINT('',#9692);
#4882=VERTEX_POINT('',#9699);
#4883=VERTEX_POINT('',#9701);
#4884=VERTEX_POINT('',#9705);
#4885=VERTEX_POINT('',#9709);
#4886=VERTEX_POINT('',#9718);
#4887=VERTEX_POINT('',#9722);
#4888=VERTEX_POINT('',#9726);
#4889=VERTEX_POINT('',#9728);
#4890=VERTEX_POINT('',#9730);
#4891=VERTEX_POINT('',#9741);
#4892=VERTEX_POINT('',#9746);
#4893=VERTEX_POINT('',#9750);
#4894=VERTEX_POINT('',#9752);
#4895=VERTEX_POINT('',#9754);
#4896=VERTEX_POINT('',#9766);
#4897=VERTEX_POINT('',#9770);
#4898=VERTEX_POINT('',#9774);
#4899=VERTEX_POINT('',#9776);
#4900=VERTEX_POINT('',#9778);
#4901=VERTEX_POINT('',#9791);
#4902=VERTEX_POINT('',#9795);
#4903=VERTEX_POINT('',#9802);
#4904=VERTEX_POINT('',#9806);
#4905=VERTEX_POINT('',#9813);
#4906=VERTEX_POINT('',#9814);
#4907=VERTEX_POINT('',#9816);
#4908=VERTEX_POINT('',#9818);
#4909=VERTEX_POINT('',#9820);
#4910=VERTEX_POINT('',#9822);
#4911=VERTEX_POINT('',#9826);
#4912=VERTEX_POINT('',#9828);
#4913=VERTEX_POINT('',#9830);
#4914=VERTEX_POINT('',#9833);
#4915=VERTEX_POINT('',#9837);
#4916=VERTEX_POINT('',#9841);
#4917=VERTEX_POINT('',#9845);
#4918=VERTEX_POINT('',#9849);
#4919=VERTEX_POINT('',#9856);
#4920=VERTEX_POINT('',#9858);
#4921=VERTEX_POINT('',#9862);
#4922=VERTEX_POINT('',#9866);
#4923=VERTEX_POINT('',#9873);
#4924=VERTEX_POINT('',#9875);
#4925=VERTEX_POINT('',#9879);
#4926=VERTEX_POINT('',#9883);
#4927=VERTEX_POINT('',#9890);
#4928=VERTEX_POINT('',#9892);
#4929=VERTEX_POINT('',#9896);
#4930=VERTEX_POINT('',#9898);
#4931=VERTEX_POINT('',#9902);
#4932=VERTEX_POINT('',#9904);
#4933=VERTEX_POINT('',#9908);
#4934=VERTEX_POINT('',#9916);
#4935=VERTEX_POINT('',#9918);
#4936=VERTEX_POINT('',#9922);
#4937=VERTEX_POINT('',#9926);
#4938=VERTEX_POINT('',#9935);
#4939=VERTEX_POINT('',#9936);
#4940=VERTEX_POINT('',#9938);
#4941=VERTEX_POINT('',#9940);
#4942=VERTEX_POINT('',#9944);
#4943=VERTEX_POINT('',#9945);
#4944=VERTEX_POINT('',#9947);
#4945=VERTEX_POINT('',#9949);
#4946=VERTEX_POINT('',#9954);
#4947=VERTEX_POINT('',#9955);
#4948=VERTEX_POINT('',#9960);
#4949=VERTEX_POINT('',#9961);
#4950=VERTEX_POINT('',#9974);
#4951=VERTEX_POINT('',#9975);
#4952=VERTEX_POINT('',#9977);
#4953=VERTEX_POINT('',#9979);
#4954=VERTEX_POINT('',#9983);
#4955=VERTEX_POINT('',#9984);
#4956=VERTEX_POINT('',#9987);
#4957=VERTEX_POINT('',#9989);
#4958=VERTEX_POINT('',#9993);
#4959=VERTEX_POINT('',#9994);
#4960=VERTEX_POINT('',#9999);
#4961=VERTEX_POINT('',#10001);
#4962=VERTEX_POINT('',#10013);
#4963=VERTEX_POINT('',#10015);
#4964=VERTEX_POINT('',#10018);
#4965=VERTEX_POINT('',#10020);
#4966=VERTEX_POINT('',#10023);
#4967=VERTEX_POINT('',#10025);
#4968=VERTEX_POINT('',#10028);
#4969=VERTEX_POINT('',#10030);
#4970=VERTEX_POINT('',#10033);
#4971=VERTEX_POINT('',#10035);
#4972=VERTEX_POINT('',#10038);
#4973=VERTEX_POINT('',#10040);
#4974=VERTEX_POINT('',#10043);
#4975=VERTEX_POINT('',#10045);
#4976=VERTEX_POINT('',#10048);
#4977=VERTEX_POINT('',#10050);
#4978=VERTEX_POINT('',#10053);
#4979=VERTEX_POINT('',#10055);
#4980=VERTEX_POINT('',#10058);
#4981=VERTEX_POINT('',#10061);
#4982=VERTEX_POINT('',#10064);
#4983=VERTEX_POINT('',#10065);
#4984=VERTEX_POINT('',#10067);
#4985=VERTEX_POINT('',#10069);
#4986=VERTEX_POINT('',#10073);
#4987=VERTEX_POINT('',#10074);
#4988=VERTEX_POINT('',#10076);
#4989=VERTEX_POINT('',#10078);
#4990=VERTEX_POINT('',#10082);
#4991=VERTEX_POINT('',#10083);
#4992=VERTEX_POINT('',#10085);
#4993=VERTEX_POINT('',#10087);
#4994=VERTEX_POINT('',#10091);
#4995=VERTEX_POINT('',#10092);
#4996=VERTEX_POINT('',#10094);
#4997=VERTEX_POINT('',#10096);
#4998=VERTEX_POINT('',#10098);
#4999=VERTEX_POINT('',#10100);
#5000=VERTEX_POINT('',#10102);
#5001=VERTEX_POINT('',#10104);
#5002=VERTEX_POINT('',#10108);
#5003=VERTEX_POINT('',#10109);
#5004=VERTEX_POINT('',#10111);
#5005=VERTEX_POINT('',#10113);
#5006=VERTEX_POINT('',#10115);
#5007=VERTEX_POINT('',#10117);
#5008=VERTEX_POINT('',#10119);
#5009=VERTEX_POINT('',#10121);
#5010=VERTEX_POINT('',#10125);
#5011=VERTEX_POINT('',#10126);
#5012=VERTEX_POINT('',#10128);
#5013=VERTEX_POINT('',#10130);
#5014=VERTEX_POINT('',#10134);
#5015=VERTEX_POINT('',#10136);
#5016=VERTEX_POINT('',#10138);
#5017=VERTEX_POINT('',#10140);
#5018=VERTEX_POINT('',#10143);
#5019=VERTEX_POINT('',#10145);
#5020=VERTEX_POINT('',#10148);
#5021=VERTEX_POINT('',#10151);
#5022=VERTEX_POINT('',#10153);
#5023=VERTEX_POINT('',#10157);
#5024=VERTEX_POINT('',#10158);
#5025=VERTEX_POINT('',#10160);
#5026=VERTEX_POINT('',#10162);
#5027=VERTEX_POINT('',#10166);
#5028=VERTEX_POINT('',#10167);
#5029=VERTEX_POINT('',#10169);
#5030=VERTEX_POINT('',#10171);
#5031=VERTEX_POINT('',#10175);
#5032=VERTEX_POINT('',#10176);
#5033=VERTEX_POINT('',#10178);
#5034=VERTEX_POINT('',#10180);
#5035=VERTEX_POINT('',#10184);
#5036=VERTEX_POINT('',#10186);
#5037=VERTEX_POINT('',#10190);
#5038=VERTEX_POINT('',#10194);
#5039=VERTEX_POINT('',#10198);
#5040=VERTEX_POINT('',#10202);
#5041=VERTEX_POINT('',#10203);
#5042=VERTEX_POINT('',#10205);
#5043=VERTEX_POINT('',#10207);
#5044=VERTEX_POINT('',#10216);
#5045=VERTEX_POINT('',#10218);
#5046=VERTEX_POINT('',#10231);
#5047=VERTEX_POINT('',#10235);
#5048=VERTEX_POINT('',#10274);
#5049=VERTEX_POINT('',#10275);
#5050=VERTEX_POINT('',#10277);
#5051=VERTEX_POINT('',#10279);
#5052=VERTEX_POINT('',#10281);
#5053=VERTEX_POINT('',#10285);
#5054=VERTEX_POINT('',#10286);
#5055=VERTEX_POINT('',#10288);
#5056=VERTEX_POINT('',#10290);
#5057=VERTEX_POINT('',#10294);
#5058=VERTEX_POINT('',#10295);
#5059=VERTEX_POINT('',#10297);
#5060=VERTEX_POINT('',#10299);
#5061=VERTEX_POINT('',#10301);
#5062=VERTEX_POINT('',#10303);
#5063=VERTEX_POINT('',#10305);
#5064=VERTEX_POINT('',#10307);
#5065=VERTEX_POINT('',#10311);
#5066=VERTEX_POINT('',#10312);
#5067=VERTEX_POINT('',#10314);
#5068=VERTEX_POINT('',#10316);
#5069=VERTEX_POINT('',#10318);
#5070=VERTEX_POINT('',#10320);
#5071=VERTEX_POINT('',#10322);
#5072=VERTEX_POINT('',#10324);
#5073=VERTEX_POINT('',#10328);
#5074=VERTEX_POINT('',#10329);
#5075=VERTEX_POINT('',#10331);
#5076=VERTEX_POINT('',#10333);
#5077=VERTEX_POINT('',#10335);
#5078=VERTEX_POINT('',#10337);
#5079=VERTEX_POINT('',#10339);
#5080=VERTEX_POINT('',#10341);
#5081=VERTEX_POINT('',#10345);
#5082=VERTEX_POINT('',#10347);
#5083=VERTEX_POINT('',#10349);
#5084=VERTEX_POINT('',#10351);
#5085=VERTEX_POINT('',#10353);
#5086=VERTEX_POINT('',#10355);
#5087=VERTEX_POINT('',#10357);
#5088=VERTEX_POINT('',#10359);
#5089=VERTEX_POINT('',#10361);
#5090=VERTEX_POINT('',#10363);
#5091=VERTEX_POINT('',#10365);
#5092=VERTEX_POINT('',#10367);
#5093=VERTEX_POINT('',#10369);
#5094=VERTEX_POINT('',#10371);
#5095=VERTEX_POINT('',#10384);
#5096=VERTEX_POINT('',#10386);
#5097=VERTEX_POINT('',#10399);
#5098=VERTEX_POINT('',#10400);
#5099=VERTEX_POINT('',#10402);
#5100=VERTEX_POINT('',#10413);
#5101=VERTEX_POINT('',#10415);
#5102=VERTEX_POINT('',#10420);
#5103=VERTEX_POINT('',#10424);
#5104=VERTEX_POINT('',#10425);
#5105=VERTEX_POINT('',#10427);
#5106=VERTEX_POINT('',#10434);
#5107=VERTEX_POINT('',#10436);
#5108=VERTEX_POINT('',#10441);
#5109=VERTEX_POINT('',#10443);
#5110=VERTEX_POINT('',#10448);
#5111=VERTEX_POINT('',#10452);
#5112=VERTEX_POINT('',#10453);
#5113=VERTEX_POINT('',#10455);
#5114=VERTEX_POINT('',#10457);
#5115=VERTEX_POINT('',#10459);
#5116=VERTEX_POINT('',#10469);
#5117=VERTEX_POINT('',#10471);
#5118=VERTEX_POINT('',#10476);
#5119=VERTEX_POINT('',#10480);
#5120=VERTEX_POINT('',#10481);
#5121=VERTEX_POINT('',#10483);
#5122=VERTEX_POINT('',#10494);
#5123=VERTEX_POINT('',#10496);
#5124=VERTEX_POINT('',#10501);
#5125=VERTEX_POINT('',#10505);
#5126=VERTEX_POINT('',#10507);
#5127=VERTEX_POINT('',#10509);
#5128=VERTEX_POINT('',#10511);
#5129=VERTEX_POINT('',#10529);
#5130=VERTEX_POINT('',#10535);
#5131=VERTEX_POINT('',#10537);
#5132=VERTEX_POINT('',#10541);
#5133=VERTEX_POINT('',#10545);
#5134=VERTEX_POINT('',#10552);
#5135=VERTEX_POINT('',#10559);
#5136=VERTEX_POINT('',#10566);
#5137=VERTEX_POINT('',#10573);
#5138=VERTEX_POINT('',#10581);
#5139=VERTEX_POINT('',#10582);
#5140=VERTEX_POINT('',#10584);
#5141=VERTEX_POINT('',#10586);
#5142=VERTEX_POINT('',#10590);
#5143=VERTEX_POINT('',#10591);
#5144=VERTEX_POINT('',#10593);
#5145=VERTEX_POINT('',#10595);
#5146=VERTEX_POINT('',#10599);
#5147=VERTEX_POINT('',#10600);
#5148=VERTEX_POINT('',#10602);
#5149=VERTEX_POINT('',#10604);
#5150=VERTEX_POINT('',#10609);
#5151=VERTEX_POINT('',#10611);
#5152=VERTEX_POINT('',#10613);
#5153=VERTEX_POINT('',#10615);
#5154=VERTEX_POINT('',#10619);
#5155=VERTEX_POINT('',#10621);
#5156=VERTEX_POINT('',#10623);
#5157=VERTEX_POINT('',#10625);
#5158=VERTEX_POINT('',#10627);
#5159=VERTEX_POINT('',#10629);
#5160=VERTEX_POINT('',#10633);
#5161=VERTEX_POINT('',#10634);
#5162=VERTEX_POINT('',#10636);
#5163=VERTEX_POINT('',#10640);
#5164=VERTEX_POINT('',#10642);
#5165=VERTEX_POINT('',#10646);
#5166=VERTEX_POINT('',#10647);
#5167=VERTEX_POINT('',#10649);
#5168=VERTEX_POINT('',#10651);
#5169=VERTEX_POINT('',#10655);
#5170=VERTEX_POINT('',#10657);
#5171=VERTEX_POINT('',#10659);
#5172=VERTEX_POINT('',#10661);
#5173=VERTEX_POINT('',#10663);
#5174=VERTEX_POINT('',#10665);
#5175=VERTEX_POINT('',#10669);
#5176=VERTEX_POINT('',#10671);
#5177=VERTEX_POINT('',#10676);
#5178=VERTEX_POINT('',#10679);
#5179=VERTEX_POINT('',#10686);
#5180=VERTEX_POINT('',#10687);
#5181=VERTEX_POINT('',#10689);
#5182=VERTEX_POINT('',#10691);
#5183=VERTEX_POINT('',#10693);
#5184=VERTEX_POINT('',#10699);
#5185=VERTEX_POINT('',#10700);
#5186=VERTEX_POINT('',#10702);
#5187=VERTEX_POINT('',#10705);
#5188=VERTEX_POINT('',#10709);
#5189=VERTEX_POINT('',#10712);
#5190=VERTEX_POINT('',#10716);
#5191=VERTEX_POINT('',#10718);
#5192=VERTEX_POINT('',#10727);
#5193=VERTEX_POINT('',#10731);
#5194=VERTEX_POINT('',#10737);
#5195=VERTEX_POINT('',#10738);
#5196=VERTEX_POINT('',#10741);
#5197=VERTEX_POINT('',#10743);
#5198=VERTEX_POINT('',#10747);
#5199=VERTEX_POINT('',#10749);
#5200=VERTEX_POINT('',#10753);
#5201=VERTEX_POINT('',#10755);
#5202=VERTEX_POINT('',#10760);
#5203=VERTEX_POINT('',#10761);
#5204=VERTEX_POINT('',#10771);
#5205=VERTEX_POINT('',#10773);
#5206=VERTEX_POINT('',#10775);
#5207=VERTEX_POINT('',#10777);
#5208=VERTEX_POINT('',#10781);
#5209=VERTEX_POINT('',#10783);
#5210=VERTEX_POINT('',#10787);
#5211=VERTEX_POINT('',#10788);
#5212=VERTEX_POINT('',#10791);
#5213=VERTEX_POINT('',#10793);
#5214=CIRCLE('',#6607,0.0001);
#5215=CIRCLE('',#6608,0.0001);
#5216=CIRCLE('',#6610,0.0001);
#5217=CIRCLE('',#6611,0.0001);
#5218=CIRCLE('',#6614,0.0001);
#5219=CIRCLE('',#6615,0.0001);
#5220=CIRCLE('',#6617,0.0001);
#5221=CIRCLE('',#6618,0.0001);
#5222=CIRCLE('',#6619,0.0001);
#5223=CIRCLE('',#6621,0.0001);
#5224=CIRCLE('',#6622,0.0001);
#5225=CIRCLE('',#6625,0.0001);
#5226=CIRCLE('',#6626,0.0001);
#5227=CIRCLE('',#6627,0.0001);
#5228=CIRCLE('',#6630,0.0001);
#5229=CIRCLE('',#6631,0.0001);
#5230=CIRCLE('',#6634,0.0001);
#5231=CIRCLE('',#6635,0.0001);
#5232=CIRCLE('',#6643,0.0001);
#5233=CIRCLE('',#6645,0.0001);
#5234=CIRCLE('',#6649,0.0001);
#5235=CIRCLE('',#6652,0.0001);
#5236=CIRCLE('',#6655,0.0001);
#5237=CIRCLE('',#6656,0.0001);
#5238=CIRCLE('',#6659,0.0001);
#5239=CIRCLE('',#6662,0.0001);
#5240=CIRCLE('',#6665,0.0001);
#5241=CIRCLE('',#6666,0.0001);
#5242=CIRCLE('',#6722,0.00219569568857916);
#5243=CIRCLE('',#6723,0.00127216642150499);
#5244=CIRCLE('',#6725,0.00219569568857916);
#5245=CIRCLE('',#6744,0.001);
#5246=CIRCLE('',#6746,0.001);
#5247=CIRCLE('',#6749,0.001);
#5248=CIRCLE('',#6751,0.0017);
#5249=CIRCLE('',#6752,0.0017);
#5250=CIRCLE('',#6758,0.0017);
#5251=CIRCLE('',#6759,0.0017);
#5252=CIRCLE('',#6760,0.0017);
#5253=CIRCLE('',#6762,0.001);
#5254=CIRCLE('',#6779,0.0017);
#5255=CIRCLE('',#6787,0.0017);
#5256=CIRCLE('',#6795,0.0017);
#5257=CIRCLE('',#6859,0.000335);
#5258=CIRCLE('',#6860,0.000335);
#5259=CIRCLE('',#6862,0.00025);
#5260=CIRCLE('',#6863,0.00025);
#5261=CIRCLE('',#6865,0.00025);
#5262=CIRCLE('',#6866,0.00025);
#5263=CIRCLE('',#6868,0.00025);
#5264=CIRCLE('',#6869,0.00025);
#5265=CIRCLE('',#6871,0.00025);
#5266=CIRCLE('',#6872,0.00025);
#5267=CIRCLE('',#6874,0.00025);
#5268=CIRCLE('',#6875,0.00025);
#5269=CIRCLE('',#6877,0.00025);
#5270=CIRCLE('',#6878,0.00025);
#5271=CIRCLE('',#6880,0.0015);
#5272=CIRCLE('',#6881,0.0013);
#5273=CIRCLE('',#6883,0.0015);
#5274=CIRCLE('',#6884,0.0013);
#5275=CIRCLE('',#6886,0.0015);
#5276=CIRCLE('',#6888,0.0015);
#5277=CIRCLE('',#6896,0.0004);
#5278=CIRCLE('',#6897,0.00189);
#5279=CIRCLE('',#6898,0.0004);
#5280=CIRCLE('',#6899,0.002);
#5281=CIRCLE('',#6905,0.00189);
#5282=CIRCLE('',#6908,0.002);
#5283=CIRCLE('',#6912,0.0004);
#5284=CIRCLE('',#6913,0.0004);
#5285=CIRCLE('',#6918,0.0001);
#5286=CIRCLE('',#6919,0.0001);
#5287=CIRCLE('',#6920,0.0001);
#5288=CIRCLE('',#6921,0.0001);
#5289=CIRCLE('',#6926,0.0001);
#5290=CIRCLE('',#6927,0.0001);
#5291=CIRCLE('',#6928,0.0001);
#5292=CIRCLE('',#6929,0.0001);
#5293=CIRCLE('',#6931,0.0001);
#5294=CIRCLE('',#6932,0.0001);
#5295=CIRCLE('',#6933,0.0001);
#5296=CIRCLE('',#6934,0.0001);
#5297=CIRCLE('',#6936,0.0001);
#5298=CIRCLE('',#6937,0.0001);
#5299=CIRCLE('',#6938,0.0001);
#5300=CIRCLE('',#6939,0.0001);
#5301=CIRCLE('',#6959,0.001651);
#5302=CIRCLE('',#6965,0.001651);
#5303=CIRCLE('',#6969,0.0008);
#5304=CIRCLE('',#6971,0.0008);
#5305=CIRCLE('',#6974,0.0008);
#5306=CIRCLE('',#6979,0.0008);
#5307=CIRCLE('',#6982,0.0008);
#5308=CIRCLE('',#6984,0.0008);
#5309=CIRCLE('',#6996,0.001651);
#5310=CIRCLE('',#7002,0.001651);
#5311=CIRCLE('',#7018,0.0001);
#5312=CIRCLE('',#7019,0.0001);
#5313=CIRCLE('',#7021,0.0001);
#5314=CIRCLE('',#7022,0.0001);
#5315=CIRCLE('',#7025,0.0001);
#5316=CIRCLE('',#7026,0.0001);
#5317=CIRCLE('',#7028,0.0001);
#5318=CIRCLE('',#7029,0.0001);
#5319=CIRCLE('',#7030,0.0001);
#5320=CIRCLE('',#7032,0.0001);
#5321=CIRCLE('',#7033,0.0001);
#5322=CIRCLE('',#7036,0.0001);
#5323=CIRCLE('',#7037,0.0001);
#5324=CIRCLE('',#7038,0.0001);
#5325=CIRCLE('',#7041,0.0001);
#5326=CIRCLE('',#7042,0.0001);
#5327=CIRCLE('',#7045,0.0001);
#5328=CIRCLE('',#7046,0.0001);
#5329=CIRCLE('',#7054,0.0001);
#5330=CIRCLE('',#7056,0.0001);
#5331=CIRCLE('',#7060,0.0001);
#5332=CIRCLE('',#7063,0.0001);
#5333=CIRCLE('',#7066,0.0001);
#5334=CIRCLE('',#7067,0.0001);
#5335=CIRCLE('',#7070,0.0001);
#5336=CIRCLE('',#7073,0.0001);
#5337=CIRCLE('',#7076,0.0001);
#5338=CIRCLE('',#7077,0.0001);
#5339=EDGE_LOOP('',(#1877,#1878,#1879,#1880));
#5340=EDGE_LOOP('',(#1881,#1882,#1883,#1884));
#5341=EDGE_LOOP('',(#1885,#1886,#1887,#1888));
#5342=EDGE_LOOP('',(#1889,#1890,#1891,#1892,#1893,#1894,#1895,#1896));
#5343=EDGE_LOOP('',(#1897,#1898,#1899,#1900,#1901,#1902,#1903,#1904));
#5344=EDGE_LOOP('',(#1905,#1906,#1907,#1908,#1909,#1910,#1911,#1912,#1913,
#1914));
#5345=EDGE_LOOP('',(#1915,#1916,#1917,#1918));
#5346=EDGE_LOOP('',(#1919,#1920,#1921,#1922,#1923,#1924,#1925,#1926));
#5347=EDGE_LOOP('',(#1927,#1928,#1929,#1930));
#5348=EDGE_LOOP('',(#1931,#1932,#1933,#1934,#1935,#1936,#1937,#1938));
#5349=EDGE_LOOP('',(#1939,#1940,#1941,#1942));
#5350=EDGE_LOOP('',(#1943,#1944,#1945,#1946,#1947,#1948,#1949,#1950,#1951,
#1952));
#5351=EDGE_LOOP('',(#1953,#1954,#1955,#1956,#1957,#1958,#1959,#1960));
#5352=EDGE_LOOP('',(#1961,#1962,#1963,#1964,#1965,#1966,#1967,#1968,#1969,
#1970,#1971,#1972));
#5353=EDGE_LOOP('',(#1973,#1974,#1975,#1976,#1977,#1978,#1979,#1980));
#5354=EDGE_LOOP('',(#1981,#1982,#1983,#1984));
#5355=EDGE_LOOP('',(#1985,#1986,#1987,#1988));
#5356=EDGE_LOOP('',(#1989,#1990,#1991,#1992));
#5357=EDGE_LOOP('',(#1993,#1994,#1995,#1996));
#5358=EDGE_LOOP('',(#1997,#1998,#1999,#2000));
#5359=EDGE_LOOP('',(#2001,#2002,#2003,#2004));
#5360=EDGE_LOOP('',(#2005,#2006,#2007,#2008));
#5361=EDGE_LOOP('',(#2009,#2010,#2011,#2012,#2013,#2014,#2015));
#5362=EDGE_LOOP('',(#2016,#2017,#2018,#2019));
#5363=EDGE_LOOP('',(#2020,#2021,#2022,#2023,#2024,#2025,#2026));
#5364=EDGE_LOOP('',(#2027,#2028,#2029,#2030));
#5365=EDGE_LOOP('',(#2031,#2032,#2033,#2034,#2035,#2036));
#5366=EDGE_LOOP('',(#2037,#2038,#2039,#2040));
#5367=EDGE_LOOP('',(#2041,#2042,#2043,#2044,#2045,#2046,#2047));
#5368=EDGE_LOOP('',(#2048,#2049,#2050,#2051));
#5369=EDGE_LOOP('',(#2052,#2053,#2054,#2055,#2056,#2057,#2058));
#5370=EDGE_LOOP('',(#2059,#2060,#2061,#2062));
#5371=EDGE_LOOP('',(#2063,#2064,#2065,#2066,#2067,#2068));
#5372=EDGE_LOOP('',(#2069,#2070,#2071,#2072));
#5373=EDGE_LOOP('',(#2073,#2074,#2075,#2076,#2077,#2078,#2079,#2080));
#5374=EDGE_LOOP('',(#2081,#2082,#2083,#2084,#2085,#2086,#2087,#2088));
#5375=EDGE_LOOP('',(#2089,#2090,#2091,#2092));
#5376=EDGE_LOOP('',(#2093,#2094,#2095,#2096));
#5377=EDGE_LOOP('',(#2097,#2098,#2099,#2100));
#5378=EDGE_LOOP('',(#2101,#2102,#2103,#2104));
#5379=EDGE_LOOP('',(#2105,#2106,#2107,#2108,#2109,#2110));
#5380=EDGE_LOOP('',(#2111,#2112,#2113,#2114,#2115,#2116));
#5381=EDGE_LOOP('',(#2117,#2118,#2119,#2120));
#5382=EDGE_LOOP('',(#2121,#2122,#2123,#2124));
#5383=EDGE_LOOP('',(#2125,#2126,#2127,#2128));
#5384=EDGE_LOOP('',(#2129,#2130,#2131,#2132));
#5385=EDGE_LOOP('',(#2133,#2134,#2135,#2136,#2137,#2138,#2139,#2140,#2141,
#2142,#2143,#2144,#2145,#2146,#2147,#2148,#2149,#2150,#2151,#2152,#2153,
#2154,#2155,#2156));
#5386=EDGE_LOOP('',(#2157,#2158,#2159,#2160));
#5387=EDGE_LOOP('',(#2161,#2162,#2163,#2164));
#5388=EDGE_LOOP('',(#2165,#2166,#2167,#2168,#2169,#2170,#2171));
#5389=EDGE_LOOP('',(#2172,#2173,#2174,#2175));
#5390=EDGE_LOOP('',(#2176,#2177,#2178,#2179,#2180,#2181));
#5391=EDGE_LOOP('',(#2182,#2183,#2184,#2185,#2186,#2187,#2188));
#5392=EDGE_LOOP('',(#2189,#2190,#2191,#2192));
#5393=EDGE_LOOP('',(#2193,#2194,#2195,#2196,#2197,#2198,#2199));
#5394=EDGE_LOOP('',(#2200,#2201,#2202,#2203,#2204,#2205));
#5395=EDGE_LOOP('',(#2206,#2207,#2208,#2209));
#5396=EDGE_LOOP('',(#2210,#2211,#2212,#2213,#2214,#2215,#2216));
#5397=EDGE_LOOP('',(#2217,#2218,#2219,#2220));
#5398=EDGE_LOOP('',(#2221,#2222,#2223,#2224,#2225,#2226,#2227,#2228,#2229,
#2230,#2231,#2232));
#5399=EDGE_LOOP('',(#2233,#2234,#2235,#2236));
#5400=EDGE_LOOP('',(#2237,#2238,#2239,#2240));
#5401=EDGE_LOOP('',(#2241,#2242,#2243));
#5402=EDGE_LOOP('',(#2244,#2245,#2246,#2247));
#5403=EDGE_LOOP('',(#2248,#2249,#2250,#2251));
#5404=EDGE_LOOP('',(#2252,#2253,#2254));
#5405=EDGE_LOOP('',(#2255,#2256,#2257,#2258));
#5406=EDGE_LOOP('',(#2259,#2260,#2261,#2262));
#5407=EDGE_LOOP('',(#2263,#2264,#2265,#2266));
#5408=EDGE_LOOP('',(#2267,#2268,#2269));
#5409=EDGE_LOOP('',(#2270,#2271,#2272,#2273));
#5410=EDGE_LOOP('',(#2274,#2275,#2276,#2277));
#5411=EDGE_LOOP('',(#2278,#2279,#2280));
#5412=EDGE_LOOP('',(#2281,#2282,#2283,#2284));
#5413=EDGE_LOOP('',(#2285,#2286,#2287,#2288));
#5414=EDGE_LOOP('',(#2289,#2290,#2291,#2292));
#5415=EDGE_LOOP('',(#2293,#2294,#2295,#2296));
#5416=EDGE_LOOP('',(#2297,#2298,#2299,#2300));
#5417=EDGE_LOOP('',(#2301,#2302,#2303,#2304));
#5418=EDGE_LOOP('',(#2305,#2306,#2307,#2308));
#5419=EDGE_LOOP('',(#2309,#2310,#2311,#2312));
#5420=EDGE_LOOP('',(#2313,#2314,#2315,#2316));
#5421=EDGE_LOOP('',(#2317,#2318,#2319,#2320));
#5422=EDGE_LOOP('',(#2321,#2322,#2323,#2324));
#5423=EDGE_LOOP('',(#2325,#2326,#2327,#2328));
#5424=EDGE_LOOP('',(#2329,#2330,#2331,#2332));
#5425=EDGE_LOOP('',(#2333));
#5426=EDGE_LOOP('',(#2334));
#5427=EDGE_LOOP('',(#2335));
#5428=EDGE_LOOP('',(#2336));
#5429=EDGE_LOOP('',(#2337,#2338));
#5430=EDGE_LOOP('',(#2339,#2340));
#5431=EDGE_LOOP('',(#2341,#2342));
#5432=EDGE_LOOP('',(#2343,#2344));
#5433=EDGE_LOOP('',(#2345,#2346,#2347,#2348));
#5434=EDGE_LOOP('',(#2349,#2350,#2351,#2352,#2353,#2354,#2355,#2356));
#5435=EDGE_LOOP('',(#2357,#2358,#2359,#2360,#2361));
#5436=EDGE_LOOP('',(#2362,#2363,#2364,#2365));
#5437=EDGE_LOOP('',(#2366,#2367,#2368,#2369));
#5438=EDGE_LOOP('',(#2370,#2371,#2372,#2373,#2374));
#5439=EDGE_LOOP('',(#2375,#2376,#2377,#2378,#2379,#2380,#2381,#2382));
#5440=EDGE_LOOP('',(#2383,#2384,#2385,#2386,#2387,#2388,#2389,#2390));
#5441=EDGE_LOOP('',(#2391,#2392,#2393,#2394));
#5442=EDGE_LOOP('',(#2395,#2396,#2397,#2398,#2399));
#5443=EDGE_LOOP('',(#2400,#2401,#2402,#2403,#2404));
#5444=EDGE_LOOP('',(#2405,#2406,#2407,#2408));
#5445=EDGE_LOOP('',(#2409,#2410,#2411,#2412));
#5446=EDGE_LOOP('',(#2413,#2414,#2415,#2416,#2417,#2418));
#5447=EDGE_LOOP('',(#2419,#2420,#2421,#2422,#2423,#2424));
#5448=EDGE_LOOP('',(#2425,#2426,#2427,#2428));
#5449=EDGE_LOOP('',(#2429,#2430,#2431,#2432,#2433,#2434));
#5450=EDGE_LOOP('',(#2435,#2436,#2437,#2438));
#5451=EDGE_LOOP('',(#2439,#2440,#2441,#2442));
#5452=EDGE_LOOP('',(#2443,#2444,#2445,#2446,#2447,#2448,#2449));
#5453=EDGE_LOOP('',(#2450,#2451,#2452,#2453));
#5454=EDGE_LOOP('',(#2454,#2455,#2456,#2457));
#5455=EDGE_LOOP('',(#2458,#2459,#2460,#2461,#2462,#2463,#2464,#2465,#2466,
#2467,#2468,#2469,#2470,#2471,#2472,#2473,#2474,#2475,#2476,#2477,#2478,
#2479,#2480,#2481,#2482,#2483,#2484,#2485,#2486,#2487,#2488,#2489,#2490,
#2491,#2492,#2493));
#5456=EDGE_LOOP('',(#2494,#2495,#2496,#2497,#2498,#2499,#2500,#2501));
#5457=EDGE_LOOP('',(#2502,#2503,#2504,#2505));
#5458=EDGE_LOOP('',(#2506,#2507,#2508,#2509,#2510,#2511));
#5459=EDGE_LOOP('',(#2512,#2513,#2514,#2515,#2516));
#5460=EDGE_LOOP('',(#2517,#2518,#2519,#2520,#2521));
#5461=EDGE_LOOP('',(#2522));
#5462=EDGE_LOOP('',(#2523,#2524));
#5463=EDGE_LOOP('',(#2525,#2526));
#5464=EDGE_LOOP('',(#2527,#2528));
#5465=EDGE_LOOP('',(#2529,#2530));
#5466=EDGE_LOOP('',(#2531,#2532,#2533,#2534,#2535,#2536,#2537,#2538));
#5467=EDGE_LOOP('',(#2539,#2540,#2541,#2542,#2543,#2544,#2545,#2546,#2547,
#2548));
#5468=EDGE_LOOP('',(#2549,#2550,#2551,#2552,#2553,#2554,#2555,#2556,#2557,
#2558,#2559,#2560,#2561,#2562));
#5469=EDGE_LOOP('',(#2563,#2564,#2565,#2566,#2567,#2568,#2569,#2570,#2571,
#2572,#2573,#2574,#2575,#2576));
#5470=EDGE_LOOP('',(#2577,#2578,#2579,#2580,#2581,#2582,#2583,#2584,#2585,
#2586));
#5471=EDGE_LOOP('',(#2587,#2588,#2589,#2590));
#5472=EDGE_LOOP('',(#2591,#2592,#2593,#2594));
#5473=EDGE_LOOP('',(#2595,#2596,#2597,#2598));
#5474=EDGE_LOOP('',(#2599,#2600,#2601,#2602));
#5475=EDGE_LOOP('',(#2603,#2604,#2605,#2606,#2607,#2608,#2609));
#5476=EDGE_LOOP('',(#2610,#2611,#2612,#2613));
#5477=EDGE_LOOP('',(#2614,#2615,#2616,#2617,#2618,#2619,#2620,#2621));
#5478=EDGE_LOOP('',(#2622,#2623,#2624,#2625));
#5479=EDGE_LOOP('',(#2626,#2627,#2628,#2629));
#5480=EDGE_LOOP('',(#2630,#2631,#2632,#2633));
#5481=EDGE_LOOP('',(#2634,#2635,#2636,#2637));
#5482=EDGE_LOOP('',(#2638,#2639,#2640,#2641,#2642,#2643,#2644));
#5483=EDGE_LOOP('',(#2645,#2646,#2647,#2648));
#5484=EDGE_LOOP('',(#2649,#2650,#2651,#2652,#2653,#2654,#2655,#2656));
#5485=EDGE_LOOP('',(#2657,#2658,#2659,#2660));
#5486=EDGE_LOOP('',(#2661,#2662,#2663,#2664));
#5487=EDGE_LOOP('',(#2665,#2666,#2667,#2668));
#5488=EDGE_LOOP('',(#2669,#2670,#2671,#2672));
#5489=EDGE_LOOP('',(#2673,#2674,#2675,#2676,#2677,#2678,#2679));
#5490=EDGE_LOOP('',(#2680,#2681,#2682,#2683));
#5491=EDGE_LOOP('',(#2684,#2685,#2686,#2687,#2688,#2689,#2690,#2691));
#5492=EDGE_LOOP('',(#2692,#2693,#2694,#2695));
#5493=EDGE_LOOP('',(#2696,#2697,#2698,#2699));
#5494=EDGE_LOOP('',(#2700,#2701,#2702,#2703));
#5495=EDGE_LOOP('',(#2704,#2705,#2706,#2707));
#5496=EDGE_LOOP('',(#2708,#2709,#2710,#2711));
#5497=EDGE_LOOP('',(#2712,#2713,#2714,#2715));
#5498=EDGE_LOOP('',(#2716,#2717,#2718,#2719,#2720));
#5499=EDGE_LOOP('',(#2721,#2722,#2723,#2724,#2725));
#5500=EDGE_LOOP('',(#2726,#2727,#2728,#2729));
#5501=EDGE_LOOP('',(#2730,#2731,#2732,#2733));
#5502=EDGE_LOOP('',(#2734,#2735,#2736,#2737,#2738));
#5503=EDGE_LOOP('',(#2739,#2740,#2741,#2742,#2743));
#5504=EDGE_LOOP('',(#2744,#2745,#2746,#2747));
#5505=EDGE_LOOP('',(#2748,#2749,#2750,#2751));
#5506=EDGE_LOOP('',(#2752,#2753,#2754,#2755,#2756,#2757));
#5507=EDGE_LOOP('',(#2758,#2759,#2760,#2761,#2762,#2763,#2764,#2765));
#5508=EDGE_LOOP('',(#2766,#2767,#2768,#2769));
#5509=EDGE_LOOP('',(#2770,#2771,#2772,#2773));
#5510=EDGE_LOOP('',(#2774,#2775,#2776,#2777));
#5511=EDGE_LOOP('',(#2778,#2779,#2780,#2781,#2782,#2783));
#5512=EDGE_LOOP('',(#2784,#2785,#2786,#2787,#2788,#2789));
#5513=EDGE_LOOP('',(#2790,#2791,#2792,#2793));
#5514=EDGE_LOOP('',(#2794,#2795,#2796,#2797,#2798));
#5515=EDGE_LOOP('',(#2799,#2800,#2801,#2802));
#5516=EDGE_LOOP('',(#2803,#2804,#2805,#2806));
#5517=EDGE_LOOP('',(#2807,#2808,#2809,#2810,#2811));
#5518=EDGE_LOOP('',(#2812,#2813,#2814,#2815));
#5519=EDGE_LOOP('',(#2816,#2817,#2818,#2819,#2820));
#5520=EDGE_LOOP('',(#2821,#2822,#2823,#2824));
#5521=EDGE_LOOP('',(#2825,#2826,#2827,#2828));
#5522=EDGE_LOOP('',(#2829,#2830,#2831,#2832,#2833));
#5523=EDGE_LOOP('',(#2834,#2835,#2836,#2837));
#5524=EDGE_LOOP('',(#2838,#2839,#2840,#2841));
#5525=EDGE_LOOP('',(#2842,#2843,#2844,#2845));
#5526=EDGE_LOOP('',(#2846,#2847,#2848,#2849,#2850,#2851));
#5527=EDGE_LOOP('',(#2852,#2853,#2854,#2855,#2856,#2857));
#5528=EDGE_LOOP('',(#2858,#2859,#2860,#2861,#2862,#2863));
#5529=EDGE_LOOP('',(#2864,#2865,#2866,#2867));
#5530=EDGE_LOOP('',(#2868,#2869,#2870,#2871,#2872));
#5531=EDGE_LOOP('',(#2873,#2874,#2875,#2876));
#5532=EDGE_LOOP('',(#2877,#2878,#2879,#2880));
#5533=EDGE_LOOP('',(#2881,#2882,#2883,#2884,#2885));
#5534=EDGE_LOOP('',(#2886));
#5535=EDGE_LOOP('',(#2887,#2888,#2889,#2890));
#5536=EDGE_LOOP('',(#2891,#2892,#2893,#2894,#2895,#2896));
#5537=EDGE_LOOP('',(#2897,#2898,#2899,#2900));
#5538=EDGE_LOOP('',(#2901,#2902,#2903,#2904,#2905,#2906));
#5539=EDGE_LOOP('',(#2907,#2908,#2909,#2910));
#5540=EDGE_LOOP('',(#2911,#2912,#2913,#2914));
#5541=EDGE_LOOP('',(#2915,#2916,#2917,#2918));
#5542=EDGE_LOOP('',(#2919,#2920,#2921,#2922));
#5543=EDGE_LOOP('',(#2923,#2924,#2925,#2926));
#5544=EDGE_LOOP('',(#2927,#2928,#2929,#2930,#2931,#2932));
#5545=EDGE_LOOP('',(#2933,#2934,#2935,#2936));
#5546=EDGE_LOOP('',(#2937,#2938,#2939,#2940,#2941,#2942));
#5547=EDGE_LOOP('',(#2943,#2944,#2945,#2946));
#5548=EDGE_LOOP('',(#2947,#2948,#2949,#2950));
#5549=EDGE_LOOP('',(#2951,#2952,#2953,#2954));
#5550=EDGE_LOOP('',(#2955,#2956,#2957,#2958));
#5551=EDGE_LOOP('',(#2959));
#5552=EDGE_LOOP('',(#2960));
#5553=EDGE_LOOP('',(#2961));
#5554=EDGE_LOOP('',(#2962));
#5555=EDGE_LOOP('',(#2963));
#5556=EDGE_LOOP('',(#2964));
#5557=EDGE_LOOP('',(#2965));
#5558=EDGE_LOOP('',(#2966));
#5559=EDGE_LOOP('',(#2967));
#5560=EDGE_LOOP('',(#2968));
#5561=EDGE_LOOP('',(#2969));
#5562=EDGE_LOOP('',(#2970));
#5563=EDGE_LOOP('',(#2971));
#5564=EDGE_LOOP('',(#2972));
#5565=EDGE_LOOP('',(#2973));
#5566=EDGE_LOOP('',(#2974));
#5567=EDGE_LOOP('',(#2975));
#5568=EDGE_LOOP('',(#2976));
#5569=EDGE_LOOP('',(#2977));
#5570=EDGE_LOOP('',(#2978));
#5571=EDGE_LOOP('',(#2979));
#5572=EDGE_LOOP('',(#2980));
#5573=EDGE_LOOP('',(#2981,#2982,#2983,#2984));
#5574=EDGE_LOOP('',(#2985,#2986,#2987,#2988));
#5575=EDGE_LOOP('',(#2989,#2990,#2991,#2992));
#5576=EDGE_LOOP('',(#2993,#2994,#2995,#2996,#2997,#2998,#2999,#3000));
#5577=EDGE_LOOP('',(#3001,#3002,#3003,#3004,#3005,#3006,#3007,#3008));
#5578=EDGE_LOOP('',(#3009,#3010,#3011,#3012));
#5579=EDGE_LOOP('',(#3013,#3014,#3015,#3016,#3017,#3018,#3019,#3020,#3021,
#3022,#3023,#3024,#3025,#3026,#3027,#3028,#3029));
#5580=EDGE_LOOP('',(#3030,#3031,#3032,#3033));
#5581=EDGE_LOOP('',(#3034,#3035,#3036,#3037));
#5582=EDGE_LOOP('',(#3038,#3039,#3040,#3041));
#5583=EDGE_LOOP('',(#3042,#3043,#3044,#3045));
#5584=EDGE_LOOP('',(#3046,#3047,#3048,#3049));
#5585=EDGE_LOOP('',(#3050,#3051,#3052,#3053));
#5586=EDGE_LOOP('',(#3054,#3055,#3056,#3057));
#5587=EDGE_LOOP('',(#3058,#3059,#3060,#3061));
#5588=EDGE_LOOP('',(#3062,#3063,#3064,#3065));
#5589=EDGE_LOOP('',(#3066));
#5590=EDGE_LOOP('',(#3067));
#5591=EDGE_LOOP('',(#3068));
#5592=EDGE_LOOP('',(#3069));
#5593=EDGE_LOOP('',(#3070));
#5594=EDGE_LOOP('',(#3071));
#5595=EDGE_LOOP('',(#3072));
#5596=EDGE_LOOP('',(#3073));
#5597=EDGE_LOOP('',(#3074));
#5598=EDGE_LOOP('',(#3075,#3076,#3077,#3078,#3079,#3080,#3081,#3082,#3083));
#5599=EDGE_LOOP('',(#3084,#3085,#3086,#3087));
#5600=EDGE_LOOP('',(#3088,#3089,#3090,#3091));
#5601=EDGE_LOOP('',(#3092,#3093,#3094,#3095));
#5602=EDGE_LOOP('',(#3096,#3097,#3098,#3099));
#5603=EDGE_LOOP('',(#3100,#3101,#3102,#3103,#3104,#3105,#3106,#3107));
#5604=EDGE_LOOP('',(#3108,#3109,#3110,#3111));
#5605=EDGE_LOOP('',(#3112,#3113,#3114,#3115));
#5606=EDGE_LOOP('',(#3116,#3117,#3118,#3119));
#5607=EDGE_LOOP('',(#3120,#3121,#3122,#3123,#3124,#3125,#3126,#3127));
#5608=EDGE_LOOP('',(#3128,#3129,#3130,#3131));
#5609=EDGE_LOOP('',(#3132));
#5610=EDGE_LOOP('',(#3133,#3134,#3135,#3136,#3137,#3138,#3139,#3140));
#5611=EDGE_LOOP('',(#3141));
#5612=EDGE_LOOP('',(#3142,#3143,#3144,#3145,#3146,#3147,#3148,#3149));
#5613=EDGE_LOOP('',(#3150,#3151,#3152,#3153));
#5614=EDGE_LOOP('',(#3154,#3155,#3156,#3157));
#5615=EDGE_LOOP('',(#3158,#3159,#3160,#3161));
#5616=EDGE_LOOP('',(#3162,#3163,#3164,#3165));
#5617=EDGE_LOOP('',(#3166,#3167,#3168,#3169));
#5618=EDGE_LOOP('',(#3170,#3171,#3172,#3173));
#5619=EDGE_LOOP('',(#3174,#3175,#3176,#3177));
#5620=EDGE_LOOP('',(#3178,#3179,#3180,#3181));
#5621=EDGE_LOOP('',(#3182,#3183,#3184,#3185));
#5622=EDGE_LOOP('',(#3186,#3187,#3188,#3189));
#5623=EDGE_LOOP('',(#3190));
#5624=EDGE_LOOP('',(#3191));
#5625=EDGE_LOOP('',(#3192));
#5626=EDGE_LOOP('',(#3193));
#5627=EDGE_LOOP('',(#3194));
#5628=EDGE_LOOP('',(#3195));
#5629=EDGE_LOOP('',(#3196));
#5630=EDGE_LOOP('',(#3197,#3198,#3199,#3200,#3201));
#5631=EDGE_LOOP('',(#3202,#3203,#3204,#3205));
#5632=EDGE_LOOP('',(#3206,#3207,#3208,#3209,#3210,#3211,#3212,#3213));
#5633=EDGE_LOOP('',(#3214,#3215,#3216,#3217,#3218,#3219,#3220,#3221));
#5634=EDGE_LOOP('',(#3222,#3223,#3224,#3225,#3226,#3227,#3228,#3229));
#5635=EDGE_LOOP('',(#3230,#3231,#3232,#3233,#3234,#3235,#3236,#3237,#3238,
#3239,#3240,#3241,#3242,#3243,#3244,#3245));
#5636=EDGE_LOOP('',(#3246,#3247,#3248,#3249,#3250,#3251,#3252,#3253));
#5637=EDGE_LOOP('',(#3254,#3255,#3256,#3257,#3258,#3259,#3260));
#5638=EDGE_LOOP('',(#3261,#3262,#3263,#3264,#3265,#3266,#3267));
#5639=EDGE_LOOP('',(#3268,#3269,#3270,#3271,#3272,#3273,#3274));
#5640=EDGE_LOOP('',(#3275,#3276,#3277,#3278,#3279,#3280,#3281));
#5641=EDGE_LOOP('',(#3282,#3283,#3284,#3285,#3286,#3287,#3288));
#5642=EDGE_LOOP('',(#3289,#3290,#3291,#3292,#3293,#3294));
#5643=EDGE_LOOP('',(#3295,#3296,#3297,#3298,#3299,#3300,#3301));
#5644=EDGE_LOOP('',(#3302,#3303,#3304,#3305,#3306,#3307));
#5645=EDGE_LOOP('',(#3308,#3309,#3310,#3311,#3312,#3313,#3314));
#5646=EDGE_LOOP('',(#3315,#3316,#3317,#3318,#3319,#3320,#3321));
#5647=EDGE_LOOP('',(#3322,#3323,#3324,#3325,#3326,#3327,#3328));
#5648=EDGE_LOOP('',(#3329,#3330,#3331,#3332,#3333,#3334,#3335));
#5649=EDGE_LOOP('',(#3336,#3337,#3338,#3339,#3340,#3341,#3342,#3343,#3344,
#3345,#3346,#3347,#3348,#3349,#3350,#3351));
#5650=EDGE_LOOP('',(#3352,#3353,#3354,#3355));
#5651=EDGE_LOOP('',(#3356,#3357,#3358,#3359));
#5652=EDGE_LOOP('',(#3360,#3361,#3362,#3363));
#5653=EDGE_LOOP('',(#3364,#3365,#3366,#3367));
#5654=EDGE_LOOP('',(#3368,#3369,#3370,#3371));
#5655=EDGE_LOOP('',(#3372,#3373,#3374,#3375));
#5656=EDGE_LOOP('',(#3376,#3377,#3378,#3379));
#5657=EDGE_LOOP('',(#3380,#3381,#3382));
#5658=EDGE_LOOP('',(#3383,#3384,#3385));
#5659=EDGE_LOOP('',(#3386,#3387,#3388,#3389,#3390));
#5660=EDGE_LOOP('',(#3391,#3392,#3393,#3394));
#5661=EDGE_LOOP('',(#3395,#3396,#3397,#3398));
#5662=EDGE_LOOP('',(#3399,#3400,#3401,#3402,#3403));
#5663=EDGE_LOOP('',(#3404,#3405,#3406,#3407,#3408));
#5664=EDGE_LOOP('',(#3409,#3410,#3411,#3412,#3413,#3414,#3415,#3416));
#5665=EDGE_LOOP('',(#3417,#3418,#3419,#3420));
#5666=EDGE_LOOP('',(#3421,#3422,#3423,#3424));
#5667=EDGE_LOOP('',(#3425,#3426,#3427,#3428));
#5668=EDGE_LOOP('',(#3429,#3430,#3431,#3432));
#5669=EDGE_LOOP('',(#3433,#3434,#3435,#3436));
#5670=EDGE_LOOP('',(#3437,#3438,#3439,#3440));
#5671=EDGE_LOOP('',(#3441,#3442,#3443,#3444));
#5672=EDGE_LOOP('',(#3445,#3446,#3447,#3448));
#5673=EDGE_LOOP('',(#3449,#3450,#3451,#3452));
#5674=EDGE_LOOP('',(#3453,#3454,#3455,#3456));
#5675=EDGE_LOOP('',(#3457,#3458,#3459,#3460));
#5676=EDGE_LOOP('',(#3461,#3462,#3463,#3464));
#5677=EDGE_LOOP('',(#3465,#3466,#3467,#3468));
#5678=EDGE_LOOP('',(#3469,#3470,#3471,#3472));
#5679=EDGE_LOOP('',(#3473,#3474,#3475,#3476));
#5680=EDGE_LOOP('',(#3477,#3478,#3479,#3480));
#5681=EDGE_LOOP('',(#3481,#3482,#3483,#3484,#3485,#3486,#3487,#3488));
#5682=EDGE_LOOP('',(#3489,#3490,#3491,#3492,#3493,#3494,#3495,#3496));
#5683=EDGE_LOOP('',(#3497,#3498,#3499,#3500,#3501,#3502,#3503,#3504,#3505,
#3506));
#5684=EDGE_LOOP('',(#3507,#3508,#3509,#3510));
#5685=EDGE_LOOP('',(#3511,#3512,#3513,#3514,#3515,#3516,#3517,#3518));
#5686=EDGE_LOOP('',(#3519,#3520,#3521,#3522));
#5687=EDGE_LOOP('',(#3523,#3524,#3525,#3526,#3527,#3528,#3529,#3530));
#5688=EDGE_LOOP('',(#3531,#3532,#3533,#3534));
#5689=EDGE_LOOP('',(#3535,#3536,#3537,#3538,#3539,#3540,#3541,#3542,#3543,
#3544));
#5690=EDGE_LOOP('',(#3545,#3546,#3547,#3548,#3549,#3550,#3551,#3552));
#5691=EDGE_LOOP('',(#3553,#3554,#3555,#3556,#3557,#3558,#3559,#3560,#3561,
#3562,#3563,#3564));
#5692=EDGE_LOOP('',(#3565,#3566,#3567,#3568,#3569,#3570,#3571,#3572));
#5693=EDGE_LOOP('',(#3573,#3574,#3575,#3576));
#5694=EDGE_LOOP('',(#3577,#3578,#3579,#3580));
#5695=EDGE_LOOP('',(#3581,#3582,#3583,#3584));
#5696=EDGE_LOOP('',(#3585,#3586,#3587,#3588));
#5697=EDGE_LOOP('',(#3589,#3590,#3591,#3592));
#5698=EDGE_LOOP('',(#3593,#3594,#3595,#3596));
#5699=EDGE_LOOP('',(#3597,#3598,#3599,#3600));
#5700=EDGE_LOOP('',(#3601,#3602,#3603,#3604,#3605,#3606,#3607));
#5701=EDGE_LOOP('',(#3608,#3609,#3610,#3611));
#5702=EDGE_LOOP('',(#3612,#3613,#3614,#3615,#3616,#3617,#3618));
#5703=EDGE_LOOP('',(#3619,#3620,#3621,#3622));
#5704=EDGE_LOOP('',(#3623,#3624,#3625,#3626,#3627,#3628));
#5705=EDGE_LOOP('',(#3629,#3630,#3631,#3632));
#5706=EDGE_LOOP('',(#3633,#3634,#3635,#3636,#3637,#3638,#3639));
#5707=EDGE_LOOP('',(#3640,#3641,#3642,#3643));
#5708=EDGE_LOOP('',(#3644,#3645,#3646,#3647,#3648,#3649,#3650));
#5709=EDGE_LOOP('',(#3651,#3652,#3653,#3654));
#5710=EDGE_LOOP('',(#3655,#3656,#3657,#3658,#3659,#3660));
#5711=EDGE_LOOP('',(#3661,#3662,#3663,#3664));
#5712=EDGE_LOOP('',(#3665,#3666,#3667,#3668,#3669,#3670,#3671,#3672));
#5713=EDGE_LOOP('',(#3673,#3674,#3675,#3676,#3677,#3678,#3679,#3680));
#5714=EDGE_LOOP('',(#3681,#3682,#3683,#3684));
#5715=EDGE_LOOP('',(#3685,#3686,#3687,#3688));
#5716=EDGE_LOOP('',(#3689,#3690,#3691,#3692));
#5717=EDGE_LOOP('',(#3693,#3694,#3695,#3696));
#5718=FACE_BOUND('',#5339,.T.);
#5719=FACE_BOUND('',#5340,.T.);
#5720=FACE_BOUND('',#5341,.T.);
#5721=FACE_BOUND('',#5342,.T.);
#5722=FACE_BOUND('',#5343,.T.);
#5723=FACE_BOUND('',#5344,.T.);
#5724=FACE_BOUND('',#5345,.T.);
#5725=FACE_BOUND('',#5346,.T.);
#5726=FACE_BOUND('',#5347,.T.);
#5727=FACE_BOUND('',#5348,.T.);
#5728=FACE_BOUND('',#5349,.T.);
#5729=FACE_BOUND('',#5350,.T.);
#5730=FACE_BOUND('',#5351,.T.);
#5731=FACE_BOUND('',#5352,.T.);
#5732=FACE_BOUND('',#5353,.T.);
#5733=FACE_BOUND('',#5354,.T.);
#5734=FACE_BOUND('',#5355,.T.);
#5735=FACE_BOUND('',#5356,.T.);
#5736=FACE_BOUND('',#5357,.T.);
#5737=FACE_BOUND('',#5358,.T.);
#5738=FACE_BOUND('',#5359,.T.);
#5739=FACE_BOUND('',#5360,.T.);
#5740=FACE_BOUND('',#5361,.T.);
#5741=FACE_BOUND('',#5362,.T.);
#5742=FACE_BOUND('',#5363,.T.);
#5743=FACE_BOUND('',#5364,.T.);
#5744=FACE_BOUND('',#5365,.T.);
#5745=FACE_BOUND('',#5366,.T.);
#5746=FACE_BOUND('',#5367,.T.);
#5747=FACE_BOUND('',#5368,.T.);
#5748=FACE_BOUND('',#5369,.T.);
#5749=FACE_BOUND('',#5370,.T.);
#5750=FACE_BOUND('',#5371,.T.);
#5751=FACE_BOUND('',#5372,.T.);
#5752=FACE_BOUND('',#5373,.T.);
#5753=FACE_BOUND('',#5374,.T.);
#5754=FACE_BOUND('',#5375,.T.);
#5755=FACE_BOUND('',#5376,.T.);
#5756=FACE_BOUND('',#5377,.T.);
#5757=FACE_BOUND('',#5378,.T.);
#5758=FACE_BOUND('',#5379,.T.);
#5759=FACE_BOUND('',#5380,.T.);
#5760=FACE_BOUND('',#5381,.T.);
#5761=FACE_BOUND('',#5382,.T.);
#5762=FACE_BOUND('',#5383,.T.);
#5763=FACE_BOUND('',#5384,.T.);
#5764=FACE_BOUND('',#5385,.T.);
#5765=FACE_BOUND('',#5386,.T.);
#5766=FACE_BOUND('',#5387,.T.);
#5767=FACE_BOUND('',#5388,.T.);
#5768=FACE_BOUND('',#5389,.T.);
#5769=FACE_BOUND('',#5390,.T.);
#5770=FACE_BOUND('',#5391,.T.);
#5771=FACE_BOUND('',#5392,.T.);
#5772=FACE_BOUND('',#5393,.T.);
#5773=FACE_BOUND('',#5394,.T.);
#5774=FACE_BOUND('',#5395,.T.);
#5775=FACE_BOUND('',#5396,.T.);
#5776=FACE_BOUND('',#5397,.T.);
#5777=FACE_BOUND('',#5398,.T.);
#5778=FACE_BOUND('',#5399,.T.);
#5779=FACE_BOUND('',#5400,.T.);
#5780=FACE_BOUND('',#5401,.T.);
#5781=FACE_BOUND('',#5402,.T.);
#5782=FACE_BOUND('',#5403,.T.);
#5783=FACE_BOUND('',#5404,.T.);
#5784=FACE_BOUND('',#5405,.T.);
#5785=FACE_BOUND('',#5406,.T.);
#5786=FACE_BOUND('',#5407,.T.);
#5787=FACE_BOUND('',#5408,.T.);
#5788=FACE_BOUND('',#5409,.T.);
#5789=FACE_BOUND('',#5410,.T.);
#5790=FACE_BOUND('',#5411,.T.);
#5791=FACE_BOUND('',#5412,.T.);
#5792=FACE_BOUND('',#5413,.T.);
#5793=FACE_BOUND('',#5414,.T.);
#5794=FACE_BOUND('',#5415,.T.);
#5795=FACE_BOUND('',#5416,.T.);
#5796=FACE_BOUND('',#5417,.T.);
#5797=FACE_BOUND('',#5418,.T.);
#5798=FACE_BOUND('',#5419,.T.);
#5799=FACE_BOUND('',#5420,.T.);
#5800=FACE_BOUND('',#5421,.T.);
#5801=FACE_BOUND('',#5422,.T.);
#5802=FACE_BOUND('',#5423,.T.);
#5803=FACE_BOUND('',#5424,.T.);
#5804=FACE_BOUND('',#5425,.T.);
#5805=FACE_BOUND('',#5426,.T.);
#5806=FACE_BOUND('',#5427,.T.);
#5807=FACE_BOUND('',#5428,.T.);
#5808=FACE_BOUND('',#5429,.T.);
#5809=FACE_BOUND('',#5430,.T.);
#5810=FACE_BOUND('',#5431,.T.);
#5811=FACE_BOUND('',#5432,.T.);
#5812=FACE_BOUND('',#5433,.T.);
#5813=FACE_BOUND('',#5434,.T.);
#5814=FACE_BOUND('',#5435,.T.);
#5815=FACE_BOUND('',#5436,.T.);
#5816=FACE_BOUND('',#5437,.T.);
#5817=FACE_BOUND('',#5438,.T.);
#5818=FACE_BOUND('',#5439,.T.);
#5819=FACE_BOUND('',#5440,.T.);
#5820=FACE_BOUND('',#5441,.T.);
#5821=FACE_BOUND('',#5442,.T.);
#5822=FACE_BOUND('',#5443,.T.);
#5823=FACE_BOUND('',#5444,.T.);
#5824=FACE_BOUND('',#5445,.T.);
#5825=FACE_BOUND('',#5446,.T.);
#5826=FACE_BOUND('',#5447,.T.);
#5827=FACE_BOUND('',#5448,.T.);
#5828=FACE_BOUND('',#5449,.T.);
#5829=FACE_BOUND('',#5450,.T.);
#5830=FACE_BOUND('',#5451,.T.);
#5831=FACE_BOUND('',#5452,.T.);
#5832=FACE_BOUND('',#5453,.T.);
#5833=FACE_BOUND('',#5454,.T.);
#5834=FACE_BOUND('',#5455,.T.);
#5835=FACE_BOUND('',#5456,.T.);
#5836=FACE_BOUND('',#5457,.T.);
#5837=FACE_BOUND('',#5458,.T.);
#5838=FACE_BOUND('',#5459,.T.);
#5839=FACE_BOUND('',#5460,.T.);
#5840=FACE_BOUND('',#5461,.T.);
#5841=FACE_BOUND('',#5462,.T.);
#5842=FACE_BOUND('',#5463,.T.);
#5843=FACE_BOUND('',#5464,.T.);
#5844=FACE_BOUND('',#5465,.T.);
#5845=FACE_BOUND('',#5466,.T.);
#5846=FACE_BOUND('',#5467,.T.);
#5847=FACE_BOUND('',#5468,.T.);
#5848=FACE_BOUND('',#5469,.T.);
#5849=FACE_BOUND('',#5470,.T.);
#5850=FACE_BOUND('',#5471,.T.);
#5851=FACE_BOUND('',#5472,.T.);
#5852=FACE_BOUND('',#5473,.T.);
#5853=FACE_BOUND('',#5474,.T.);
#5854=FACE_BOUND('',#5475,.T.);
#5855=FACE_BOUND('',#5476,.T.);
#5856=FACE_BOUND('',#5477,.T.);
#5857=FACE_BOUND('',#5478,.T.);
#5858=FACE_BOUND('',#5479,.T.);
#5859=FACE_BOUND('',#5480,.T.);
#5860=FACE_BOUND('',#5481,.T.);
#5861=FACE_BOUND('',#5482,.T.);
#5862=FACE_BOUND('',#5483,.T.);
#5863=FACE_BOUND('',#5484,.T.);
#5864=FACE_BOUND('',#5485,.T.);
#5865=FACE_BOUND('',#5486,.T.);
#5866=FACE_BOUND('',#5487,.T.);
#5867=FACE_BOUND('',#5488,.T.);
#5868=FACE_BOUND('',#5489,.T.);
#5869=FACE_BOUND('',#5490,.T.);
#5870=FACE_BOUND('',#5491,.T.);
#5871=FACE_BOUND('',#5492,.T.);
#5872=FACE_BOUND('',#5493,.T.);
#5873=FACE_BOUND('',#5494,.T.);
#5874=FACE_BOUND('',#5495,.T.);
#5875=FACE_BOUND('',#5496,.T.);
#5876=FACE_BOUND('',#5497,.T.);
#5877=FACE_BOUND('',#5498,.T.);
#5878=FACE_BOUND('',#5499,.T.);
#5879=FACE_BOUND('',#5500,.T.);
#5880=FACE_BOUND('',#5501,.T.);
#5881=FACE_BOUND('',#5502,.T.);
#5882=FACE_BOUND('',#5503,.T.);
#5883=FACE_BOUND('',#5504,.T.);
#5884=FACE_BOUND('',#5505,.T.);
#5885=FACE_BOUND('',#5506,.T.);
#5886=FACE_BOUND('',#5507,.T.);
#5887=FACE_BOUND('',#5508,.T.);
#5888=FACE_BOUND('',#5509,.T.);
#5889=FACE_BOUND('',#5510,.T.);
#5890=FACE_BOUND('',#5511,.T.);
#5891=FACE_BOUND('',#5512,.T.);
#5892=FACE_BOUND('',#5513,.T.);
#5893=FACE_BOUND('',#5514,.T.);
#5894=FACE_BOUND('',#5515,.T.);
#5895=FACE_BOUND('',#5516,.T.);
#5896=FACE_BOUND('',#5517,.T.);
#5897=FACE_BOUND('',#5518,.T.);
#5898=FACE_BOUND('',#5519,.T.);
#5899=FACE_BOUND('',#5520,.T.);
#5900=FACE_BOUND('',#5521,.T.);
#5901=FACE_BOUND('',#5522,.T.);
#5902=FACE_BOUND('',#5523,.T.);
#5903=FACE_BOUND('',#5524,.T.);
#5904=FACE_BOUND('',#5525,.T.);
#5905=FACE_BOUND('',#5526,.T.);
#5906=FACE_BOUND('',#5527,.T.);
#5907=FACE_BOUND('',#5528,.T.);
#5908=FACE_BOUND('',#5529,.T.);
#5909=FACE_BOUND('',#5530,.T.);
#5910=FACE_BOUND('',#5531,.T.);
#5911=FACE_BOUND('',#5532,.T.);
#5912=FACE_BOUND('',#5533,.T.);
#5913=FACE_BOUND('',#5534,.T.);
#5914=FACE_BOUND('',#5535,.T.);
#5915=FACE_BOUND('',#5536,.T.);
#5916=FACE_BOUND('',#5537,.T.);
#5917=FACE_BOUND('',#5538,.T.);
#5918=FACE_BOUND('',#5539,.T.);
#5919=FACE_BOUND('',#5540,.T.);
#5920=FACE_BOUND('',#5541,.T.);
#5921=FACE_BOUND('',#5542,.T.);
#5922=FACE_BOUND('',#5543,.T.);
#5923=FACE_BOUND('',#5544,.T.);
#5924=FACE_BOUND('',#5545,.T.);
#5925=FACE_BOUND('',#5546,.T.);
#5926=FACE_BOUND('',#5547,.T.);
#5927=FACE_BOUND('',#5548,.T.);
#5928=FACE_BOUND('',#5549,.T.);
#5929=FACE_BOUND('',#5550,.T.);
#5930=FACE_BOUND('',#5551,.T.);
#5931=FACE_BOUND('',#5552,.T.);
#5932=FACE_BOUND('',#5553,.T.);
#5933=FACE_BOUND('',#5554,.T.);
#5934=FACE_BOUND('',#5555,.T.);
#5935=FACE_BOUND('',#5556,.T.);
#5936=FACE_BOUND('',#5557,.T.);
#5937=FACE_BOUND('',#5558,.T.);
#5938=FACE_BOUND('',#5559,.T.);
#5939=FACE_BOUND('',#5560,.T.);
#5940=FACE_BOUND('',#5561,.T.);
#5941=FACE_BOUND('',#5562,.T.);
#5942=FACE_BOUND('',#5563,.T.);
#5943=FACE_BOUND('',#5564,.T.);
#5944=FACE_BOUND('',#5565,.T.);
#5945=FACE_BOUND('',#5566,.T.);
#5946=FACE_BOUND('',#5567,.T.);
#5947=FACE_BOUND('',#5568,.T.);
#5948=FACE_BOUND('',#5569,.T.);
#5949=FACE_BOUND('',#5570,.T.);
#5950=FACE_BOUND('',#5571,.T.);
#5951=FACE_BOUND('',#5572,.T.);
#5952=FACE_BOUND('',#5573,.T.);
#5953=FACE_BOUND('',#5574,.T.);
#5954=FACE_BOUND('',#5575,.T.);
#5955=FACE_BOUND('',#5576,.T.);
#5956=FACE_BOUND('',#5577,.T.);
#5957=FACE_BOUND('',#5578,.T.);
#5958=FACE_BOUND('',#5579,.T.);
#5959=FACE_BOUND('',#5580,.T.);
#5960=FACE_BOUND('',#5581,.T.);
#5961=FACE_BOUND('',#5582,.T.);
#5962=FACE_BOUND('',#5583,.T.);
#5963=FACE_BOUND('',#5584,.T.);
#5964=FACE_BOUND('',#5585,.T.);
#5965=FACE_BOUND('',#5586,.T.);
#5966=FACE_BOUND('',#5587,.T.);
#5967=FACE_BOUND('',#5588,.T.);
#5968=FACE_BOUND('',#5589,.T.);
#5969=FACE_BOUND('',#5590,.T.);
#5970=FACE_BOUND('',#5591,.T.);
#5971=FACE_BOUND('',#5592,.T.);
#5972=FACE_BOUND('',#5593,.T.);
#5973=FACE_BOUND('',#5594,.T.);
#5974=FACE_BOUND('',#5595,.T.);
#5975=FACE_BOUND('',#5596,.T.);
#5976=FACE_BOUND('',#5597,.T.);
#5977=FACE_BOUND('',#5598,.T.);
#5978=FACE_BOUND('',#5599,.T.);
#5979=FACE_BOUND('',#5600,.T.);
#5980=FACE_BOUND('',#5601,.T.);
#5981=FACE_BOUND('',#5602,.T.);
#5982=FACE_BOUND('',#5603,.T.);
#5983=FACE_BOUND('',#5604,.T.);
#5984=FACE_BOUND('',#5605,.T.);
#5985=FACE_BOUND('',#5606,.T.);
#5986=FACE_BOUND('',#5607,.T.);
#5987=FACE_BOUND('',#5608,.T.);
#5988=FACE_BOUND('',#5609,.T.);
#5989=FACE_BOUND('',#5610,.T.);
#5990=FACE_BOUND('',#5611,.T.);
#5991=FACE_BOUND('',#5612,.T.);
#5992=FACE_BOUND('',#5613,.T.);
#5993=FACE_BOUND('',#5614,.T.);
#5994=FACE_BOUND('',#5615,.T.);
#5995=FACE_BOUND('',#5616,.T.);
#5996=FACE_BOUND('',#5617,.T.);
#5997=FACE_BOUND('',#5618,.T.);
#5998=FACE_BOUND('',#5619,.T.);
#5999=FACE_BOUND('',#5620,.T.);
#6000=FACE_BOUND('',#5621,.T.);
#6001=FACE_BOUND('',#5622,.T.);
#6002=FACE_BOUND('',#5623,.T.);
#6003=FACE_BOUND('',#5624,.T.);
#6004=FACE_BOUND('',#5625,.T.);
#6005=FACE_BOUND('',#5626,.T.);
#6006=FACE_BOUND('',#5627,.T.);
#6007=FACE_BOUND('',#5628,.T.);
#6008=FACE_BOUND('',#5629,.T.);
#6009=FACE_BOUND('',#5630,.T.);
#6010=FACE_BOUND('',#5631,.T.);
#6011=FACE_BOUND('',#5632,.T.);
#6012=FACE_BOUND('',#5633,.T.);
#6013=FACE_BOUND('',#5634,.T.);
#6014=FACE_BOUND('',#5635,.T.);
#6015=FACE_BOUND('',#5636,.T.);
#6016=FACE_BOUND('',#5637,.T.);
#6017=FACE_BOUND('',#5638,.T.);
#6018=FACE_BOUND('',#5639,.T.);
#6019=FACE_BOUND('',#5640,.T.);
#6020=FACE_BOUND('',#5641,.T.);
#6021=FACE_BOUND('',#5642,.T.);
#6022=FACE_BOUND('',#5643,.T.);
#6023=FACE_BOUND('',#5644,.T.);
#6024=FACE_BOUND('',#5645,.T.);
#6025=FACE_BOUND('',#5646,.T.);
#6026=FACE_BOUND('',#5647,.T.);
#6027=FACE_BOUND('',#5648,.T.);
#6028=FACE_BOUND('',#5649,.T.);
#6029=FACE_BOUND('',#5650,.T.);
#6030=FACE_BOUND('',#5651,.T.);
#6031=FACE_BOUND('',#5652,.T.);
#6032=FACE_BOUND('',#5653,.T.);
#6033=FACE_BOUND('',#5654,.T.);
#6034=FACE_BOUND('',#5655,.T.);
#6035=FACE_BOUND('',#5656,.T.);
#6036=FACE_BOUND('',#5657,.T.);
#6037=FACE_BOUND('',#5658,.T.);
#6038=FACE_BOUND('',#5659,.T.);
#6039=FACE_BOUND('',#5660,.T.);
#6040=FACE_BOUND('',#5661,.T.);
#6041=FACE_BOUND('',#5662,.T.);
#6042=FACE_BOUND('',#5663,.T.);
#6043=FACE_BOUND('',#5664,.T.);
#6044=FACE_BOUND('',#5665,.T.);
#6045=FACE_BOUND('',#5666,.T.);
#6046=FACE_BOUND('',#5667,.T.);
#6047=FACE_BOUND('',#5668,.T.);
#6048=FACE_BOUND('',#5669,.T.);
#6049=FACE_BOUND('',#5670,.T.);
#6050=FACE_BOUND('',#5671,.T.);
#6051=FACE_BOUND('',#5672,.T.);
#6052=FACE_BOUND('',#5673,.T.);
#6053=FACE_BOUND('',#5674,.T.);
#6054=FACE_BOUND('',#5675,.T.);
#6055=FACE_BOUND('',#5676,.T.);
#6056=FACE_BOUND('',#5677,.T.);
#6057=FACE_BOUND('',#5678,.T.);
#6058=FACE_BOUND('',#5679,.T.);
#6059=FACE_BOUND('',#5680,.T.);
#6060=FACE_BOUND('',#5681,.T.);
#6061=FACE_BOUND('',#5682,.T.);
#6062=FACE_BOUND('',#5683,.T.);
#6063=FACE_BOUND('',#5684,.T.);
#6064=FACE_BOUND('',#5685,.T.);
#6065=FACE_BOUND('',#5686,.T.);
#6066=FACE_BOUND('',#5687,.T.);
#6067=FACE_BOUND('',#5688,.T.);
#6068=FACE_BOUND('',#5689,.T.);
#6069=FACE_BOUND('',#5690,.T.);
#6070=FACE_BOUND('',#5691,.T.);
#6071=FACE_BOUND('',#5692,.T.);
#6072=FACE_BOUND('',#5693,.T.);
#6073=FACE_BOUND('',#5694,.T.);
#6074=FACE_BOUND('',#5695,.T.);
#6075=FACE_BOUND('',#5696,.T.);
#6076=FACE_BOUND('',#5697,.T.);
#6077=FACE_BOUND('',#5698,.T.);
#6078=FACE_BOUND('',#5699,.T.);
#6079=FACE_BOUND('',#5700,.T.);
#6080=FACE_BOUND('',#5701,.T.);
#6081=FACE_BOUND('',#5702,.T.);
#6082=FACE_BOUND('',#5703,.T.);
#6083=FACE_BOUND('',#5704,.T.);
#6084=FACE_BOUND('',#5705,.T.);
#6085=FACE_BOUND('',#5706,.T.);
#6086=FACE_BOUND('',#5707,.T.);
#6087=FACE_BOUND('',#5708,.T.);
#6088=FACE_BOUND('',#5709,.T.);
#6089=FACE_BOUND('',#5710,.T.);
#6090=FACE_BOUND('',#5711,.T.);
#6091=FACE_BOUND('',#5712,.T.);
#6092=FACE_BOUND('',#5713,.T.);
#6093=FACE_BOUND('',#5714,.T.);
#6094=FACE_BOUND('',#5715,.T.);
#6095=FACE_BOUND('',#5716,.T.);
#6096=FACE_BOUND('',#5717,.T.);
#6097=CYLINDRICAL_SURFACE('',#6606,0.0001);
#6098=CYLINDRICAL_SURFACE('',#6609,0.0001);
#6099=CYLINDRICAL_SURFACE('',#6642,0.0001);
#6100=CYLINDRICAL_SURFACE('',#6644,0.0001);
#6101=CYLINDRICAL_SURFACE('',#6646,0.0001);
#6102=CYLINDRICAL_SURFACE('',#6647,0.0001);
#6103=CYLINDRICAL_SURFACE('',#6668,0.0001);
#6104=CYLINDRICAL_SURFACE('',#6669,0.0001);
#6105=CYLINDRICAL_SURFACE('',#6670,0.0001);
#6106=CYLINDRICAL_SURFACE('',#6671,0.0001);
#6107=CYLINDRICAL_SURFACE('',#6672,0.0001);
#6108=CYLINDRICAL_SURFACE('',#6673,0.0001);
#6109=CYLINDRICAL_SURFACE('',#6724,0.00219569568857916);
#6110=CYLINDRICAL_SURFACE('',#6743,0.001);
#6111=CYLINDRICAL_SURFACE('',#6745,0.001);
#6112=CYLINDRICAL_SURFACE('',#6748,0.001);
#6113=CYLINDRICAL_SURFACE('',#6750,0.0017);
#6114=CYLINDRICAL_SURFACE('',#6764,0.001);
#6115=CYLINDRICAL_SURFACE('',#6772,0.001);
#6116=CYLINDRICAL_SURFACE('',#6773,0.001);
#6117=CYLINDRICAL_SURFACE('',#6774,0.001);
#6118=CYLINDRICAL_SURFACE('',#6775,0.001);
#6119=CYLINDRICAL_SURFACE('',#6780,0.0017);
#6120=CYLINDRICAL_SURFACE('',#6788,0.0017);
#6121=CYLINDRICAL_SURFACE('',#6798,0.0017);
#6122=CYLINDRICAL_SURFACE('',#6858,0.000335);
#6123=CYLINDRICAL_SURFACE('',#6861,0.00025);
#6124=CYLINDRICAL_SURFACE('',#6864,0.00025);
#6125=CYLINDRICAL_SURFACE('',#6867,0.00025);
#6126=CYLINDRICAL_SURFACE('',#6870,0.00025);
#6127=CYLINDRICAL_SURFACE('',#6873,0.00025);
#6128=CYLINDRICAL_SURFACE('',#6876,0.00025);
#6129=CYLINDRICAL_SURFACE('',#6885,0.0015);
#6130=CYLINDRICAL_SURFACE('',#6887,0.0015);
#6131=CYLINDRICAL_SURFACE('',#6904,0.00189);
#6132=CYLINDRICAL_SURFACE('',#6907,0.002);
#6133=CYLINDRICAL_SURFACE('',#6940,0.0004);
#6134=CYLINDRICAL_SURFACE('',#6941,0.0004);
#6135=CYLINDRICAL_SURFACE('',#6942,0.0001);
#6136=CYLINDRICAL_SURFACE('',#6943,0.0001);
#6137=CYLINDRICAL_SURFACE('',#6944,0.0001);
#6138=CYLINDRICAL_SURFACE('',#6945,0.0001);
#6139=CYLINDRICAL_SURFACE('',#6946,0.0001);
#6140=CYLINDRICAL_SURFACE('',#6947,0.0001);
#6141=CYLINDRICAL_SURFACE('',#6948,0.0001);
#6142=CYLINDRICAL_SURFACE('',#6949,0.0001);
#6143=CYLINDRICAL_SURFACE('',#6986,0.0008);
#6144=CYLINDRICAL_SURFACE('',#6987,0.0008);
#6145=CYLINDRICAL_SURFACE('',#6988,0.0008);
#6146=CYLINDRICAL_SURFACE('',#6989,0.0008);
#6147=CYLINDRICAL_SURFACE('',#6990,0.0008);
#6148=CYLINDRICAL_SURFACE('',#6991,0.0008);
#6149=CYLINDRICAL_SURFACE('',#6992,0.0008);
#6150=CYLINDRICAL_SURFACE('',#7001,0.001651);
#6151=CYLINDRICAL_SURFACE('',#7017,0.0001);
#6152=CYLINDRICAL_SURFACE('',#7020,0.0001);
#6153=CYLINDRICAL_SURFACE('',#7053,0.0001);
#6154=CYLINDRICAL_SURFACE('',#7055,0.0001);
#6155=CYLINDRICAL_SURFACE('',#7057,0.0001);
#6156=CYLINDRICAL_SURFACE('',#7058,0.0001);
#6157=CYLINDRICAL_SURFACE('',#7079,0.0001);
#6158=CYLINDRICAL_SURFACE('',#7080,0.0001);
#6159=CYLINDRICAL_SURFACE('',#7081,0.0001);
#6160=CYLINDRICAL_SURFACE('',#7082,0.0001);
#6161=CYLINDRICAL_SURFACE('',#7083,0.0001);
#6162=CYLINDRICAL_SURFACE('',#7084,0.0001);
#6163=ADVANCED_FACE('NONE',(#5718),#6097,.T.);
#6164=ADVANCED_FACE('NONE',(#5719),#6098,.T.);
#6165=ADVANCED_FACE('NONE',(#5720),#97,.T.);
#6166=ADVANCED_FACE('NONE',(#5721),#98,.F.);
#6167=ADVANCED_FACE('NONE',(#5722),#99,.F.);
#6168=ADVANCED_FACE('NONE',(#5723),#100,.F.);
#6169=ADVANCED_FACE('NONE',(#5724),#101,.T.);
#6170=ADVANCED_FACE('NONE',(#5725),#102,.F.);
#6171=ADVANCED_FACE('NONE',(#5726),#103,.F.);
#6172=ADVANCED_FACE('NONE',(#5727),#104,.F.);
#6173=ADVANCED_FACE('NONE',(#5728),#105,.F.);
#6174=ADVANCED_FACE('NONE',(#5729),#106,.F.);
#6175=ADVANCED_FACE('NONE',(#5730),#107,.F.);
#6176=ADVANCED_FACE('NONE',(#5731),#108,.T.);
#6177=ADVANCED_FACE('NONE',(#5732),#109,.F.);
#6178=ADVANCED_FACE('NONE',(#5733),#110,.F.);
#6179=ADVANCED_FACE('NONE',(#5734),#111,.T.);
#6180=ADVANCED_FACE('NONE',(#5735),#112,.T.);
#6181=ADVANCED_FACE('NONE',(#5736),#6099,.T.);
#6182=ADVANCED_FACE('NONE',(#5737),#6100,.T.);
#6183=ADVANCED_FACE('NONE',(#5738),#6101,.T.);
#6184=ADVANCED_FACE('NONE',(#5739),#6102,.T.);
#6185=ADVANCED_FACE('NONE',(#5740),#113,.T.);
#6186=ADVANCED_FACE('NONE',(#5741),#114,.F.);
#6187=ADVANCED_FACE('NONE',(#5742),#115,.F.);
#6188=ADVANCED_FACE('NONE',(#5743),#116,.T.);
#6189=ADVANCED_FACE('NONE',(#5744),#117,.T.);
#6190=ADVANCED_FACE('NONE',(#5745),#118,.F.);
#6191=ADVANCED_FACE('NONE',(#5746),#119,.T.);
#6192=ADVANCED_FACE('NONE',(#5747),#120,.F.);
#6193=ADVANCED_FACE('NONE',(#5748),#121,.F.);
#6194=ADVANCED_FACE('NONE',(#5749),#122,.F.);
#6195=ADVANCED_FACE('NONE',(#5750),#123,.T.);
#6196=ADVANCED_FACE('NONE',(#5751),#124,.T.);
#6197=ADVANCED_FACE('NONE',(#5752),#6103,.T.);
#6198=ADVANCED_FACE('NONE',(#5753),#6104,.T.);
#6199=ADVANCED_FACE('NONE',(#5754),#6105,.T.);
#6200=ADVANCED_FACE('NONE',(#5755),#6106,.T.);
#6201=ADVANCED_FACE('NONE',(#5756),#6107,.T.);
#6202=ADVANCED_FACE('NONE',(#5757),#6108,.T.);
#6203=ADVANCED_FACE('NONE',(#5758),#125,.F.);
#6204=ADVANCED_FACE('NONE',(#5759),#126,.F.);
#6205=ADVANCED_FACE('NONE',(#5760),#127,.T.);
#6206=ADVANCED_FACE('NONE',(#5761),#128,.T.);
#6207=ADVANCED_FACE('NONE',(#5762),#129,.T.);
#6208=ADVANCED_FACE('NONE',(#5763),#130,.T.);
#6209=ADVANCED_FACE('NONE',(#5764,#5765),#131,.T.);
#6210=ADVANCED_FACE('NONE',(#5766),#132,.F.);
#6211=ADVANCED_FACE('NONE',(#5767),#133,.F.);
#6212=ADVANCED_FACE('NONE',(#5768),#134,.F.);
#6213=ADVANCED_FACE('NONE',(#5769),#135,.F.);
#6214=ADVANCED_FACE('NONE',(#5770),#136,.F.);
#6215=ADVANCED_FACE('NONE',(#5771),#137,.F.);
#6216=ADVANCED_FACE('NONE',(#5772),#138,.F.);
#6217=ADVANCED_FACE('NONE',(#5773),#139,.F.);
#6218=ADVANCED_FACE('NONE',(#5774),#140,.F.);
#6219=ADVANCED_FACE('NONE',(#5775),#141,.F.);
#6220=ADVANCED_FACE('NONE',(#5776),#142,.F.);
#6221=ADVANCED_FACE('NONE',(#5777),#143,.F.);
#6222=ADVANCED_FACE('NONE',(#5778),#144,.F.);
#6223=ADVANCED_FACE('NONE',(#5779),#145,.F.);
#6224=ADVANCED_FACE('NONE',(#5780),#146,.T.);
#6225=ADVANCED_FACE('NONE',(#5781),#147,.F.);
#6226=ADVANCED_FACE('NONE',(#5782),#148,.F.);
#6227=ADVANCED_FACE('NONE',(#5783),#149,.T.);
#6228=ADVANCED_FACE('NONE',(#5784),#150,.F.);
#6229=ADVANCED_FACE('NONE',(#5785),#151,.F.);
#6230=ADVANCED_FACE('NONE',(#5786),#152,.F.);
#6231=ADVANCED_FACE('NONE',(#5787),#153,.T.);
#6232=ADVANCED_FACE('NONE',(#5788),#154,.F.);
#6233=ADVANCED_FACE('NONE',(#5789),#155,.F.);
#6234=ADVANCED_FACE('NONE',(#5790),#156,.T.);
#6235=ADVANCED_FACE('NONE',(#5791),#157,.F.);
#6236=ADVANCED_FACE('NONE',(#5792),#158,.F.);
#6237=ADVANCED_FACE('NONE',(#5793),#159,.F.);
#6238=ADVANCED_FACE('NONE',(#5794),#160,.F.);
#6239=ADVANCED_FACE('NONE',(#5795),#161,.F.);
#6240=ADVANCED_FACE('NONE',(#5796),#162,.F.);
#6241=ADVANCED_FACE('NONE',(#5797),#163,.F.);
#6242=ADVANCED_FACE('NONE',(#5798),#164,.T.);
#6243=ADVANCED_FACE('NONE',(#5799),#165,.T.);
#6244=ADVANCED_FACE('NONE',(#5800),#166,.F.);
#6245=ADVANCED_FACE('NONE',(#5801),#167,.T.);
#6246=ADVANCED_FACE('NONE',(#5802),#168,.T.);
#6247=ADVANCED_FACE('NONE',(#5803),#169,.F.);
#6248=ADVANCED_FACE('NONE',(#5804,#5805),#46,.T.);
#6249=ADVANCED_FACE('NONE',(#5806,#5807),#6109,.T.);
#6250=ADVANCED_FACE('NONE',(#5808),#42,.T.);
#6251=ADVANCED_FACE('NONE',(#5809),#43,.T.);
#6252=ADVANCED_FACE('NONE',(#5810),#44,.T.);
#6253=ADVANCED_FACE('NONE',(#5811),#45,.T.);
#6254=ADVANCED_FACE('NONE',(#5812),#170,.T.);
#6255=ADVANCED_FACE('NONE',(#5813),#171,.T.);
#6256=ADVANCED_FACE('NONE',(#5814),#172,.T.);
#6257=ADVANCED_FACE('NONE',(#5815),#173,.T.);
#6258=ADVANCED_FACE('NONE',(#5816),#174,.T.);
#6259=ADVANCED_FACE('NONE',(#5817),#175,.F.);
#6260=ADVANCED_FACE('NONE',(#5818),#176,.F.);
#6261=ADVANCED_FACE('NONE',(#5819),#177,.F.);
#6262=ADVANCED_FACE('NONE',(#5820),#178,.F.);
#6263=ADVANCED_FACE('NONE',(#5821),#179,.F.);
#6264=ADVANCED_FACE('NONE',(#5822),#180,.F.);
#6265=ADVANCED_FACE('NONE',(#5823),#181,.F.);
#6266=ADVANCED_FACE('NONE',(#5824),#182,.F.);
#6267=ADVANCED_FACE('NONE',(#5825),#6110,.T.);
#6268=ADVANCED_FACE('NONE',(#5826),#6111,.T.);
#6269=ADVANCED_FACE('NONE',(#5827),#183,.F.);
#6270=ADVANCED_FACE('NONE',(#5828),#6112,.T.);
#6271=ADVANCED_FACE('NONE',(#5829),#6113,.T.);
#6272=ADVANCED_FACE('NONE',(#5830),#184,.F.);
#6273=ADVANCED_FACE('NONE',(#5831),#185,.F.);
#6274=ADVANCED_FACE('NONE',(#5832),#186,.F.);
#6275=ADVANCED_FACE('NONE',(#5833),#187,.F.);
#6276=ADVANCED_FACE('NONE',(#5834),#188,.T.);
#6277=ADVANCED_FACE('NONE',(#5835),#189,.F.);
#6278=ADVANCED_FACE('NONE',(#5836),#190,.F.);
#6279=ADVANCED_FACE('NONE',(#5837),#6114,.T.);
#6280=ADVANCED_FACE('NONE',(#5838),#191,.F.);
#6281=ADVANCED_FACE('NONE',(#5839),#192,.F.);
#6282=ADVANCED_FACE('NONE',(#5840,#5841,#5842,#5843,#5844,#5845),#193,.F.);
#6283=ADVANCED_FACE('NONE',(#5846),#194,.F.);
#6284=ADVANCED_FACE('NONE',(#5847),#195,.F.);
#6285=ADVANCED_FACE('NONE',(#5848),#196,.F.);
#6286=ADVANCED_FACE('NONE',(#5849),#197,.F.);
#6287=ADVANCED_FACE('NONE',(#5850),#6115,.T.);
#6288=ADVANCED_FACE('NONE',(#5851),#6116,.T.);
#6289=ADVANCED_FACE('NONE',(#5852),#6117,.T.);
#6290=ADVANCED_FACE('NONE',(#5853),#6118,.T.);
#6291=ADVANCED_FACE('NONE',(#5854),#198,.F.);
#6292=ADVANCED_FACE('NONE',(#5855),#199,.F.);
#6293=ADVANCED_FACE('NONE',(#5856),#200,.F.);
#6294=ADVANCED_FACE('NONE',(#5857),#6119,.T.);
#6295=ADVANCED_FACE('NONE',(#5858),#201,.F.);
#6296=ADVANCED_FACE('NONE',(#5859),#202,.F.);
#6297=ADVANCED_FACE('NONE',(#5860),#203,.F.);
#6298=ADVANCED_FACE('NONE',(#5861),#204,.F.);
#6299=ADVANCED_FACE('NONE',(#5862),#205,.F.);
#6300=ADVANCED_FACE('NONE',(#5863),#206,.F.);
#6301=ADVANCED_FACE('NONE',(#5864),#6120,.T.);
#6302=ADVANCED_FACE('NONE',(#5865),#207,.F.);
#6303=ADVANCED_FACE('NONE',(#5866),#208,.F.);
#6304=ADVANCED_FACE('NONE',(#5867),#209,.F.);
#6305=ADVANCED_FACE('NONE',(#5868),#210,.F.);
#6306=ADVANCED_FACE('NONE',(#5869),#211,.F.);
#6307=ADVANCED_FACE('NONE',(#5870),#212,.F.);
#6308=ADVANCED_FACE('NONE',(#5871),#213,.F.);
#6309=ADVANCED_FACE('NONE',(#5872),#214,.F.);
#6310=ADVANCED_FACE('NONE',(#5873),#6121,.T.);
#6311=ADVANCED_FACE('NONE',(#5874),#215,.F.);
#6312=ADVANCED_FACE('NONE',(#5875),#216,.T.);
#6313=ADVANCED_FACE('NONE',(#5876),#217,.T.);
#6314=ADVANCED_FACE('NONE',(#5877),#218,.F.);
#6315=ADVANCED_FACE('NONE',(#5878),#219,.F.);
#6316=ADVANCED_FACE('NONE',(#5879),#220,.F.);
#6317=ADVANCED_FACE('NONE',(#5880),#221,.T.);
#6318=ADVANCED_FACE('NONE',(#5881),#222,.F.);
#6319=ADVANCED_FACE('NONE',(#5882),#223,.F.);
#6320=ADVANCED_FACE('NONE',(#5883),#224,.F.);
#6321=ADVANCED_FACE('NONE',(#5884),#225,.T.);
#6322=ADVANCED_FACE('NONE',(#5885),#226,.F.);
#6323=ADVANCED_FACE('NONE',(#5886),#227,.F.);
#6324=ADVANCED_FACE('NONE',(#5887),#228,.F.);
#6325=ADVANCED_FACE('NONE',(#5888),#229,.F.);
#6326=ADVANCED_FACE('NONE',(#5889),#230,.F.);
#6327=ADVANCED_FACE('NONE',(#5890),#231,.F.);
#6328=ADVANCED_FACE('NONE',(#5891),#232,.F.);
#6329=ADVANCED_FACE('NONE',(#5892),#233,.T.);
#6330=ADVANCED_FACE('NONE',(#5893),#234,.T.);
#6331=ADVANCED_FACE('NONE',(#5894),#235,.T.);
#6332=ADVANCED_FACE('NONE',(#5895),#236,.T.);
#6333=ADVANCED_FACE('NONE',(#5896),#237,.F.);
#6334=ADVANCED_FACE('NONE',(#5897),#238,.T.);
#6335=ADVANCED_FACE('NONE',(#5898),#239,.T.);
#6336=ADVANCED_FACE('NONE',(#5899),#240,.T.);
#6337=ADVANCED_FACE('NONE',(#5900),#241,.T.);
#6338=ADVANCED_FACE('NONE',(#5901),#242,.F.);
#6339=ADVANCED_FACE('NONE',(#5902),#243,.F.);
#6340=ADVANCED_FACE('NONE',(#5903),#244,.F.);
#6341=ADVANCED_FACE('NONE',(#5904),#245,.F.);
#6342=ADVANCED_FACE('NONE',(#5905),#246,.F.);
#6343=ADVANCED_FACE('NONE',(#5906),#247,.F.);
#6344=ADVANCED_FACE('NONE',(#5907),#248,.F.);
#6345=ADVANCED_FACE('NONE',(#5908),#249,.T.);
#6346=ADVANCED_FACE('NONE',(#5909),#250,.T.);
#6347=ADVANCED_FACE('NONE',(#5910),#251,.T.);
#6348=ADVANCED_FACE('NONE',(#5911),#252,.T.);
#6349=ADVANCED_FACE('NONE',(#5912),#253,.F.);
#6350=ADVANCED_FACE('NONE',(#5913),#254,.T.);
#6351=ADVANCED_FACE('NONE',(#5914),#255,.F.);
#6352=ADVANCED_FACE('NONE',(#5915),#256,.F.);
#6353=ADVANCED_FACE('NONE',(#5916),#257,.F.);
#6354=ADVANCED_FACE('NONE',(#5917),#258,.F.);
#6355=ADVANCED_FACE('NONE',(#5918),#259,.T.);
#6356=ADVANCED_FACE('NONE',(#5919),#260,.T.);
#6357=ADVANCED_FACE('NONE',(#5920),#261,.T.);
#6358=ADVANCED_FACE('NONE',(#5921),#262,.T.);
#6359=ADVANCED_FACE('NONE',(#5922),#263,.F.);
#6360=ADVANCED_FACE('NONE',(#5923),#264,.F.);
#6361=ADVANCED_FACE('NONE',(#5924),#265,.F.);
#6362=ADVANCED_FACE('NONE',(#5925),#266,.F.);
#6363=ADVANCED_FACE('NONE',(#5926),#267,.T.);
#6364=ADVANCED_FACE('NONE',(#5927),#268,.T.);
#6365=ADVANCED_FACE('NONE',(#5928),#269,.T.);
#6366=ADVANCED_FACE('NONE',(#5929),#270,.T.);
#6367=ADVANCED_FACE('NONE',(#5930,#5931),#6122,.F.);
#6368=ADVANCED_FACE('NONE',(#5932,#5933),#6123,.T.);
#6369=ADVANCED_FACE('NONE',(#5934,#5935),#6124,.T.);
#6370=ADVANCED_FACE('NONE',(#5936,#5937),#6125,.T.);
#6371=ADVANCED_FACE('NONE',(#5938,#5939),#6126,.T.);
#6372=ADVANCED_FACE('NONE',(#5940,#5941),#6127,.T.);
#6373=ADVANCED_FACE('NONE',(#5942,#5943),#6128,.T.);
#6374=ADVANCED_FACE('NONE',(#5944,#5945),#47,.T.);
#6375=ADVANCED_FACE('NONE',(#5946,#5947),#48,.T.);
#6376=ADVANCED_FACE('NONE',(#5948,#5949),#6129,.T.);
#6377=ADVANCED_FACE('NONE',(#5950,#5951),#6130,.T.);
#6378=ADVANCED_FACE('NONE',(#5952),#271,.T.);
#6379=ADVANCED_FACE('NONE',(#5953),#272,.T.);
#6380=ADVANCED_FACE('NONE',(#5954),#273,.F.);
#6381=ADVANCED_FACE('NONE',(#5955),#274,.T.);
#6382=ADVANCED_FACE('NONE',(#5956),#275,.T.);
#6383=ADVANCED_FACE('NONE',(#5957),#276,.F.);
#6384=ADVANCED_FACE('NONE',(#5958),#277,.T.);
#6385=ADVANCED_FACE('NONE',(#5959),#278,.T.);
#6386=ADVANCED_FACE('NONE',(#5960),#279,.T.);
#6387=ADVANCED_FACE('NONE',(#5961),#280,.F.);
#6388=ADVANCED_FACE('NONE',(#5962),#281,.T.);
#6389=ADVANCED_FACE('NONE',(#5963),#6131,.F.);
#6390=ADVANCED_FACE('NONE',(#5964),#282,.T.);
#6391=ADVANCED_FACE('NONE',(#5965),#6132,.T.);
#6392=ADVANCED_FACE('NONE',(#5966),#283,.F.);
#6393=ADVANCED_FACE('NONE',(#5967),#284,.T.);
#6394=ADVANCED_FACE('NONE',(#5968,#5969,#5970,#5971,#5972,#5973,#5974,#5975,
#5976,#5977),#285,.F.);
#6395=ADVANCED_FACE('NONE',(#5978),#286,.T.);
#6396=ADVANCED_FACE('NONE',(#5979),#287,.T.);
#6397=ADVANCED_FACE('NONE',(#5980),#288,.F.);
#6398=ADVANCED_FACE('NONE',(#5981,#5982),#289,.F.);
#6399=ADVANCED_FACE('NONE',(#5983),#290,.T.);
#6400=ADVANCED_FACE('NONE',(#5984),#291,.F.);
#6401=ADVANCED_FACE('NONE',(#5985),#292,.F.);
#6402=ADVANCED_FACE('NONE',(#5986,#5987),#293,.T.);
#6403=ADVANCED_FACE('NONE',(#5988,#5989),#294,.F.);
#6404=ADVANCED_FACE('NONE',(#5990,#5991),#295,.F.);
#6405=ADVANCED_FACE('NONE',(#5992),#6133,.T.);
#6406=ADVANCED_FACE('NONE',(#5993),#6134,.T.);
#6407=ADVANCED_FACE('NONE',(#5994),#6135,.F.);
#6408=ADVANCED_FACE('NONE',(#5995),#6136,.F.);
#6409=ADVANCED_FACE('NONE',(#5996),#6137,.F.);
#6410=ADVANCED_FACE('NONE',(#5997),#6138,.F.);
#6411=ADVANCED_FACE('NONE',(#5998),#6139,.F.);
#6412=ADVANCED_FACE('NONE',(#5999),#6140,.F.);
#6413=ADVANCED_FACE('NONE',(#6000),#6141,.F.);
#6414=ADVANCED_FACE('NONE',(#6001),#6142,.F.);
#6415=ADVANCED_FACE('NONE',(#6002),#296,.T.);
#6416=ADVANCED_FACE('NONE',(#6003),#297,.T.);
#6417=ADVANCED_FACE('NONE',(#6004),#298,.T.);
#6418=ADVANCED_FACE('NONE',(#6005),#299,.T.);
#6419=ADVANCED_FACE('NONE',(#6006),#300,.T.);
#6420=ADVANCED_FACE('NONE',(#6007),#301,.T.);
#6421=ADVANCED_FACE('NONE',(#6008),#302,.T.);
#6422=ADVANCED_FACE('NONE',(#6009),#303,.T.);
#6423=ADVANCED_FACE('NONE',(#6010),#304,.F.);
#6424=ADVANCED_FACE('NONE',(#6011),#305,.T.);
#6425=ADVANCED_FACE('NONE',(#6012),#306,.T.);
#6426=ADVANCED_FACE('NONE',(#6013),#307,.T.);
#6427=ADVANCED_FACE('NONE',(#6014),#308,.T.);
#6428=ADVANCED_FACE('NONE',(#6015),#309,.F.);
#6429=ADVANCED_FACE('NONE',(#6016),#310,.T.);
#6430=ADVANCED_FACE('NONE',(#6017),#311,.F.);
#6431=ADVANCED_FACE('NONE',(#6018),#312,.F.);
#6432=ADVANCED_FACE('NONE',(#6019),#313,.T.);
#6433=ADVANCED_FACE('NONE',(#6020),#314,.F.);
#6434=ADVANCED_FACE('NONE',(#6021),#315,.F.);
#6435=ADVANCED_FACE('NONE',(#6022),#316,.T.);
#6436=ADVANCED_FACE('NONE',(#6023),#317,.F.);
#6437=ADVANCED_FACE('NONE',(#6024),#318,.F.);
#6438=ADVANCED_FACE('NONE',(#6025),#319,.T.);
#6439=ADVANCED_FACE('NONE',(#6026),#320,.F.);
#6440=ADVANCED_FACE('NONE',(#6027),#321,.F.);
#6441=ADVANCED_FACE('NONE',(#6028),#322,.F.);
#6442=ADVANCED_FACE('NONE',(#6029),#6143,.T.);
#6443=ADVANCED_FACE('NONE',(#6030),#6144,.T.);
#6444=ADVANCED_FACE('NONE',(#6031),#6145,.T.);
#6445=ADVANCED_FACE('NONE',(#6032),#6146,.T.);
#6446=ADVANCED_FACE('NONE',(#6033),#6147,.T.);
#6447=ADVANCED_FACE('NONE',(#6034),#6148,.T.);
#6448=ADVANCED_FACE('NONE',(#6035),#6149,.T.);
#6449=ADVANCED_FACE('NONE',(#6036),#323,.F.);
#6450=ADVANCED_FACE('NONE',(#6037),#324,.F.);
#6451=ADVANCED_FACE('NONE',(#6038),#325,.T.);
#6452=ADVANCED_FACE('NONE',(#6039),#326,.F.);
#6453=ADVANCED_FACE('NONE',(#6040),#327,.F.);
#6454=ADVANCED_FACE('NONE',(#6041),#328,.F.);
#6455=ADVANCED_FACE('NONE',(#6042),#329,.F.);
#6456=ADVANCED_FACE('NONE',(#6043),#6150,.F.);
#6457=ADVANCED_FACE('NONE',(#6044),#330,.T.);
#6458=ADVANCED_FACE('NONE',(#6045),#331,.F.);
#6459=ADVANCED_FACE('NONE',(#6046),#332,.F.);
#6460=ADVANCED_FACE('NONE',(#6047),#333,.T.);
#6461=ADVANCED_FACE('NONE',(#6048),#334,.F.);
#6462=ADVANCED_FACE('NONE',(#6049),#335,.F.);
#6463=ADVANCED_FACE('NONE',(#6050),#336,.T.);
#6464=ADVANCED_FACE('NONE',(#6051),#337,.F.);
#6465=ADVANCED_FACE('NONE',(#6052),#338,.F.);
#6466=ADVANCED_FACE('NONE',(#6053),#339,.T.);
#6467=ADVANCED_FACE('NONE',(#6054),#340,.F.);
#6468=ADVANCED_FACE('NONE',(#6055),#341,.F.);
#6469=ADVANCED_FACE('NONE',(#6056),#342,.T.);
#6470=ADVANCED_FACE('NONE',(#6057),#6151,.T.);
#6471=ADVANCED_FACE('NONE',(#6058),#6152,.T.);
#6472=ADVANCED_FACE('NONE',(#6059),#343,.T.);
#6473=ADVANCED_FACE('NONE',(#6060),#344,.F.);
#6474=ADVANCED_FACE('NONE',(#6061),#345,.F.);
#6475=ADVANCED_FACE('NONE',(#6062),#346,.F.);
#6476=ADVANCED_FACE('NONE',(#6063),#347,.T.);
#6477=ADVANCED_FACE('NONE',(#6064),#348,.F.);
#6478=ADVANCED_FACE('NONE',(#6065),#349,.F.);
#6479=ADVANCED_FACE('NONE',(#6066),#350,.F.);
#6480=ADVANCED_FACE('NONE',(#6067),#351,.F.);
#6481=ADVANCED_FACE('NONE',(#6068),#352,.F.);
#6482=ADVANCED_FACE('NONE',(#6069),#353,.F.);
#6483=ADVANCED_FACE('NONE',(#6070),#354,.T.);
#6484=ADVANCED_FACE('NONE',(#6071),#355,.F.);
#6485=ADVANCED_FACE('NONE',(#6072),#356,.F.);
#6486=ADVANCED_FACE('NONE',(#6073),#357,.T.);
#6487=ADVANCED_FACE('NONE',(#6074),#358,.T.);
#6488=ADVANCED_FACE('NONE',(#6075),#6153,.T.);
#6489=ADVANCED_FACE('NONE',(#6076),#6154,.T.);
#6490=ADVANCED_FACE('NONE',(#6077),#6155,.T.);
#6491=ADVANCED_FACE('NONE',(#6078),#6156,.T.);
#6492=ADVANCED_FACE('NONE',(#6079),#359,.T.);
#6493=ADVANCED_FACE('NONE',(#6080),#360,.F.);
#6494=ADVANCED_FACE('NONE',(#6081),#361,.F.);
#6495=ADVANCED_FACE('NONE',(#6082),#362,.T.);
#6496=ADVANCED_FACE('NONE',(#6083),#363,.T.);
#6497=ADVANCED_FACE('NONE',(#6084),#364,.F.);
#6498=ADVANCED_FACE('NONE',(#6085),#365,.T.);
#6499=ADVANCED_FACE('NONE',(#6086),#366,.F.);
#6500=ADVANCED_FACE('NONE',(#6087),#367,.F.);
#6501=ADVANCED_FACE('NONE',(#6088),#368,.F.);
#6502=ADVANCED_FACE('NONE',(#6089),#369,.T.);
#6503=ADVANCED_FACE('NONE',(#6090),#370,.T.);
#6504=ADVANCED_FACE('NONE',(#6091),#6157,.T.);
#6505=ADVANCED_FACE('NONE',(#6092),#6158,.T.);
#6506=ADVANCED_FACE('NONE',(#6093),#6159,.T.);
#6507=ADVANCED_FACE('NONE',(#6094),#6160,.T.);
#6508=ADVANCED_FACE('NONE',(#6095),#6161,.T.);
#6509=ADVANCED_FACE('NONE',(#6096),#6162,.T.);
#6510=CLOSED_SHELL('',(#6163,#6164,#6165,#6166,#6167,#6168,#6169,#6170,
#6171,#6172,#6173,#6174,#6175,#6176,#6177,#6178,#6179,#6180,#6181,#6182,
#6183,#6184,#6185,#6186,#6187,#6188,#6189,#6190,#6191,#6192,#6193,#6194,
#6195,#6196,#6197,#6198,#6199,#6200,#6201,#6202));
#6511=CLOSED_SHELL('',(#6203,#6204,#6205,#6206,#6207,#6208,#6209,#6210,
#6211,#6212,#6213,#6214,#6215,#6216,#6217,#6218,#6219,#6220,#6221,#6222,
#6223,#6224,#6225,#6226,#6227,#6228,#6229,#6230,#6231,#6232,#6233,#6234,
#6235,#6236,#6237,#6238,#6239,#6240,#6241,#6242,#6243,#6244,#6245,#6246,
#6247));
#6512=CLOSED_SHELL('',(#6248,#6249,#6250,#6251,#6252,#6253,#6254,#6255,
#6256,#6257,#6258,#6259,#6260,#6261,#6262,#6263,#6264,#6265,#6266,#6267,
#6268,#6269,#6270,#6271,#6272,#6273,#6274,#6275,#6276,#6277,#6278,#6279,
#6280,#6281,#6282,#6283,#6284,#6285,#6286,#6287,#6288,#6289,#6290,#6291,
#6292,#6293,#6294,#6295,#6296,#6297,#6298,#6299,#6300,#6301,#6302,#6303,
#6304,#6305,#6306,#6307,#6308,#6309,#6310,#6311,#6312,#6313,#6314,#6315,
#6316,#6317,#6318,#6319,#6320,#6321,#6322,#6323,#6324,#6325,#6326,#6327,
#6328,#6329,#6330,#6331,#6332,#6333,#6334,#6335,#6336,#6337,#6338,#6339,
#6340,#6341,#6342,#6343,#6344,#6345,#6346,#6347,#6348,#6349,#6350));
#6513=CLOSED_SHELL('',(#6351,#6352,#6353,#6354,#6355,#6356,#6357,#6358));
#6514=CLOSED_SHELL('',(#6359,#6360,#6361,#6362,#6363,#6364,#6365,#6366));
#6515=CLOSED_SHELL('',(#6367,#6368,#6369,#6370,#6371,#6372,#6373,#6374,
#6375,#6376,#6377,#6378,#6379,#6380,#6381,#6382,#6383,#6384,#6385,#6386,
#6387,#6388,#6389,#6390,#6391,#6392,#6393,#6394,#6395,#6396,#6397,#6398,
#6399,#6400,#6401,#6402,#6403,#6404,#6405,#6406,#6407,#6408,#6409,#6410,
#6411,#6412,#6413,#6414,#6415,#6416,#6417,#6418,#6419,#6420,#6421));
#6516=CLOSED_SHELL('',(#6422,#6423,#6424,#6425,#6426,#6427,#6428,#6429,
#6430,#6431,#6432,#6433,#6434,#6435,#6436,#6437,#6438,#6439,#6440,#6441,
#6442,#6443,#6444,#6445,#6446,#6447,#6448,#6449,#6450,#6451,#6452,#6453,
#6454,#6455,#6456,#6457,#6458,#6459,#6460,#6461,#6462,#6463,#6464,#6465,
#6466,#6467,#6468,#6469));
#6517=CLOSED_SHELL('',(#6470,#6471,#6472,#6473,#6474,#6475,#6476,#6477,
#6478,#6479,#6480,#6481,#6482,#6483,#6484,#6485,#6486,#6487,#6488,#6489,
#6490,#6491,#6492,#6493,#6494,#6495,#6496,#6497,#6498,#6499,#6500,#6501,
#6502,#6503,#6504,#6505,#6506,#6507,#6508,#6509));
#6518=STYLED_ITEM('',(#6526),#6579);
#6519=STYLED_ITEM('',(#6527),#6580);
#6520=STYLED_ITEM('',(#6528),#6581);
#6521=STYLED_ITEM('',(#6529),#6582);
#6522=STYLED_ITEM('',(#6530),#6583);
#6523=STYLED_ITEM('',(#6531),#6584);
#6524=STYLED_ITEM('',(#6532),#6585);
#6525=STYLED_ITEM('',(#6533),#6586);
#6526=PRESENTATION_STYLE_ASSIGNMENT((#6534));
#6527=PRESENTATION_STYLE_ASSIGNMENT((#6535));
#6528=PRESENTATION_STYLE_ASSIGNMENT((#6536));
#6529=PRESENTATION_STYLE_ASSIGNMENT((#6537));
#6530=PRESENTATION_STYLE_ASSIGNMENT((#6538));
#6531=PRESENTATION_STYLE_ASSIGNMENT((#6539));
#6532=PRESENTATION_STYLE_ASSIGNMENT((#6540));
#6533=PRESENTATION_STYLE_ASSIGNMENT((#6541));
#6534=SURFACE_STYLE_USAGE(.BOTH.,#6542);
#6535=SURFACE_STYLE_USAGE(.BOTH.,#6543);
#6536=SURFACE_STYLE_USAGE(.BOTH.,#6544);
#6537=SURFACE_STYLE_USAGE(.BOTH.,#6545);
#6538=SURFACE_STYLE_USAGE(.BOTH.,#6546);
#6539=SURFACE_STYLE_USAGE(.BOTH.,#6547);
#6540=SURFACE_STYLE_USAGE(.BOTH.,#6548);
#6541=SURFACE_STYLE_USAGE(.BOTH.,#6549);
#6542=SURFACE_SIDE_STYLE('',(#6550));
#6543=SURFACE_SIDE_STYLE('',(#6551));
#6544=SURFACE_SIDE_STYLE('',(#6552));
#6545=SURFACE_SIDE_STYLE('',(#6553));
#6546=SURFACE_SIDE_STYLE('',(#6554));
#6547=SURFACE_SIDE_STYLE('',(#6555));
#6548=SURFACE_SIDE_STYLE('',(#6556));
#6549=SURFACE_SIDE_STYLE('',(#6557));
#6550=SURFACE_STYLE_FILL_AREA(#6558);
#6551=SURFACE_STYLE_FILL_AREA(#6559);
#6552=SURFACE_STYLE_FILL_AREA(#6560);
#6553=SURFACE_STYLE_FILL_AREA(#6561);
#6554=SURFACE_STYLE_FILL_AREA(#6562);
#6555=SURFACE_STYLE_FILL_AREA(#6563);
#6556=SURFACE_STYLE_FILL_AREA(#6564);
#6557=SURFACE_STYLE_FILL_AREA(#6565);
#6558=FILL_AREA_STYLE('',(#6566));
#6559=FILL_AREA_STYLE('',(#6567));
#6560=FILL_AREA_STYLE('',(#6568));
#6561=FILL_AREA_STYLE('',(#6569));
#6562=FILL_AREA_STYLE('',(#6570));
#6563=FILL_AREA_STYLE('',(#6571));
#6564=FILL_AREA_STYLE('',(#6572));
#6565=FILL_AREA_STYLE('',(#6573));
#6566=FILL_AREA_STYLE_COLOUR('',#6574);
#6567=FILL_AREA_STYLE_COLOUR('',#6575);
#6568=FILL_AREA_STYLE_COLOUR('',#6576);
#6569=FILL_AREA_STYLE_COLOUR('',#6577);
#6570=FILL_AREA_STYLE_COLOUR('',#6577);
#6571=FILL_AREA_STYLE_COLOUR('',#6578);
#6572=FILL_AREA_STYLE_COLOUR('',#6576);
#6573=FILL_AREA_STYLE_COLOUR('',#6574);
#6574=COLOUR_RGB('',0.647058823529412,0.619607843137255,0.588235294117647);
#6575=COLOUR_RGB('',0.125490196078431,0.125490196078431,0.125490196078431);
#6576=COLOUR_RGB('',0.250980392156863,0.250980392156863,0.250980392156863);
#6577=COLOUR_RGB('',0.792156862745098,0.819607843137255,0.933333333333333);
#6578=COLOUR_RGB('',0.298039215686275,0.298039215686275,0.298039215686275);
#6579=MANIFOLD_SOLID_BREP('Kailh Hotswap MX Inlay 2__Fillet3',#6510);
#6580=MANIFOLD_SOLID_BREP('Mirror1',#6511);
#6581=MANIFOLD_SOLID_BREP('Revolve2',#6512);
#6582=MANIFOLD_SOLID_BREP('Chamfer4',#6513);
#6583=MANIFOLD_SOLID_BREP('Chamfer3',#6514);
#6584=MANIFOLD_SOLID_BREP('Kailh Hotswap MX__Cut-Extrude2',#6515);
#6585=MANIFOLD_SOLID_BREP('Cut-Extrude5',#6516);
#6586=MANIFOLD_SOLID_BREP('Kailh Hotswap MX Inlay__Fillet3',#6517);
#6587=SHAPE_DEFINITION_REPRESENTATION(#10832,#6596);
#6588=SHAPE_DEFINITION_REPRESENTATION(#10833,#6597);
#6589=SHAPE_DEFINITION_REPRESENTATION(#10835,#6598);
#6590=SHAPE_DEFINITION_REPRESENTATION(#10837,#6599);
#6591=SHAPE_DEFINITION_REPRESENTATION(#10839,#6600);
#6592=SHAPE_DEFINITION_REPRESENTATION(#10841,#6601);
#6593=SHAPE_DEFINITION_REPRESENTATION(#10843,#6602);
#6594=SHAPE_DEFINITION_REPRESENTATION(#10845,#6603);
#6595=SHAPE_DEFINITION_REPRESENTATION(#10847,#6604);
#6596=SHAPE_REPRESENTATION('Assembly 1',(#6605,#6674,#6720,#6839,#6848,
#6857,#6957,#7016,#7085),#10811);
#6597=SHAPE_REPRESENTATION('Kailh Hotswap MX Inlay 2__Fillet3',(#6605),
#10812);
#6598=SHAPE_REPRESENTATION('Mirror1',(#6605),#10813);
#6599=SHAPE_REPRESENTATION('Revolve2',(#6605),#10814);
#6600=SHAPE_REPRESENTATION('Chamfer4',(#6605),#10815);
#6601=SHAPE_REPRESENTATION('Chamfer3',(#6605),#10816);
#6602=SHAPE_REPRESENTATION('Kailh Hotswap MX__Cut-Extrude2',(#6605),#10817);
#6603=SHAPE_REPRESENTATION('Cut-Extrude5',(#6605),#10818);
#6604=SHAPE_REPRESENTATION('Kailh Hotswap MX Inlay__Fillet3',(#6605),#10819);
#6605=AXIS2_PLACEMENT_3D('',#8801,#7086,#7087);
#6606=AXIS2_PLACEMENT_3D('',#8802,#7088,#7089);
#6607=AXIS2_PLACEMENT_3D('',#8803,#7090,#7091);
#6608=AXIS2_PLACEMENT_3D('',#8808,#7093,#7094);
#6609=AXIS2_PLACEMENT_3D('',#8811,#7096,#7097);
#6610=AXIS2_PLACEMENT_3D('',#8812,#7098,#7099);
#6611=AXIS2_PLACEMENT_3D('',#8817,#7101,#7102);
#6612=AXIS2_PLACEMENT_3D('',#8820,#7104,#7105);
#6613=AXIS2_PLACEMENT_3D('',#8829,#7110,#7111);
#6614=AXIS2_PLACEMENT_3D('',#8830,#7112,#7113);
#6615=AXIS2_PLACEMENT_3D('',#8837,#7117,#7118);
#6616=AXIS2_PLACEMENT_3D('',#8840,#7120,#7121);
#6617=AXIS2_PLACEMENT_3D('',#8841,#7122,#7123);
#6618=AXIS2_PLACEMENT_3D('',#8843,#7124,#7125);
#6619=AXIS2_PLACEMENT_3D('',#8847,#7127,#7128);
#6620=AXIS2_PLACEMENT_3D('',#8854,#7132,#7133);
#6621=AXIS2_PLACEMENT_3D('',#8858,#7135,#7136);
#6622=AXIS2_PLACEMENT_3D('',#8866,#7141,#7142);
#6623=AXIS2_PLACEMENT_3D('',#8867,#7143,#7144);
#6624=AXIS2_PLACEMENT_3D('',#8876,#7149,#7150);
#6625=AXIS2_PLACEMENT_3D('',#8877,#7151,#7152);
#6626=AXIS2_PLACEMENT_3D('',#8879,#7153,#7154);
#6627=AXIS2_PLACEMENT_3D('',#8883,#7156,#7157);
#6628=AXIS2_PLACEMENT_3D('',#8890,#7161,#7162);
#6629=AXIS2_PLACEMENT_3D('',#8896,#7166,#7167);
#6630=AXIS2_PLACEMENT_3D('',#8897,#7168,#7169);
#6631=AXIS2_PLACEMENT_3D('',#8901,#7172,#7173);
#6632=AXIS2_PLACEMENT_3D('',#8904,#7175,#7176);
#6633=AXIS2_PLACEMENT_3D('',#8907,#7179,#7180);
#6634=AXIS2_PLACEMENT_3D('',#8911,#7182,#7183);
#6635=AXIS2_PLACEMENT_3D('',#8915,#7185,#7186);
#6636=AXIS2_PLACEMENT_3D('',#8920,#7190,#7191);
#6637=AXIS2_PLACEMENT_3D('',#8930,#7197,#7198);
#6638=AXIS2_PLACEMENT_3D('',#8937,#7203,#7204);
#6639=AXIS2_PLACEMENT_3D('',#8943,#7208,#7209);
#6640=AXIS2_PLACEMENT_3D('',#8946,#7212,#7213);
#6641=AXIS2_PLACEMENT_3D('',#8947,#7214,#7215);
#6642=AXIS2_PLACEMENT_3D('',#8948,#7216,#7217);
#6643=AXIS2_PLACEMENT_3D('',#8951,#7219,#7220);
#6644=AXIS2_PLACEMENT_3D('',#8952,#7221,#7222);
#6645=AXIS2_PLACEMENT_3D('',#8955,#7224,#7225);
#6646=AXIS2_PLACEMENT_3D('',#8956,#7226,#7227);
#6647=AXIS2_PLACEMENT_3D('',#8957,#7228,#7229);
#6648=AXIS2_PLACEMENT_3D('',#8958,#7230,#7231);
#6649=AXIS2_PLACEMENT_3D('',#8963,#7234,#7235);
#6650=AXIS2_PLACEMENT_3D('',#8968,#7238,#7239);
#6651=AXIS2_PLACEMENT_3D('',#8974,#7243,#7244);
#6652=AXIS2_PLACEMENT_3D('',#8980,#7248,#7249);
#6653=AXIS2_PLACEMENT_3D('',#8981,#7250,#7251);
#6654=AXIS2_PLACEMENT_3D('',#8987,#7255,#7256);
#6655=AXIS2_PLACEMENT_3D('',#8988,#7257,#7258);
#6656=AXIS2_PLACEMENT_3D('',#8989,#7259,#7260);
#6657=AXIS2_PLACEMENT_3D('',#8991,#7262,#7263);
#6658=AXIS2_PLACEMENT_3D('',#8992,#7264,#7265);
#6659=AXIS2_PLACEMENT_3D('',#9001,#7270,#7271);
#6660=AXIS2_PLACEMENT_3D('',#9002,#7272,#7273);
#6661=AXIS2_PLACEMENT_3D('',#9008,#7277,#7278);
#6662=AXIS2_PLACEMENT_3D('',#9013,#7281,#7282);
#6663=AXIS2_PLACEMENT_3D('',#9018,#7285,#7286);
#6664=AXIS2_PLACEMENT_3D('',#9021,#7289,#7290);
#6665=AXIS2_PLACEMENT_3D('',#9022,#7291,#7292);
#6666=AXIS2_PLACEMENT_3D('',#9024,#7294,#7295);
#6667=AXIS2_PLACEMENT_3D('',#9025,#7296,#7297);
#6668=AXIS2_PLACEMENT_3D('',#9026,#7298,#7299);
#6669=AXIS2_PLACEMENT_3D('',#9027,#7300,#7301);
#6670=AXIS2_PLACEMENT_3D('',#9028,#7302,#7303);
#6671=AXIS2_PLACEMENT_3D('',#9029,#7304,#7305);
#6672=AXIS2_PLACEMENT_3D('',#9030,#7306,#7307);
#6673=AXIS2_PLACEMENT_3D('',#9031,#7308,#7309);
#6674=AXIS2_PLACEMENT_3D('',#9032,#7310,#7311);
#6675=AXIS2_PLACEMENT_3D('',#9033,#7312,#7313);
#6676=AXIS2_PLACEMENT_3D('',#9046,#7320,#7321);
#6677=AXIS2_PLACEMENT_3D('',#9059,#7328,#7329);
#6678=AXIS2_PLACEMENT_3D('',#9068,#7334,#7335);
#6679=AXIS2_PLACEMENT_3D('',#9074,#7339,#7340);
#6680=AXIS2_PLACEMENT_3D('',#9080,#7344,#7345);
#6681=AXIS2_PLACEMENT_3D('',#9083,#7348,#7349);
#6682=AXIS2_PLACEMENT_3D('',#9126,#7372,#7373);
#6683=AXIS2_PLACEMENT_3D('',#9127,#7374,#7375);
#6684=AXIS2_PLACEMENT_3D('',#9136,#7381,#7382);
#6685=AXIS2_PLACEMENT_3D('',#9142,#7386,#7387);
#6686=AXIS2_PLACEMENT_3D('',#9152,#7393,#7394);
#6687=AXIS2_PLACEMENT_3D('',#9161,#7400,#7401);
#6688=AXIS2_PLACEMENT_3D('',#9165,#7404,#7405);
#6689=AXIS2_PLACEMENT_3D('',#9175,#7411,#7412);
#6690=AXIS2_PLACEMENT_3D('',#9182,#7417,#7418);
#6691=AXIS2_PLACEMENT_3D('',#9188,#7422,#7423);
#6692=AXIS2_PLACEMENT_3D('',#9197,#7429,#7430);
#6693=AXIS2_PLACEMENT_3D('',#9199,#7432,#7433);
#6694=AXIS2_PLACEMENT_3D('',#9210,#7440,#7441);
#6695=AXIS2_PLACEMENT_3D('',#9212,#7443,#7444);
#6696=AXIS2_PLACEMENT_3D('',#9214,#7446,#7447);
#6697=AXIS2_PLACEMENT_3D('',#9216,#7449,#7450);
#6698=AXIS2_PLACEMENT_3D('',#9218,#7452,#7453);
#6699=AXIS2_PLACEMENT_3D('',#9220,#7455,#7456);
#6700=AXIS2_PLACEMENT_3D('',#9222,#7458,#7459);
#6701=AXIS2_PLACEMENT_3D('',#9223,#7460,#7461);
#6702=AXIS2_PLACEMENT_3D('',#9225,#7463,#7464);
#6703=AXIS2_PLACEMENT_3D('',#9227,#7466,#7467);
#6704=AXIS2_PLACEMENT_3D('',#9229,#7469,#7470);
#6705=AXIS2_PLACEMENT_3D('',#9231,#7472,#7473);
#6706=AXIS2_PLACEMENT_3D('',#9233,#7475,#7476);
#6707=AXIS2_PLACEMENT_3D('',#9235,#7478,#7479);
#6708=AXIS2_PLACEMENT_3D('',#9236,#7480,#7481);
#6709=AXIS2_PLACEMENT_3D('',#9240,#7484,#7485);
#6710=AXIS2_PLACEMENT_3D('',#9242,#7487,#7488);
#6711=AXIS2_PLACEMENT_3D('',#9243,#7489,#7490);
#6712=AXIS2_PLACEMENT_3D('',#9247,#7493,#7494);
#6713=AXIS2_PLACEMENT_3D('',#9249,#7496,#7497);
#6714=AXIS2_PLACEMENT_3D('',#9250,#7498,#7499);
#6715=AXIS2_PLACEMENT_3D('',#9254,#7502,#7503);
#6716=AXIS2_PLACEMENT_3D('',#9256,#7505,#7506);
#6717=AXIS2_PLACEMENT_3D('',#9257,#7507,#7508);
#6718=AXIS2_PLACEMENT_3D('',#9261,#7511,#7512);
#6719=AXIS2_PLACEMENT_3D('',#9263,#7514,#7515);
#6720=AXIS2_PLACEMENT_3D('',#9264,#7516,#7517);
#6721=AXIS2_PLACEMENT_3D('',#9265,#7518,#7519);
#6722=AXIS2_PLACEMENT_3D('',#9266,#7520,#7521);
#6723=AXIS2_PLACEMENT_3D('',#9268,#7522,#7523);
#6724=AXIS2_PLACEMENT_3D('',#9270,#7524,#7525);
#6725=AXIS2_PLACEMENT_3D('',#9271,#7526,#7527);
#6726=AXIS2_PLACEMENT_3D('',#9273,#7528,#7529);
#6727=AXIS2_PLACEMENT_3D('',#9290,#7530,#7531);
#6728=AXIS2_PLACEMENT_3D('',#9307,#7532,#7533);
#6729=AXIS2_PLACEMENT_3D('',#9324,#7534,#7535);
#6730=AXIS2_PLACEMENT_3D('',#9341,#7536,#7537);
#6731=AXIS2_PLACEMENT_3D('',#9350,#7542,#7543);
#6732=AXIS2_PLACEMENT_3D('',#9367,#7552,#7553);
#6733=AXIS2_PLACEMENT_3D('',#9372,#7557,#7558);
#6734=AXIS2_PLACEMENT_3D('',#9376,#7561,#7562);
#6735=AXIS2_PLACEMENT_3D('',#9380,#7565,#7566);
#6736=AXIS2_PLACEMENT_3D('',#9382,#7568,#7569);
#6737=AXIS2_PLACEMENT_3D('',#9394,#7576,#7577);
#6738=AXIS2_PLACEMENT_3D('',#9411,#7586,#7587);
#6739=AXIS2_PLACEMENT_3D('',#9420,#7592,#7593);
#6740=AXIS2_PLACEMENT_3D('',#9431,#7599,#7600);
#6741=AXIS2_PLACEMENT_3D('',#9442,#7606,#7607);
#6742=AXIS2_PLACEMENT_3D('',#9451,#7612,#7613);
#6743=AXIS2_PLACEMENT_3D('',#9460,#7618,#7619);
#6744=AXIS2_PLACEMENT_3D('',#9461,#7620,#7621);
#6745=AXIS2_PLACEMENT_3D('',#9477,#7622,#7623);
#6746=AXIS2_PLACEMENT_3D('',#9478,#7624,#7625);
#6747=AXIS2_PLACEMENT_3D('',#9497,#7627,#7628);
#6748=AXIS2_PLACEMENT_3D('',#9506,#7633,#7634);
#6749=AXIS2_PLACEMENT_3D('',#9507,#7635,#7636);
#6750=AXIS2_PLACEMENT_3D('',#9523,#7637,#7638);
#6751=AXIS2_PLACEMENT_3D('',#9524,#7639,#7640);
#6752=AXIS2_PLACEMENT_3D('',#9529,#7642,#7643);
#6753=AXIS2_PLACEMENT_3D('',#9532,#7645,#7646);
#6754=AXIS2_PLACEMENT_3D('',#9538,#7650,#7651);
#6755=AXIS2_PLACEMENT_3D('',#9544,#7656,#7657);
#6756=AXIS2_PLACEMENT_3D('',#9553,#7662,#7663);
#6757=AXIS2_PLACEMENT_3D('',#9556,#7666,#7667);
#6758=AXIS2_PLACEMENT_3D('',#9571,#7675,#7676);
#6759=AXIS2_PLACEMENT_3D('',#9583,#7682,#7683);
#6760=AXIS2_PLACEMENT_3D('',#9605,#7695,#7696);
#6761=AXIS2_PLACEMENT_3D('',#9612,#7700,#7701);
#6762=AXIS2_PLACEMENT_3D('',#9615,#7703,#7704);
#6763=AXIS2_PLACEMENT_3D('',#9616,#7705,#7706);
#6764=AXIS2_PLACEMENT_3D('',#9618,#7708,#7709);
#6765=AXIS2_PLACEMENT_3D('',#9636,#7711,#7712);
#6766=AXIS2_PLACEMENT_3D('',#9641,#7716,#7717);
#6767=AXIS2_PLACEMENT_3D('',#9645,#7720,#7721);
#6768=AXIS2_PLACEMENT_3D('',#9678,#7726,#7727);
#6769=AXIS2_PLACEMENT_3D('',#9686,#7733,#7734);
#6770=AXIS2_PLACEMENT_3D('',#9694,#7741,#7742);
#6771=AXIS2_PLACEMENT_3D('',#9703,#7749,#7750);
#6772=AXIS2_PLACEMENT_3D('',#9711,#7756,#7757);
#6773=AXIS2_PLACEMENT_3D('',#9712,#7758,#7759);
#6774=AXIS2_PLACEMENT_3D('',#9713,#7760,#7761);
#6775=AXIS2_PLACEMENT_3D('',#9714,#7762,#7763);
#6776=AXIS2_PLACEMENT_3D('',#9715,#7764,#7765);
#6777=AXIS2_PLACEMENT_3D('',#9720,#7769,#7770);
#6778=AXIS2_PLACEMENT_3D('',#9724,#7773,#7774);
#6779=AXIS2_PLACEMENT_3D('',#9729,#7777,#7778);
#6780=AXIS2_PLACEMENT_3D('',#9732,#7780,#7781);
#6781=AXIS2_PLACEMENT_3D('',#9735,#7784,#7785);
#6782=AXIS2_PLACEMENT_3D('',#9737,#7787,#7788);
#6783=AXIS2_PLACEMENT_3D('',#9738,#7789,#7790);
#6784=AXIS2_PLACEMENT_3D('',#9739,#7791,#7792);
#6785=AXIS2_PLACEMENT_3D('',#9744,#7796,#7797);
#6786=AXIS2_PLACEMENT_3D('',#9748,#7800,#7801);
#6787=AXIS2_PLACEMENT_3D('',#9751,#7803,#7804);
#6788=AXIS2_PLACEMENT_3D('',#9756,#7807,#7808);
#6789=AXIS2_PLACEMENT_3D('',#9759,#7811,#7812);
#6790=AXIS2_PLACEMENT_3D('',#9760,#7813,#7814);
#6791=AXIS2_PLACEMENT_3D('',#9762,#7816,#7817);
#6792=AXIS2_PLACEMENT_3D('',#9763,#7818,#7819);
#6793=AXIS2_PLACEMENT_3D('',#9768,#7823,#7824);
#6794=AXIS2_PLACEMENT_3D('',#9772,#7827,#7828);
#6795=AXIS2_PLACEMENT_3D('',#9777,#7831,#7832);
#6796=AXIS2_PLACEMENT_3D('',#9780,#7834,#7835);
#6797=AXIS2_PLACEMENT_3D('',#9782,#7837,#7838);
#6798=AXIS2_PLACEMENT_3D('',#9784,#7840,#7841);
#6799=AXIS2_PLACEMENT_3D('',#9786,#7843,#7844);
#6800=AXIS2_PLACEMENT_3D('',#9787,#7845,#7846);
#6801=AXIS2_PLACEMENT_3D('',#9788,#7847,#7848);
#6802=AXIS2_PLACEMENT_3D('',#9789,#7849,#7850);
#6803=AXIS2_PLACEMENT_3D('',#9793,#7853,#7854);
#6804=AXIS2_PLACEMENT_3D('',#9797,#7857,#7858);
#6805=AXIS2_PLACEMENT_3D('',#9799,#7860,#7861);
#6806=AXIS2_PLACEMENT_3D('',#9800,#7862,#7863);
#6807=AXIS2_PLACEMENT_3D('',#9804,#7866,#7867);
#6808=AXIS2_PLACEMENT_3D('',#9808,#7870,#7871);
#6809=AXIS2_PLACEMENT_3D('',#9810,#7873,#7874);
#6810=AXIS2_PLACEMENT_3D('',#9811,#7875,#7876);
#6811=AXIS2_PLACEMENT_3D('',#9824,#7883,#7884);
#6812=AXIS2_PLACEMENT_3D('',#9835,#7891,#7892);
#6813=AXIS2_PLACEMENT_3D('',#9839,#7895,#7896);
#6814=AXIS2_PLACEMENT_3D('',#9843,#7899,#7900);
#6815=AXIS2_PLACEMENT_3D('',#9847,#7903,#7904);
#6816=AXIS2_PLACEMENT_3D('',#9852,#7908,#7909);
#6817=AXIS2_PLACEMENT_3D('',#9854,#7911,#7912);
#6818=AXIS2_PLACEMENT_3D('',#9860,#7916,#7917);
#6819=AXIS2_PLACEMENT_3D('',#9864,#7920,#7921);
#6820=AXIS2_PLACEMENT_3D('',#9868,#7924,#7925);
#6821=AXIS2_PLACEMENT_3D('',#9870,#7927,#7928);
#6822=AXIS2_PLACEMENT_3D('',#9871,#7929,#7930);
#6823=AXIS2_PLACEMENT_3D('',#9877,#7934,#7935);
#6824=AXIS2_PLACEMENT_3D('',#9881,#7938,#7939);
#6825=AXIS2_PLACEMENT_3D('',#9885,#7942,#7943);
#6826=AXIS2_PLACEMENT_3D('',#9887,#7945,#7946);
#6827=AXIS2_PLACEMENT_3D('',#9888,#7947,#7948);
#6828=AXIS2_PLACEMENT_3D('',#9894,#7952,#7953);
#6829=AXIS2_PLACEMENT_3D('',#9900,#7957,#7958);
#6830=AXIS2_PLACEMENT_3D('',#9906,#7962,#7963);
#6831=AXIS2_PLACEMENT_3D('',#9911,#7967,#7968);
#6832=AXIS2_PLACEMENT_3D('',#9912,#7969,#7970);
#6833=AXIS2_PLACEMENT_3D('',#9914,#7972,#7973);
#6834=AXIS2_PLACEMENT_3D('',#9920,#7977,#7978);
#6835=AXIS2_PLACEMENT_3D('',#9924,#7981,#7982);
#6836=AXIS2_PLACEMENT_3D('',#9928,#7985,#7986);
#6837=AXIS2_PLACEMENT_3D('',#9930,#7988,#7989);
#6838=AXIS2_PLACEMENT_3D('',#9931,#7990,#7991);
#6839=AXIS2_PLACEMENT_3D('',#9932,#7992,#7993);
#6840=AXIS2_PLACEMENT_3D('',#9933,#7994,#7995);
#6841=AXIS2_PLACEMENT_3D('',#9942,#8000,#8001);
#6842=AXIS2_PLACEMENT_3D('',#9952,#8007,#8008);
#6843=AXIS2_PLACEMENT_3D('',#9958,#8012,#8013);
#6844=AXIS2_PLACEMENT_3D('',#9965,#8018,#8019);
#6845=AXIS2_PLACEMENT_3D('',#9966,#8020,#8021);
#6846=AXIS2_PLACEMENT_3D('',#9969,#8024,#8025);
#6847=AXIS2_PLACEMENT_3D('',#9970,#8026,#8027);
#6848=AXIS2_PLACEMENT_3D('',#9971,#8028,#8029);
#6849=AXIS2_PLACEMENT_3D('',#9972,#8030,#8031);
#6850=AXIS2_PLACEMENT_3D('',#9981,#8036,#8037);
#6851=AXIS2_PLACEMENT_3D('',#9991,#8043,#8044);
#6852=AXIS2_PLACEMENT_3D('',#9997,#8048,#8049);
#6853=AXIS2_PLACEMENT_3D('',#10004,#8054,#8055);
#6854=AXIS2_PLACEMENT_3D('',#10005,#8056,#8057);
#6855=AXIS2_PLACEMENT_3D('',#10008,#8060,#8061);
#6856=AXIS2_PLACEMENT_3D('',#10009,#8062,#8063);
#6857=AXIS2_PLACEMENT_3D('',#10010,#8064,#8065);
#6858=AXIS2_PLACEMENT_3D('',#10011,#8066,#8067);
#6859=AXIS2_PLACEMENT_3D('',#10012,#8068,#8069);
#6860=AXIS2_PLACEMENT_3D('',#10014,#8070,#8071);
#6861=AXIS2_PLACEMENT_3D('',#10016,#8072,#8073);
#6862=AXIS2_PLACEMENT_3D('',#10017,#8074,#8075);
#6863=AXIS2_PLACEMENT_3D('',#10019,#8076,#8077);
#6864=AXIS2_PLACEMENT_3D('',#10021,#8078,#8079);
#6865=AXIS2_PLACEMENT_3D('',#10022,#8080,#8081);
#6866=AXIS2_PLACEMENT_3D('',#10024,#8082,#8083);
#6867=AXIS2_PLACEMENT_3D('',#10026,#8084,#8085);
#6868=AXIS2_PLACEMENT_3D('',#10027,#8086,#8087);
#6869=AXIS2_PLACEMENT_3D('',#10029,#8088,#8089);
#6870=AXIS2_PLACEMENT_3D('',#10031,#8090,#8091);
#6871=AXIS2_PLACEMENT_3D('',#10032,#8092,#8093);
#6872=AXIS2_PLACEMENT_3D('',#10034,#8094,#8095);
#6873=AXIS2_PLACEMENT_3D('',#10036,#8096,#8097);
#6874=AXIS2_PLACEMENT_3D('',#10037,#8098,#8099);
#6875=AXIS2_PLACEMENT_3D('',#10039,#8100,#8101);
#6876=AXIS2_PLACEMENT_3D('',#10041,#8102,#8103);
#6877=AXIS2_PLACEMENT_3D('',#10042,#8104,#8105);
#6878=AXIS2_PLACEMENT_3D('',#10044,#8106,#8107);
#6879=AXIS2_PLACEMENT_3D('',#10046,#8108,#8109);
#6880=AXIS2_PLACEMENT_3D('',#10047,#8110,#8111);
#6881=AXIS2_PLACEMENT_3D('',#10049,#8112,#8113);
#6882=AXIS2_PLACEMENT_3D('',#10051,#8114,#8115);
#6883=AXIS2_PLACEMENT_3D('',#10052,#8116,#8117);
#6884=AXIS2_PLACEMENT_3D('',#10054,#8118,#8119);
#6885=AXIS2_PLACEMENT_3D('',#10056,#8120,#8121);
#6886=AXIS2_PLACEMENT_3D('',#10057,#8122,#8123);
#6887=AXIS2_PLACEMENT_3D('',#10059,#8124,#8125);
#6888=AXIS2_PLACEMENT_3D('',#10060,#8126,#8127);
#6889=AXIS2_PLACEMENT_3D('',#10062,#8128,#8129);
#6890=AXIS2_PLACEMENT_3D('',#10071,#8134,#8135);
#6891=AXIS2_PLACEMENT_3D('',#10080,#8140,#8141);
#6892=AXIS2_PLACEMENT_3D('',#10089,#8146,#8147);
#6893=AXIS2_PLACEMENT_3D('',#10106,#8156,#8157);
#6894=AXIS2_PLACEMENT_3D('',#10123,#8166,#8167);
#6895=AXIS2_PLACEMENT_3D('',#10132,#8172,#8173);
#6896=AXIS2_PLACEMENT_3D('',#10133,#8174,#8175);
#6897=AXIS2_PLACEMENT_3D('',#10137,#8177,#8178);
#6898=AXIS2_PLACEMENT_3D('',#10139,#8179,#8180);
#6899=AXIS2_PLACEMENT_3D('',#10147,#8185,#8186);
#6900=AXIS2_PLACEMENT_3D('',#10155,#8191,#8192);
#6901=AXIS2_PLACEMENT_3D('',#10164,#8197,#8198);
#6902=AXIS2_PLACEMENT_3D('',#10173,#8203,#8204);
#6903=AXIS2_PLACEMENT_3D('',#10182,#8209,#8210);
#6904=AXIS2_PLACEMENT_3D('',#10188,#8214,#8215);
#6905=AXIS2_PLACEMENT_3D('',#10189,#8216,#8217);
#6906=AXIS2_PLACEMENT_3D('',#10192,#8219,#8220);
#6907=AXIS2_PLACEMENT_3D('',#10196,#8223,#8224);
#6908=AXIS2_PLACEMENT_3D('',#10197,#8225,#8226);
#6909=AXIS2_PLACEMENT_3D('',#10200,#8228,#8229);
#6910=AXIS2_PLACEMENT_3D('',#10209,#8234,#8235);
#6911=AXIS2_PLACEMENT_3D('',#10211,#8237,#8238);
#6912=AXIS2_PLACEMENT_3D('',#10212,#8239,#8240);
#6913=AXIS2_PLACEMENT_3D('',#10213,#8241,#8242);
#6914=AXIS2_PLACEMENT_3D('',#10214,#8243,#8244);
#6915=AXIS2_PLACEMENT_3D('',#10220,#8248,#8249);
#6916=AXIS2_PLACEMENT_3D('',#10222,#8251,#8252);
#6917=AXIS2_PLACEMENT_3D('',#10224,#8254,#8255);
#6918=AXIS2_PLACEMENT_3D('',#10225,#8256,#8257);
#6919=AXIS2_PLACEMENT_3D('',#10226,#8258,#8259);
#6920=AXIS2_PLACEMENT_3D('',#10227,#8260,#8261);
#6921=AXIS2_PLACEMENT_3D('',#10228,#8262,#8263);
#6922=AXIS2_PLACEMENT_3D('',#10229,#8264,#8265);
#6923=AXIS2_PLACEMENT_3D('',#10233,#8268,#8269);
#6924=AXIS2_PLACEMENT_3D('',#10237,#8272,#8273);
#6925=AXIS2_PLACEMENT_3D('',#10239,#8275,#8276);
#6926=AXIS2_PLACEMENT_3D('',#10240,#8277,#8278);
#6927=AXIS2_PLACEMENT_3D('',#10241,#8279,#8280);
#6928=AXIS2_PLACEMENT_3D('',#10242,#8281,#8282);
#6929=AXIS2_PLACEMENT_3D('',#10243,#8283,#8284);
#6930=AXIS2_PLACEMENT_3D('',#10244,#8285,#8286);
#6931=AXIS2_PLACEMENT_3D('',#10245,#8287,#8288);
#6932=AXIS2_PLACEMENT_3D('',#10246,#8289,#8290);
#6933=AXIS2_PLACEMENT_3D('',#10247,#8291,#8292);
#6934=AXIS2_PLACEMENT_3D('',#10248,#8293,#8294);
#6935=AXIS2_PLACEMENT_3D('',#10249,#8295,#8296);
#6936=AXIS2_PLACEMENT_3D('',#10250,#8297,#8298);
#6937=AXIS2_PLACEMENT_3D('',#10251,#8299,#8300);
#6938=AXIS2_PLACEMENT_3D('',#10252,#8301,#8302);
#6939=AXIS2_PLACEMENT_3D('',#10253,#8303,#8304);
#6940=AXIS2_PLACEMENT_3D('',#10254,#8305,#8306);
#6941=AXIS2_PLACEMENT_3D('',#10255,#8307,#8308);
#6942=AXIS2_PLACEMENT_3D('',#10256,#8309,#8310);
#6943=AXIS2_PLACEMENT_3D('',#10257,#8311,#8312);
#6944=AXIS2_PLACEMENT_3D('',#10258,#8313,#8314);
#6945=AXIS2_PLACEMENT_3D('',#10259,#8315,#8316);
#6946=AXIS2_PLACEMENT_3D('',#10260,#8317,#8318);
#6947=AXIS2_PLACEMENT_3D('',#10261,#8319,#8320);
#6948=AXIS2_PLACEMENT_3D('',#10262,#8321,#8322);
#6949=AXIS2_PLACEMENT_3D('',#10263,#8323,#8324);
#6950=AXIS2_PLACEMENT_3D('',#10264,#8325,#8326);
#6951=AXIS2_PLACEMENT_3D('',#10265,#8327,#8328);
#6952=AXIS2_PLACEMENT_3D('',#10266,#8329,#8330);
#6953=AXIS2_PLACEMENT_3D('',#10267,#8331,#8332);
#6954=AXIS2_PLACEMENT_3D('',#10268,#8333,#8334);
#6955=AXIS2_PLACEMENT_3D('',#10269,#8335,#8336);
#6956=AXIS2_PLACEMENT_3D('',#10270,#8337,#8338);
#6957=AXIS2_PLACEMENT_3D('',#10271,#8339,#8340);
#6958=AXIS2_PLACEMENT_3D('',#10272,#8341,#8342);
#6959=AXIS2_PLACEMENT_3D('',#10273,#8343,#8344);
#6960=AXIS2_PLACEMENT_3D('',#10283,#8349,#8350);
#6961=AXIS2_PLACEMENT_3D('',#10292,#8355,#8356);
#6962=AXIS2_PLACEMENT_3D('',#10309,#8365,#8366);
#6963=AXIS2_PLACEMENT_3D('',#10326,#8375,#8376);
#6964=AXIS2_PLACEMENT_3D('',#10343,#8385,#8386);
#6965=AXIS2_PLACEMENT_3D('',#10344,#8387,#8388);
#6966=AXIS2_PLACEMENT_3D('',#10373,#8403,#8404);
#6967=AXIS2_PLACEMENT_3D('',#10397,#8406,#8407);
#6968=AXIS2_PLACEMENT_3D('',#10410,#8412,#8413);
#6969=AXIS2_PLACEMENT_3D('',#10411,#8414,#8415);
#6970=AXIS2_PLACEMENT_3D('',#10417,#8419,#8420);
#6971=AXIS2_PLACEMENT_3D('',#10418,#8421,#8422);
#6972=AXIS2_PLACEMENT_3D('',#10422,#8425,#8426);
#6973=AXIS2_PLACEMENT_3D('',#10438,#8432,#8433);
#6974=AXIS2_PLACEMENT_3D('',#10439,#8434,#8435);
#6975=AXIS2_PLACEMENT_3D('',#10445,#8439,#8440);
#6976=AXIS2_PLACEMENT_3D('',#10450,#8444,#8445);
#6977=AXIS2_PLACEMENT_3D('',#10466,#8451,#8452);
#6978=AXIS2_PLACEMENT_3D('',#10473,#8457,#8458);
#6979=AXIS2_PLACEMENT_3D('',#10474,#8459,#8460);
#6980=AXIS2_PLACEMENT_3D('',#10478,#8463,#8464);
#6981=AXIS2_PLACEMENT_3D('',#10491,#8469,#8470);
#6982=AXIS2_PLACEMENT_3D('',#10492,#8471,#8472);
#6983=AXIS2_PLACEMENT_3D('',#10498,#8476,#8477);
#6984=AXIS2_PLACEMENT_3D('',#10499,#8478,#8479);
#6985=AXIS2_PLACEMENT_3D('',#10503,#8482,#8483);
#6986=AXIS2_PLACEMENT_3D('',#10516,#8492,#8493);
#6987=AXIS2_PLACEMENT_3D('',#10517,#8494,#8495);
#6988=AXIS2_PLACEMENT_3D('',#10518,#8496,#8497);
#6989=AXIS2_PLACEMENT_3D('',#10519,#8498,#8499);
#6990=AXIS2_PLACEMENT_3D('',#10520,#8500,#8501);
#6991=AXIS2_PLACEMENT_3D('',#10521,#8502,#8503);
#6992=AXIS2_PLACEMENT_3D('',#10522,#8504,#8505);
#6993=AXIS2_PLACEMENT_3D('',#10523,#8506,#8507);
#6994=AXIS2_PLACEMENT_3D('',#10525,#8509,#8510);
#6995=AXIS2_PLACEMENT_3D('',#10527,#8512,#8513);
#6996=AXIS2_PLACEMENT_3D('',#10528,#8514,#8515);
#6997=AXIS2_PLACEMENT_3D('',#10531,#8517,#8518);
#6998=AXIS2_PLACEMENT_3D('',#10533,#8520,#8521);
#6999=AXIS2_PLACEMENT_3D('',#10539,#8525,#8526);
#7000=AXIS2_PLACEMENT_3D('',#10543,#8529,#8530);
#7001=AXIS2_PLACEMENT_3D('',#10547,#8533,#8534);
#7002=AXIS2_PLACEMENT_3D('',#10548,#8535,#8536);
#7003=AXIS2_PLACEMENT_3D('',#10549,#8537,#8538);
#7004=AXIS2_PLACEMENT_3D('',#10550,#8539,#8540);
#7005=AXIS2_PLACEMENT_3D('',#10554,#8543,#8544);
#7006=AXIS2_PLACEMENT_3D('',#10556,#8546,#8547);
#7007=AXIS2_PLACEMENT_3D('',#10557,#8548,#8549);
#7008=AXIS2_PLACEMENT_3D('',#10561,#8552,#8553);
#7009=AXIS2_PLACEMENT_3D('',#10563,#8555,#8556);
#7010=AXIS2_PLACEMENT_3D('',#10564,#8557,#8558);
#7011=AXIS2_PLACEMENT_3D('',#10568,#8561,#8562);
#7012=AXIS2_PLACEMENT_3D('',#10570,#8564,#8565);
#7013=AXIS2_PLACEMENT_3D('',#10571,#8566,#8567);
#7014=AXIS2_PLACEMENT_3D('',#10575,#8570,#8571);
#7015=AXIS2_PLACEMENT_3D('',#10577,#8573,#8574);
#7016=AXIS2_PLACEMENT_3D('',#10578,#8575,#8576);
#7017=AXIS2_PLACEMENT_3D('',#10579,#8577,#8578);
#7018=AXIS2_PLACEMENT_3D('',#10580,#8579,#8580);
#7019=AXIS2_PLACEMENT_3D('',#10585,#8582,#8583);
#7020=AXIS2_PLACEMENT_3D('',#10588,#8585,#8586);
#7021=AXIS2_PLACEMENT_3D('',#10589,#8587,#8588);
#7022=AXIS2_PLACEMENT_3D('',#10594,#8590,#8591);
#7023=AXIS2_PLACEMENT_3D('',#10597,#8593,#8594);
#7024=AXIS2_PLACEMENT_3D('',#10606,#8599,#8600);
#7025=AXIS2_PLACEMENT_3D('',#10607,#8601,#8602);
#7026=AXIS2_PLACEMENT_3D('',#10614,#8606,#8607);
#7027=AXIS2_PLACEMENT_3D('',#10617,#8609,#8610);
#7028=AXIS2_PLACEMENT_3D('',#10618,#8611,#8612);
#7029=AXIS2_PLACEMENT_3D('',#10620,#8613,#8614);
#7030=AXIS2_PLACEMENT_3D('',#10624,#8616,#8617);
#7031=AXIS2_PLACEMENT_3D('',#10631,#8621,#8622);
#7032=AXIS2_PLACEMENT_3D('',#10635,#8624,#8625);
#7033=AXIS2_PLACEMENT_3D('',#10643,#8630,#8631);
#7034=AXIS2_PLACEMENT_3D('',#10644,#8632,#8633);
#7035=AXIS2_PLACEMENT_3D('',#10653,#8638,#8639);
#7036=AXIS2_PLACEMENT_3D('',#10654,#8640,#8641);
#7037=AXIS2_PLACEMENT_3D('',#10656,#8642,#8643);
#7038=AXIS2_PLACEMENT_3D('',#10660,#8645,#8646);
#7039=AXIS2_PLACEMENT_3D('',#10667,#8650,#8651);
#7040=AXIS2_PLACEMENT_3D('',#10673,#8655,#8656);
#7041=AXIS2_PLACEMENT_3D('',#10674,#8657,#8658);
#7042=AXIS2_PLACEMENT_3D('',#10678,#8661,#8662);
#7043=AXIS2_PLACEMENT_3D('',#10681,#8664,#8665);
#7044=AXIS2_PLACEMENT_3D('',#10684,#8668,#8669);
#7045=AXIS2_PLACEMENT_3D('',#10688,#8671,#8672);
#7046=AXIS2_PLACEMENT_3D('',#10692,#8674,#8675);
#7047=AXIS2_PLACEMENT_3D('',#10697,#8679,#8680);
#7048=AXIS2_PLACEMENT_3D('',#10707,#8686,#8687);
#7049=AXIS2_PLACEMENT_3D('',#10714,#8692,#8693);
#7050=AXIS2_PLACEMENT_3D('',#10720,#8697,#8698);
#7051=AXIS2_PLACEMENT_3D('',#10723,#8701,#8702);
#7052=AXIS2_PLACEMENT_3D('',#10724,#8703,#8704);
#7053=AXIS2_PLACEMENT_3D('',#10725,#8705,#8706);
#7054=AXIS2_PLACEMENT_3D('',#10728,#8708,#8709);
#7055=AXIS2_PLACEMENT_3D('',#10729,#8710,#8711);
#7056=AXIS2_PLACEMENT_3D('',#10732,#8713,#8714);
#7057=AXIS2_PLACEMENT_3D('',#10733,#8715,#8716);
#7058=AXIS2_PLACEMENT_3D('',#10734,#8717,#8718);
#7059=AXIS2_PLACEMENT_3D('',#10735,#8719,#8720);
#7060=AXIS2_PLACEMENT_3D('',#10740,#8723,#8724);
#7061=AXIS2_PLACEMENT_3D('',#10745,#8727,#8728);
#7062=AXIS2_PLACEMENT_3D('',#10751,#8732,#8733);
#7063=AXIS2_PLACEMENT_3D('',#10757,#8737,#8738);
#7064=AXIS2_PLACEMENT_3D('',#10758,#8739,#8740);
#7065=AXIS2_PLACEMENT_3D('',#10764,#8744,#8745);
#7066=AXIS2_PLACEMENT_3D('',#10765,#8746,#8747);
#7067=AXIS2_PLACEMENT_3D('',#10766,#8748,#8749);
#7068=AXIS2_PLACEMENT_3D('',#10768,#8751,#8752);
#7069=AXIS2_PLACEMENT_3D('',#10769,#8753,#8754);
#7070=AXIS2_PLACEMENT_3D('',#10778,#8759,#8760);
#7071=AXIS2_PLACEMENT_3D('',#10779,#8761,#8762);
#7072=AXIS2_PLACEMENT_3D('',#10785,#8766,#8767);
#7073=AXIS2_PLACEMENT_3D('',#10790,#8770,#8771);
#7074=AXIS2_PLACEMENT_3D('',#10795,#8774,#8775);
#7075=AXIS2_PLACEMENT_3D('',#10798,#8778,#8779);
#7076=AXIS2_PLACEMENT_3D('',#10799,#8780,#8781);
#7077=AXIS2_PLACEMENT_3D('',#10801,#8783,#8784);
#7078=AXIS2_PLACEMENT_3D('',#10802,#8785,#8786);
#7079=AXIS2_PLACEMENT_3D('',#10803,#8787,#8788);
#7080=AXIS2_PLACEMENT_3D('',#10804,#8789,#8790);
#7081=AXIS2_PLACEMENT_3D('',#10805,#8791,#8792);
#7082=AXIS2_PLACEMENT_3D('',#10806,#8793,#8794);
#7083=AXIS2_PLACEMENT_3D('',#10807,#8795,#8796);
#7084=AXIS2_PLACEMENT_3D('',#10808,#8797,#8798);
#7085=AXIS2_PLACEMENT_3D('',#10809,#8799,#8800);
#7086=DIRECTION('',(0.,0.,1.));
#7087=DIRECTION('',(1.,0.,0.));
#7088=DIRECTION('',(1.,0.,1.11200222819026E-16));
#7089=DIRECTION('',(1.11200222819026E-16,0.,-1.));
#7090=DIRECTION('',(1.,0.,1.11200222819026E-16));
#7091=DIRECTION('',(1.11200222819026E-16,0.,-1.));
#7092=DIRECTION('',(1.,0.,1.11200222819026E-16));
#7093=DIRECTION('',(1.,0.,1.11200222819026E-16));
#7094=DIRECTION('',(1.11200222819026E-16,0.,-1.));
#7095=DIRECTION('',(1.,0.,0.));
#7096=DIRECTION('',(-1.,0.,1.11200222819026E-16));
#7097=DIRECTION('',(1.11200222819026E-16,0.,1.));
#7098=DIRECTION('',(-1.,0.,1.11200222819026E-16));
#7099=DIRECTION('',(1.11200222819026E-16,0.,1.));
#7100=DIRECTION('',(-1.,0.,1.11200222819026E-16));
#7101=DIRECTION('',(-1.,0.,1.11200222819026E-16));
#7102=DIRECTION('',(1.11200222819026E-16,0.,1.));
#7103=DIRECTION('',(1.,0.,0.));
#7104=DIRECTION('',(0.,1.,0.));
#7105=DIRECTION('',(1.,0.,0.));
#7106=DIRECTION('',(0.,0.,-1.));
#7107=DIRECTION('',(1.,0.,0.));
#7108=DIRECTION('',(0.,0.,-1.));
#7109=DIRECTION('',(1.,0.,0.));
#7110=DIRECTION('',(1.,0.,-1.7347234759768E-16));
#7111=DIRECTION('',(-1.7347234759768E-16,0.,-1.));
#7112=DIRECTION('',(1.,0.,-6.21157494653154E-17));
#7113=DIRECTION('',(-6.21157494653154E-17,0.,-1.));
#7114=DIRECTION('',(0.,1.,0.));
#7115=DIRECTION('',(0.,0.,-1.));
#7116=DIRECTION('',(0.,1.,0.));
#7117=DIRECTION('',(-1.,0.,0.));
#7118=DIRECTION('',(0.,1.,0.));
#7119=DIRECTION('',(-1.7347234759768E-16,0.,-1.));
#7120=DIRECTION('',(-1.,0.,-1.7347234759768E-16));
#7121=DIRECTION('',(-1.7347234759768E-16,0.,1.));
#7122=DIRECTION('',(1.,0.,-6.21157494653154E-17));
#7123=DIRECTION('',(-6.21157494653154E-17,0.,-1.));
#7124=DIRECTION('',(1.,0.,1.11200222819026E-16));
#7125=DIRECTION('',(1.11200222819026E-16,0.,-1.));
#7126=DIRECTION('',(-1.7347234759768E-16,0.,1.));
#7127=DIRECTION('',(-1.,0.,0.));
#7128=DIRECTION('',(0.,1.,0.));
#7129=DIRECTION('',(0.,-1.,0.));
#7130=DIRECTION('',(0.,0.,-1.));
#7131=DIRECTION('',(0.,1.,0.));
#7132=DIRECTION('',(0.,1.,0.));
#7133=DIRECTION('',(1.,0.,0.));
#7134=DIRECTION('',(1.,0.,-4.51750905202293E-17));
#7135=DIRECTION('',(0.,-1.,0.));
#7136=DIRECTION('',(-1.,0.,0.));
#7137=DIRECTION('',(0.,0.,-1.));
#7138=DIRECTION('',(1.,0.,0.));
#7139=DIRECTION('',(1.,0.,0.));
#7140=DIRECTION('',(1.80700362080917E-16,0.,1.));
#7141=DIRECTION('',(0.,1.,0.));
#7142=DIRECTION('',(1.,0.,0.));
#7143=DIRECTION('',(0.,1.,0.));
#7144=DIRECTION('',(1.,0.,0.));
#7145=DIRECTION('',(0.,0.,-1.));
#7146=DIRECTION('',(1.,0.,0.));
#7147=DIRECTION('',(0.,0.,-1.));
#7148=DIRECTION('',(1.,0.,-1.11200222819026E-16));
#7149=DIRECTION('',(1.,0.,-1.7347234759768E-16));
#7150=DIRECTION('',(-1.7347234759768E-16,0.,-1.));
#7151=DIRECTION('',(1.,0.,-6.21157494653154E-17));
#7152=DIRECTION('',(-6.21157494653154E-17,0.,-1.));
#7153=DIRECTION('',(-1.,0.,1.11200222819026E-16));
#7154=DIRECTION('',(1.11200222819026E-16,0.,1.));
#7155=DIRECTION('',(-1.7347234759768E-16,0.,-1.));
#7156=DIRECTION('',(1.,0.,0.));
#7157=DIRECTION('',(0.,-1.,0.));
#7158=DIRECTION('',(0.,1.,0.));
#7159=DIRECTION('',(0.,0.,-1.));
#7160=DIRECTION('',(0.,1.,0.));
#7161=DIRECTION('',(0.,0.,-1.));
#7162=DIRECTION('',(0.,1.,0.));
#7163=DIRECTION('',(1.,0.,0.));
#7164=DIRECTION('',(0.,1.,0.));
#7165=DIRECTION('',(1.,0.,0.));
#7166=DIRECTION('',(-1.,0.,-1.7347234759768E-16));
#7167=DIRECTION('',(-1.7347234759768E-16,0.,1.));
#7168=DIRECTION('',(1.,0.,-6.21157494653154E-17));
#7169=DIRECTION('',(-6.21157494653154E-17,0.,-1.));
#7170=DIRECTION('',(0.,1.,0.));
#7171=DIRECTION('',(0.,0.,-1.));
#7172=DIRECTION('',(1.,0.,0.));
#7173=DIRECTION('',(0.,-1.,0.));
#7174=DIRECTION('',(-1.7347234759768E-16,0.,1.));
#7175=DIRECTION('',(0.,0.,1.));
#7176=DIRECTION('',(0.,-1.,0.));
#7177=DIRECTION('',(1.,0.,0.));
#7178=DIRECTION('',(1.,0.,0.));
#7179=DIRECTION('',(0.,1.,0.));
#7180=DIRECTION('',(1.,0.,0.));
#7181=DIRECTION('',(3.61400724161835E-16,0.,1.));
#7182=DIRECTION('',(0.,1.,0.));
#7183=DIRECTION('',(1.,0.,0.));
#7184=DIRECTION('',(1.,0.,0.));
#7185=DIRECTION('',(0.,-1.,0.));
#7186=DIRECTION('',(-1.,0.,0.));
#7187=DIRECTION('',(0.,0.,-1.));
#7188=DIRECTION('',(1.,0.,0.));
#7189=DIRECTION('',(1.,0.,0.));
#7190=DIRECTION('',(0.,0.,-1.));
#7191=DIRECTION('',(0.,1.,0.));
#7192=DIRECTION('',(1.,0.,0.));
#7193=DIRECTION('',(0.,1.,0.));
#7194=DIRECTION('',(1.,0.,0.));
#7195=DIRECTION('',(1.,0.,0.));
#7196=DIRECTION('',(0.,1.,0.));
#7197=DIRECTION('',(0.,1.,0.));
#7198=DIRECTION('',(1.,0.,0.));
#7199=DIRECTION('',(0.,0.,-1.));
#7200=DIRECTION('',(1.,0.,0.));
#7201=DIRECTION('',(1.,0.,0.));
#7202=DIRECTION('',(0.,0.,-1.));
#7203=DIRECTION('',(1.11200222819026E-16,0.,1.));
#7204=DIRECTION('',(1.,0.,-1.11200222819026E-16));
#7205=DIRECTION('',(0.,1.,0.));
#7206=DIRECTION('',(1.,0.,0.));
#7207=DIRECTION('',(0.,1.,0.));
#7208=DIRECTION('',(0.,1.,0.));
#7209=DIRECTION('',(1.,0.,0.));
#7210=DIRECTION('',(8.67361737988404E-17,0.,1.));
#7211=DIRECTION('',(-1.7347234759768E-16,0.,-1.));
#7212=DIRECTION('',(-1.,0.,8.67361737988404E-17));
#7213=DIRECTION('',(8.67361737988404E-17,0.,1.));
#7214=DIRECTION('',(1.,0.,-1.7347234759768E-16));
#7215=DIRECTION('',(-1.7347234759768E-16,0.,-1.));
#7216=DIRECTION('',(-1.,0.,1.11200222819026E-16));
#7217=DIRECTION('',(1.11200222819026E-16,0.,1.));
#7218=DIRECTION('',(-1.,0.,1.11200222819026E-16));
#7219=DIRECTION('',(-1.,0.,1.11200222819026E-16));
#7220=DIRECTION('',(1.11200222819026E-16,0.,1.));
#7221=DIRECTION('',(1.,0.,1.11200222819026E-16));
#7222=DIRECTION('',(1.11200222819026E-16,0.,-1.));
#7223=DIRECTION('',(1.,0.,1.11200222819026E-16));
#7224=DIRECTION('',(1.,0.,1.11200222819026E-16));
#7225=DIRECTION('',(1.11200222819026E-16,0.,-1.));
#7226=DIRECTION('',(1.,0.,0.));
#7227=DIRECTION('',(0.,-1.,0.));
#7228=DIRECTION('',(-1.,0.,0.));
#7229=DIRECTION('',(0.,1.,0.));
#7230=DIRECTION('',(-1.,0.,3.61400724161835E-16));
#7231=DIRECTION('',(3.61400724161835E-16,0.,1.));
#7232=DIRECTION('',(0.,0.,-1.));
#7233=DIRECTION('',(0.,1.,0.));
#7234=DIRECTION('',(1.,0.,-6.21157494653154E-17));
#7235=DIRECTION('',(-6.21157494653154E-17,0.,-1.));
#7236=DIRECTION('',(0.,1.,0.));
#7237=DIRECTION('',(0.,-0.707106781186548,0.707106781186548));
#7238=DIRECTION('',(6.21157494653154E-17,0.,1.));
#7239=DIRECTION('',(1.,0.,-6.21157494653154E-17));
#7240=DIRECTION('',(1.,0.,-6.21157494653154E-17));
#7241=DIRECTION('',(0.,1.,0.));
#7242=DIRECTION('',(1.,0.,-6.21157494653154E-17));
#7243=DIRECTION('',(-1.,0.,-1.80700362080917E-16));
#7244=DIRECTION('',(-1.80700362080917E-16,0.,1.));
#7245=DIRECTION('',(0.,1.,0.));
#7246=DIRECTION('',(-1.80700362080917E-16,0.,1.));
#7247=DIRECTION('',(0.,0.707106781186548,-0.707106781186547));
#7248=DIRECTION('',(1.,0.,-6.21157494653154E-17));
#7249=DIRECTION('',(-6.21157494653154E-17,0.,-1.));
#7250=DIRECTION('',(4.51750905202294E-17,0.,1.));
#7251=DIRECTION('',(1.,0.,-4.51750905202294E-17));
#7252=DIRECTION('',(1.,0.,-4.51750905202294E-17));
#7253=DIRECTION('',(0.,1.,0.));
#7254=DIRECTION('',(0.,1.,0.));
#7255=DIRECTION('',(0.,-1.,0.));
#7256=DIRECTION('',(-1.,0.,0.));
#7257=DIRECTION('',(0.,-1.,0.));
#7258=DIRECTION('',(-1.,0.,0.));
#7259=DIRECTION('',(0.,1.,0.));
#7260=DIRECTION('',(1.,0.,0.));
#7261=DIRECTION('',(-1.,0.,0.));
#7262=DIRECTION('',(4.39224676654091E-17,0.707106781186548,0.707106781186547));
#7263=DIRECTION('',(-1.,1.23259516440783E-32,6.21157494653154E-17));
#7264=DIRECTION('',(-1.,0.,0.));
#7265=DIRECTION('',(0.,1.,0.));
#7266=DIRECTION('',(0.,1.,0.));
#7267=DIRECTION('',(0.,0.,-1.));
#7268=DIRECTION('',(0.,0.707106781186549,0.707106781186546));
#7269=DIRECTION('',(0.,1.,0.));
#7270=DIRECTION('',(1.,0.,-6.21157494653154E-17));
#7271=DIRECTION('',(-6.21157494653154E-17,0.,-1.));
#7272=DIRECTION('',(4.51750905202293E-17,0.,1.));
#7273=DIRECTION('',(1.,0.,-4.51750905202293E-17));
#7274=DIRECTION('',(0.,1.,0.));
#7275=DIRECTION('',(-1.,0.,0.));
#7276=DIRECTION('',(0.,1.,0.));
#7277=DIRECTION('',(-1.,0.,1.80700362080917E-16));
#7278=DIRECTION('',(1.80700362080917E-16,0.,1.));
#7279=DIRECTION('',(0.,0.,-1.));
#7280=DIRECTION('',(0.,1.,0.));
#7281=DIRECTION('',(1.,0.,-6.21157494653154E-17));
#7282=DIRECTION('',(-6.21157494653154E-17,0.,-1.));
#7283=DIRECTION('',(0.,1.,0.));
#7284=DIRECTION('',(0.,-0.707106781186549,-0.707106781186546));
#7285=DIRECTION('',(-6.21157494653154E-17,0.,-1.));
#7286=DIRECTION('',(-1.,0.,6.21157494653154E-17));
#7287=DIRECTION('',(-1.,0.,6.21157494653154E-17));
#7288=DIRECTION('',(-1.,0.,6.21157494653154E-17));
#7289=DIRECTION('',(0.,-1.,0.));
#7290=DIRECTION('',(-1.,0.,0.));
#7291=DIRECTION('',(0.,1.,0.));
#7292=DIRECTION('',(1.,0.,0.));
#7293=DIRECTION('',(-1.,0.,0.));
#7294=DIRECTION('',(0.,-1.,0.));
#7295=DIRECTION('',(-1.,0.,0.));
#7296=DIRECTION('',(4.39224676654092E-17,-0.707106781186546,0.707106781186549));
#7297=DIRECTION('',(1.,0.,-6.21157494653154E-17));
#7298=DIRECTION('',(1.,0.,-6.21157494653154E-17));
#7299=DIRECTION('',(-6.21157494653154E-17,0.,-1.));
#7300=DIRECTION('',(1.,0.,-6.21157494653154E-17));
#7301=DIRECTION('',(-6.21157494653154E-17,0.,-1.));
#7302=DIRECTION('',(0.,1.,0.));
#7303=DIRECTION('',(1.,0.,0.));
#7304=DIRECTION('',(0.,-1.,0.));
#7305=DIRECTION('',(-1.,0.,0.));
#7306=DIRECTION('',(0.,1.,0.));
#7307=DIRECTION('',(1.,0.,0.));
#7308=DIRECTION('',(0.,-1.,0.));
#7309=DIRECTION('',(-1.,0.,0.));
#7310=DIRECTION('',(0.,0.,1.));
#7311=DIRECTION('',(-1.,0.,0.));
#7312=DIRECTION('',(0.,0.,1.));
#7313=DIRECTION('',(1.,0.,0.));
#7314=DIRECTION('',(1.,0.,0.));
#7315=DIRECTION('',(0.,1.,0.));
#7316=DIRECTION('',(1.,0.,0.));
#7317=DIRECTION('',(0.,1.,0.));
#7318=DIRECTION('',(1.,0.,0.));
#7319=DIRECTION('',(0.,1.,0.));
#7320=DIRECTION('',(0.,0.,1.));
#7321=DIRECTION('',(1.,0.,0.));
#7322=DIRECTION('',(0.,1.,0.));
#7323=DIRECTION('',(1.,0.,0.));
#7324=DIRECTION('',(0.,1.,0.));
#7325=DIRECTION('',(1.,0.,0.));
#7326=DIRECTION('',(0.,1.,0.));
#7327=DIRECTION('',(1.,0.,0.));
#7328=DIRECTION('',(-0.766044443118977,0.64278760968654,0.));
#7329=DIRECTION('',(-0.64278760968654,-0.766044443118977,0.));
#7330=DIRECTION('',(0.,0.,1.));
#7331=DIRECTION('',(-0.540716203060938,-0.644400477571771,0.540716203060938));
#7332=DIRECTION('',(0.,0.,1.));
#7333=DIRECTION('',(-0.540716203060937,-0.64440047757177,-0.540716203060938));
#7334=DIRECTION('',(0.,0.64278760968654,0.766044443118977));
#7335=DIRECTION('',(0.,-0.766044443118977,0.64278760968654));
#7336=DIRECTION('',(1.,0.,0.));
#7337=DIRECTION('',(0.540716203060938,-0.644400477571771,0.540716203060938));
#7338=DIRECTION('',(1.,0.,0.));
#7339=DIRECTION('',(0.766044443118977,0.64278760968654,0.));
#7340=DIRECTION('',(-0.64278760968654,0.766044443118977,0.));
#7341=DIRECTION('',(0.,0.,1.));
#7342=DIRECTION('',(0.540716203060938,-0.64440047757177,-0.540716203060937));
#7343=DIRECTION('',(0.,0.,1.));
#7344=DIRECTION('',(0.,0.64278760968654,-0.766044443118977));
#7345=DIRECTION('',(0.,0.766044443118977,0.64278760968654));
#7346=DIRECTION('',(1.,0.,0.));
#7347=DIRECTION('',(1.,0.,0.));
#7348=DIRECTION('',(0.,1.,0.));
#7349=DIRECTION('',(0.,0.,1.));
#7350=DIRECTION('',(-1.13794639647216E-16,0.,-1.));
#7351=DIRECTION('',(1.,0.,0.));
#7352=DIRECTION('',(-1.13794639647216E-16,0.,1.));
#7353=DIRECTION('',(1.,0.,0.));
#7354=DIRECTION('',(0.,0.,1.));
#7355=DIRECTION('',(0.707106781186549,0.,0.707106781186546));
#7356=DIRECTION('',(0.,0.,1.));
#7357=DIRECTION('',(-0.707106781186549,0.,0.707106781186546));
#7358=DIRECTION('',(-1.,0.,0.));
#7359=DIRECTION('',(0.,0.,-1.));
#7360=DIRECTION('',(-1.,0.,0.));
#7361=DIRECTION('',(1.13794639647216E-16,0.,1.));
#7362=DIRECTION('',(-1.,0.,0.));
#7363=DIRECTION('',(1.13794639647216E-16,0.,-1.));
#7364=DIRECTION('',(-1.,0.,0.));
#7365=DIRECTION('',(0.,0.,1.));
#7366=DIRECTION('',(-1.,0.,0.));
#7367=DIRECTION('',(-0.707106781186548,0.,-0.707106781186547));
#7368=DIRECTION('',(0.,0.,-1.));
#7369=DIRECTION('',(0.707106781186548,0.,-0.707106781186547));
#7370=DIRECTION('',(0.,0.,-1.));
#7371=DIRECTION('',(1.,0.,0.));
#7372=DIRECTION('',(0.,1.,0.));
#7373=DIRECTION('',(0.,0.,1.));
#7374=DIRECTION('',(1.,0.,-1.13794639647216E-16));
#7375=DIRECTION('',(-1.13794639647216E-16,0.,-1.));
#7376=DIRECTION('',(0.,1.,0.));
#7377=DIRECTION('',(-1.13794639647216E-16,0.,-1.));
#7378=DIRECTION('',(1.27774451390281E-16,0.707106781186546,0.707106781186549));
#7379=DIRECTION('',(0.,0.,-1.));
#7380=DIRECTION('',(0.,1.,0.));
#7381=DIRECTION('',(1.,0.,0.));
#7382=DIRECTION('',(0.,0.,-1.));
#7383=DIRECTION('',(0.,0.,-1.));
#7384=DIRECTION('',(0.,1.,0.));
#7385=DIRECTION('',(0.,1.,0.));
#7386=DIRECTION('',(0.,0.,-1.));
#7387=DIRECTION('',(-1.,0.,0.));
#7388=DIRECTION('',(0.,1.,0.));
#7389=DIRECTION('',(1.,0.,0.));
#7390=DIRECTION('',(0.,1.,0.));
#7391=DIRECTION('',(-1.,0.,0.));
#7392=DIRECTION('',(0.,1.,0.));
#7393=DIRECTION('',(1.,0.,1.13794639647216E-16));
#7394=DIRECTION('',(1.13794639647216E-16,0.,-1.));
#7395=DIRECTION('',(0.,1.,0.));
#7396=DIRECTION('',(0.,0.,-1.));
#7397=DIRECTION('',(-1.27774451390281E-16,-0.707106781186546,0.707106781186549));
#7398=DIRECTION('',(0.,0.,1.));
#7399=DIRECTION('',(0.,1.,0.));
#7400=DIRECTION('',(0.,0.,-1.));
#7401=DIRECTION('',(-1.,0.,0.));
#7402=DIRECTION('',(0.,1.,0.));
#7403=DIRECTION('',(1.,0.,0.));
#7404=DIRECTION('',(-1.,0.,1.13794639647216E-16));
#7405=DIRECTION('',(1.13794639647216E-16,0.,1.));
#7406=DIRECTION('',(0.,1.,0.));
#7407=DIRECTION('',(1.13794639647216E-16,0.,1.));
#7408=DIRECTION('',(0.,1.,0.));
#7409=DIRECTION('',(-1.27774451390281E-16,0.707106781186547,-0.707106781186548));
#7410=DIRECTION('',(0.,0.,-1.));
#7411=DIRECTION('',(0.,0.,-1.));
#7412=DIRECTION('',(-1.,0.,0.));
#7413=DIRECTION('',(1.,0.,0.));
#7414=DIRECTION('',(0.,1.,0.));
#7415=DIRECTION('',(0.,1.,0.));
#7416=DIRECTION('',(-1.,0.,0.));
#7417=DIRECTION('',(-1.,0.,0.));
#7418=DIRECTION('',(0.,0.,1.));
#7419=DIRECTION('',(0.,1.,0.));
#7420=DIRECTION('',(0.,0.,1.));
#7421=DIRECTION('',(0.,1.,0.));
#7422=DIRECTION('',(-1.,0.,-1.13794639647216E-16));
#7423=DIRECTION('',(-1.13794639647216E-16,0.,1.));
#7424=DIRECTION('',(0.,1.,0.));
#7425=DIRECTION('',(0.,0.,-1.));
#7426=DIRECTION('',(1.27774451390281E-16,-0.707106781186547,-0.707106781186548));
#7427=DIRECTION('',(0.,0.,-1.));
#7428=DIRECTION('',(0.,1.,0.));
#7429=DIRECTION('',(0.,0.,1.));
#7430=DIRECTION('',(1.,0.,0.));
#7431=DIRECTION('',(1.,0.,0.));
#7432=DIRECTION('',(0.,-1.,0.));
#7433=DIRECTION('',(0.,0.,-1.));
#7434=DIRECTION('',(1.,0.,0.));
#7435=DIRECTION('',(0.,0.,-1.));
#7436=DIRECTION('',(1.,0.,0.));
#7437=DIRECTION('',(1.,0.,0.));
#7438=DIRECTION('',(0.,0.,-1.));
#7439=DIRECTION('',(1.,0.,0.));
#7440=DIRECTION('',(0.,-0.707106781186549,-0.707106781186547));
#7441=DIRECTION('',(1.,0.,0.));
#7442=DIRECTION('',(2.77555756156289E-17,-0.707106781186547,0.707106781186549));
#7443=DIRECTION('',(0.707106781186548,0.,-0.707106781186548));
#7444=DIRECTION('',(0.,-1.,0.));
#7445=DIRECTION('',(0.707106781186548,0.,0.707106781186547));
#7446=DIRECTION('',(-0.577350269189625,0.577350269189627,0.577350269189625));
#7447=DIRECTION('',(2.77555756156289E-17,-0.707106781186547,0.707106781186549));
#7448=DIRECTION('',(-0.707106781186549,-0.707106781186547,0.));
#7449=DIRECTION('',(0.707106781186547,-0.707106781186549,0.));
#7450=DIRECTION('',(0.,0.,1.));
#7451=DIRECTION('',(0.707106781186549,0.707106781186546,-3.83323354170843E-16));
#7452=DIRECTION('',(0.707106781186548,0.,0.707106781186548));
#7453=DIRECTION('',(0.,-1.,0.));
#7454=DIRECTION('',(-0.707106781186548,0.,0.707106781186547));
#7455=DIRECTION('',(-0.577350269189625,0.577350269189627,-0.577350269189625));
#7456=DIRECTION('',(-2.77555756156289E-17,0.707106781186547,0.707106781186549));
#7457=DIRECTION('',(0.,-0.707106781186547,-0.707106781186549));
#7458=DIRECTION('',(0.,-0.707106781186549,0.707106781186547));
#7459=DIRECTION('',(-1.,0.,0.));
#7460=DIRECTION('',(-0.707106781186547,0.,-0.707106781186549));
#7461=DIRECTION('',(0.,-1.,0.));
#7462=DIRECTION('',(0.707106781186549,4.088782444489E-15,-0.707106781186547));
#7463=DIRECTION('',(0.,-0.707106781186548,-0.707106781186548));
#7464=DIRECTION('',(1.,0.,0.));
#7465=DIRECTION('',(0.,-0.707106781186548,0.707106781186548));
#7466=DIRECTION('',(0.577350269189625,0.577350269189627,0.577350269189627));
#7467=DIRECTION('',(0.,-0.707106781186548,0.707106781186548));
#7468=DIRECTION('',(0.707106781186549,-0.707106781186547,0.));
#7469=DIRECTION('',(-0.707106781186547,0.,0.707106781186549));
#7470=DIRECTION('',(0.,-1.,0.));
#7471=DIRECTION('',(-0.707106781186549,-4.08878244448899E-15,-0.707106781186546));
#7472=DIRECTION('',(-0.707106781186547,-0.707106781186549,0.));
#7473=DIRECTION('',(0.,0.,-1.));
#7474=DIRECTION('',(0.707106781186551,-0.707106781186545,3.83323354170844E-16));
#7475=DIRECTION('',(0.577350269189625,0.577350269189627,-0.577350269189627));
#7476=DIRECTION('',(0.,0.707106781186548,0.707106781186548));
#7477=DIRECTION('',(0.,-0.707106781186548,-0.707106781186548));
#7478=DIRECTION('',(0.,-0.707106781186548,0.707106781186548));
#7479=DIRECTION('',(-1.,0.,0.));
#7480=DIRECTION('',(0.,1.,0.));
#7481=DIRECTION('',(0.,0.,1.));
#7482=DIRECTION('',(-1.,0.,0.));
#7483=DIRECTION('',(0.,0.,1.));
#7484=DIRECTION('',(1.,0.,0.));
#7485=DIRECTION('',(0.,0.,-1.));
#7486=DIRECTION('',(0.,1.,0.));
#7487=DIRECTION('',(0.,0.,-1.));
#7488=DIRECTION('',(-1.,0.,0.));
#7489=DIRECTION('',(-1.,0.,0.));
#7490=DIRECTION('',(0.,0.,1.));
#7491=DIRECTION('',(0.,1.,0.));
#7492=DIRECTION('',(0.,0.,1.));
#7493=DIRECTION('',(0.,1.,0.));
#7494=DIRECTION('',(0.,0.,1.));
#7495=DIRECTION('',(-1.,0.,0.));
#7496=DIRECTION('',(0.,0.,-1.));
#7497=DIRECTION('',(-1.,0.,0.));
#7498=DIRECTION('',(-1.,0.,0.));
#7499=DIRECTION('',(0.,0.,1.));
#7500=DIRECTION('',(0.,1.,0.));
#7501=DIRECTION('',(0.,0.,1.));
#7502=DIRECTION('',(0.,-1.,0.));
#7503=DIRECTION('',(0.,0.,-1.));
#7504=DIRECTION('',(1.,0.,0.));
#7505=DIRECTION('',(0.,0.,1.));
#7506=DIRECTION('',(-1.,0.,0.));
#7507=DIRECTION('',(0.,-1.,0.));
#7508=DIRECTION('',(0.,0.,-1.));
#7509=DIRECTION('',(1.,0.,0.));
#7510=DIRECTION('',(0.,0.,-1.));
#7511=DIRECTION('',(1.,0.,0.));
#7512=DIRECTION('',(0.,0.,-1.));
#7513=DIRECTION('',(0.,1.,0.));
#7514=DIRECTION('',(0.,0.,1.));
#7515=DIRECTION('',(-1.,0.,0.));
#7516=DIRECTION('',(0.,0.,-1.));
#7517=DIRECTION('',(-1.,0.,0.));
#7518=DIRECTION('',(0.,1.,0.));
#7519=DIRECTION('',(0.,0.,1.));
#7520=DIRECTION('',(0.,1.,0.));
#7521=DIRECTION('',(0.,0.,1.));
#7522=DIRECTION('',(0.,1.,0.));
#7523=DIRECTION('',(0.,0.,1.));
#7524=DIRECTION('',(0.,1.,0.));
#7525=DIRECTION('',(0.,0.,1.));
#7526=DIRECTION('',(0.,1.,0.));
#7527=DIRECTION('',(0.,0.,1.));
#7528=DIRECTION('',(1.14126544472158E-14,0.,1.));
#7529=DIRECTION('',(-1.,0.,1.14126544472158E-14));
#7530=DIRECTION('',(-1.,0.,0.));
#7531=DIRECTION('',(0.,0.,-1.));
#7532=DIRECTION('',(-4.56506177888633E-15,0.,-1.));
#7533=DIRECTION('',(1.,0.,-4.56506177888633E-15));
#7534=DIRECTION('',(1.,0.,0.));
#7535=DIRECTION('',(0.,0.,1.));
#7536=DIRECTION('',(0.99196475640273,-0.126514513218336,0.));
#7537=DIRECTION('',(-0.126514513218336,-0.99196475640273,0.));
#7538=DIRECTION('',(0.,0.,-1.));
#7539=DIRECTION('',(-0.12450355449385,-0.976197393982992,0.177588042669578));
#7540=DIRECTION('',(-0.0890257333359432,-0.698025765073768,0.710517030124668));
#7541=DIRECTION('',(-0.0906058961922276,-0.710415378114476,-0.697925900159658));
#7542=DIRECTION('',(0.,0.178980662254764,0.983852591874843));
#7543=DIRECTION('',(0.,0.983852591874843,-0.178980662254764));
#7544=DIRECTION('',(-1.,0.,0.));
#7545=DIRECTION('',(-0.124503554493851,-0.976197393982991,0.177588042669584));
#7546=DIRECTION('',(-1.,0.,0.));
#7547=DIRECTION('',(0.12450355449385,-0.976197393982991,0.177588042669585));
#7548=DIRECTION('',(-1.,0.,0.));
#7549=DIRECTION('',(0.12450355449385,-0.976197393982991,0.177588042669585));
#7550=DIRECTION('',(-1.,0.,0.));
#7551=DIRECTION('',(0.12450355449385,0.976197393982991,-0.177588042669585));
#7552=DIRECTION('',(0.,1.,0.));
#7553=DIRECTION('',(0.,0.,-1.));
#7554=DIRECTION('',(0.,0.,-1.));
#7555=DIRECTION('',(-1.,0.,0.));
#7556=DIRECTION('',(0.,0.,-1.));
#7557=DIRECTION('',(0.,0.700808446758102,-0.713349508272416));
#7558=DIRECTION('',(0.,-0.713349508272416,-0.700808446758102));
#7559=DIRECTION('',(-1.,0.,0.));
#7560=DIRECTION('',(0.0906058961922264,0.710415378114476,0.697925900159659));
#7561=DIRECTION('',(0.,-0.713349508272415,-0.700808446758102));
#7562=DIRECTION('',(0.,-0.700808446758102,0.713349508272415));
#7563=DIRECTION('',(1.,0.,0.));
#7564=DIRECTION('',(0.0890257333359442,0.698025765073768,-0.710517030124668));
#7565=DIRECTION('',(0.99196475640273,-0.126514513218336,0.));
#7566=DIRECTION('',(-0.126514513218336,-0.99196475640273,0.));
#7567=DIRECTION('',(0.,0.,1.));
#7568=DIRECTION('',(-4.43074038612793E-17,-1.,0.));
#7569=DIRECTION('',(1.,-4.43074038612793E-17,0.));
#7570=DIRECTION('',(1.,-4.43074038612793E-17,0.));
#7571=DIRECTION('',(0.,0.,1.));
#7572=DIRECTION('',(-1.,0.,0.));
#7573=DIRECTION('',(0.,0.,1.));
#7574=DIRECTION('',(1.,-4.43074038612793E-17,0.));
#7575=DIRECTION('',(0.,0.,1.));
#7576=DIRECTION('',(4.43074038612793E-17,-1.,0.));
#7577=DIRECTION('',(1.,4.43074038612793E-17,0.));
#7578=DIRECTION('',(0.,0.,-1.));
#7579=DIRECTION('',(1.,0.,0.));
#7580=DIRECTION('',(0.,0.,1.));
#7581=DIRECTION('',(1.,4.43074038612793E-17,0.));
#7582=DIRECTION('',(0.,0.,-1.));
#7583=DIRECTION('',(1.,0.,0.));
#7584=DIRECTION('',(0.,0.,1.));
#7585=DIRECTION('',(1.,4.43074038612793E-17,0.));
#7586=DIRECTION('',(0.,0.,1.));
#7587=DIRECTION('',(1.,0.,0.));
#7588=DIRECTION('',(1.,0.,0.));
#7589=DIRECTION('',(0.,1.,0.));
#7590=DIRECTION('',(1.,0.,0.));
#7591=DIRECTION('',(0.,1.,0.));
#7592=DIRECTION('',(-1.,0.,0.));
#7593=DIRECTION('',(0.,0.,1.));
#7594=DIRECTION('',(0.,0.,1.));
#7595=DIRECTION('',(0.,1.,0.));
#7596=DIRECTION('',(0.,0.,1.));
#7597=DIRECTION('',(0.,1.,0.));
#7598=DIRECTION('',(0.,1.,0.));
#7599=DIRECTION('',(1.,0.,0.));
#7600=DIRECTION('',(0.,0.,-1.));
#7601=DIRECTION('',(0.,0.,-1.));
#7602=DIRECTION('',(0.,1.,0.));
#7603=DIRECTION('',(0.,0.,-1.));
#7604=DIRECTION('',(0.,1.,0.));
#7605=DIRECTION('',(0.,1.,0.));
#7606=DIRECTION('',(0.,0.,-1.));
#7607=DIRECTION('',(-1.,0.,0.));
#7608=DIRECTION('',(-1.,0.,0.));
#7609=DIRECTION('',(0.,1.,0.));
#7610=DIRECTION('',(-1.,0.,0.));
#7611=DIRECTION('',(0.,1.,0.));
#7612=DIRECTION('',(0.,0.,1.));
#7613=DIRECTION('',(1.,0.,0.));
#7614=DIRECTION('',(1.,0.,0.));
#7615=DIRECTION('',(0.,1.,0.));
#7616=DIRECTION('',(1.,0.,0.));
#7617=DIRECTION('',(0.,1.,0.));
#7618=DIRECTION('',(0.,1.,0.));
#7619=DIRECTION('',(0.,0.,1.));
#7620=DIRECTION('',(0.,1.,0.));
#7621=DIRECTION('',(0.,0.,1.));
#7622=DIRECTION('',(0.,1.,0.));
#7623=DIRECTION('',(0.,0.,1.));
#7624=DIRECTION('',(0.,1.,0.));
#7625=DIRECTION('',(0.,0.,1.));
#7626=DIRECTION('',(0.,1.,0.));
#7627=DIRECTION('',(0.,0.,-1.));
#7628=DIRECTION('',(-1.,0.,0.));
#7629=DIRECTION('',(-1.,0.,0.));
#7630=DIRECTION('',(0.,1.,0.));
#7631=DIRECTION('',(-1.,0.,0.));
#7632=DIRECTION('',(0.,1.,0.));
#7633=DIRECTION('',(0.,1.,0.));
#7634=DIRECTION('',(0.,0.,1.));
#7635=DIRECTION('',(0.,1.,0.));
#7636=DIRECTION('',(0.,0.,1.));
#7637=DIRECTION('',(0.,-1.,0.));
#7638=DIRECTION('',(0.,0.,-1.));
#7639=DIRECTION('',(0.,-1.,0.));
#7640=DIRECTION('',(0.,0.,-1.));
#7641=DIRECTION('',(0.,1.,0.));
#7642=DIRECTION('',(0.,-1.,0.));
#7643=DIRECTION('',(0.,0.,-1.));
#7644=DIRECTION('',(0.,-1.,0.));
#7645=DIRECTION('',(4.8186763221578E-16,0.,-1.));
#7646=DIRECTION('',(-1.,0.,-4.8186763221578E-16));
#7647=DIRECTION('',(-1.,0.,-4.8186763221578E-16));
#7648=DIRECTION('',(0.,1.,0.));
#7649=DIRECTION('',(1.,0.,0.));
#7650=DIRECTION('',(-1.,0.,0.));
#7651=DIRECTION('',(0.,0.,1.));
#7652=DIRECTION('',(0.,0.,1.));
#7653=DIRECTION('',(0.,-0.951056516295155,-0.309016994374943));
#7654=DIRECTION('',(0.,1.,0.));
#7655=DIRECTION('',(0.,0.,1.));
#7656=DIRECTION('',(0.,0.,1.));
#7657=DIRECTION('',(1.,0.,0.));
#7658=DIRECTION('',(1.,0.,0.));
#7659=DIRECTION('',(0.,1.,0.));
#7660=DIRECTION('',(1.,0.,0.));
#7661=DIRECTION('',(0.,1.,0.));
#7662=DIRECTION('',(1.,0.,0.));
#7663=DIRECTION('',(0.,0.,-1.));
#7664=DIRECTION('',(0.,0.,-1.));
#7665=DIRECTION('',(0.,0.,1.));
#7666=DIRECTION('',(0.,1.,0.));
#7667=DIRECTION('',(0.,0.,1.));
#7668=DIRECTION('',(1.,0.,-3.49148133884314E-15));
#7669=DIRECTION('',(-3.49148133884314E-15,0.,-1.));
#7670=DIRECTION('',(1.,0.,0.));
#7671=DIRECTION('',(0.,0.,1.));
#7672=DIRECTION('',(-0.999971449553735,0.,-0.00755645931652582));
#7673=DIRECTION('',(1.,0.,0.));
#7674=DIRECTION('',(0.,0.,1.));
#7675=DIRECTION('',(0.,-1.,0.));
#7676=DIRECTION('',(0.,0.,-1.));
#7677=DIRECTION('',(1.,0.,0.));
#7678=DIRECTION('',(0.,0.,-1.));
#7679=DIRECTION('',(-1.,0.,0.));
#7680=DIRECTION('',(0.,0.,1.));
#7681=DIRECTION('',(1.,0.,0.));
#7682=DIRECTION('',(0.,-1.,0.));
#7683=DIRECTION('',(0.,0.,-1.));
#7684=DIRECTION('',(0.,0.,1.));
#7685=DIRECTION('',(1.,0.,0.));
#7686=DIRECTION('',(-0.999971449553735,0.,0.00755645931652582));
#7687=DIRECTION('',(-1.,0.,1.04744440165294E-14));
#7688=DIRECTION('',(1.04744440165294E-14,0.,1.));
#7689=DIRECTION('',(1.,0.,0.));
#7690=DIRECTION('',(0.,0.,-1.));
#7691=DIRECTION('',(0.999971449553735,0.,0.00755645931652582));
#7692=DIRECTION('',(1.,0.,0.));
#7693=DIRECTION('',(0.,0.,-1.));
#7694=DIRECTION('',(1.,0.,0.));
#7695=DIRECTION('',(0.,-1.,0.));
#7696=DIRECTION('',(0.,0.,-1.));
#7697=DIRECTION('',(0.,0.,1.));
#7698=DIRECTION('',(1.,0.,0.));
#7699=DIRECTION('',(0.999971449553735,0.,-0.00755645931652582));
#7700=DIRECTION('',(0.,1.,0.));
#7701=DIRECTION('',(0.,0.,1.));
#7702=DIRECTION('',(0.999971449553735,0.,0.00755645931652582));
#7703=DIRECTION('',(0.,1.,0.));
#7704=DIRECTION('',(0.,0.,1.));
#7705=DIRECTION('',(-0.00755645931652582,0.,0.999971449553735));
#7706=DIRECTION('',(0.999971449553735,0.,0.00755645931652582));
#7707=DIRECTION('',(0.,1.,0.));
#7708=DIRECTION('',(0.,1.,0.));
#7709=DIRECTION('',(0.,0.,1.));
#7710=DIRECTION('',(0.,1.,0.));
#7711=DIRECTION('',(-1.,0.,0.));
#7712=DIRECTION('',(0.,0.,1.));
#7713=DIRECTION('',(0.,1.,0.));
#7714=DIRECTION('',(0.,0.,1.));
#7715=DIRECTION('',(0.,1.,0.));
#7716=DIRECTION('',(1.,0.,0.));
#7717=DIRECTION('',(0.,0.,-1.));
#7718=DIRECTION('',(0.,1.,0.));
#7719=DIRECTION('',(0.,0.,-1.));
#7720=DIRECTION('',(0.,1.,0.));
#7721=DIRECTION('',(0.,0.,1.));
#7722=DIRECTION('',(1.,0.,0.));
#7723=DIRECTION('',(0.,0.,1.));
#7724=DIRECTION('',(1.,0.,0.));
#7725=DIRECTION('',(0.,0.,1.));
#7726=DIRECTION('',(0.951056516295154,0.309016994374945,0.));
#7727=DIRECTION('',(0.,0.,-1.));
#7728=DIRECTION('',(0.309016994374968,-0.951056516295147,-3.09690554963061E-15));
#7729=DIRECTION('',(0.295241808844324,-0.908660854566027,0.295241808844324));
#7730=DIRECTION('',(-0.295241808844324,0.908660854566027,0.295241808844324));
#7731=DIRECTION('',(-0.309016994374919,0.951056516295163,3.09690554963067E-15));
#7732=DIRECTION('',(0.,-4.43074038612793E-17,-1.));
#7733=DIRECTION('',(0.,0.309016994374945,0.951056516295154));
#7734=DIRECTION('',(1.,0.,0.));
#7735=DIRECTION('',(0.,-0.951056516295155,0.309016994374944));
#7736=DIRECTION('',(-0.295241808844323,-0.908660854566028,0.295241808844324));
#7737=DIRECTION('',(-0.295241808844323,0.908660854566028,-0.295241808844324));
#7738=DIRECTION('',(0.,0.951056516295155,-0.309016994374945));
#7739=DIRECTION('',(-1.,0.,0.));
#7740=DIRECTION('',(-1.,0.,0.));
#7741=DIRECTION('',(0.,0.309016994374945,-0.951056516295154));
#7742=DIRECTION('',(-1.,0.,0.));
#7743=DIRECTION('',(0.295241808844323,-0.908660854566028,-0.295241808844324));
#7744=DIRECTION('',(0.295241808844324,0.908660854566028,0.295241808844324));
#7745=DIRECTION('',(0.,0.951056516295155,0.309016994374945));
#7746=DIRECTION('',(-1.,0.,0.));
#7747=DIRECTION('',(-1.,0.,0.));
#7748=DIRECTION('',(1.,0.,0.));
#7749=DIRECTION('',(-0.951056516295154,0.309016994374945,0.));
#7750=DIRECTION('',(0.,0.,1.));
#7751=DIRECTION('',(-0.309016994374952,-0.951056516295152,8.84830157037322E-16));
#7752=DIRECTION('',(-0.295241808844324,-0.908660854566028,-0.295241808844324));
#7753=DIRECTION('',(0.295241808844324,0.908660854566028,-0.295241808844324));
#7754=DIRECTION('',(0.309016994374937,0.951056516295157,-8.84830157037328E-16));
#7755=DIRECTION('',(0.,4.43074038612793E-17,-1.));
#7756=DIRECTION('',(-0.295241808844324,-0.908660854566027,-0.295241808844324));
#7757=DIRECTION('',(2.77555756156289E-17,0.309016994374945,-0.951056516295154));
#7758=DIRECTION('',(0.295241808844324,0.908660854566027,-0.295241808844324));
#7759=DIRECTION('',(2.77555756156289E-17,0.309016994374945,0.951056516295154));
#7760=DIRECTION('',(0.295241808844324,-0.908660854566027,-0.295241808844324));
#7761=DIRECTION('',(-2.77555756156289E-17,0.309016994374945,-0.951056516295154));
#7762=DIRECTION('',(-0.295241808844324,0.908660854566027,-0.295241808844324));
#7763=DIRECTION('',(-2.77555756156289E-17,0.309016994374945,0.951056516295154));
#7764=DIRECTION('',(1.,0.,0.));
#7765=DIRECTION('',(0.,0.,-1.));
#7766=DIRECTION('',(0.,1.,0.));
#7767=DIRECTION('',(0.,0.,-1.));
#7768=DIRECTION('',(0.,1.,0.));
#7769=DIRECTION('',(0.00755645931652582,0.,0.999971449553735));
#7770=DIRECTION('',(0.999971449553735,0.,-0.00755645931652582));
#7771=DIRECTION('',(0.,1.,0.));
#7772=DIRECTION('',(0.999971449553735,0.,-0.00755645931652582));
#7773=DIRECTION('',(0.,1.,0.));
#7774=DIRECTION('',(0.,0.,1.));
#7775=DIRECTION('',(1.,0.,0.));
#7776=DIRECTION('',(0.,0.,1.));
#7777=DIRECTION('',(0.,-1.,0.));
#7778=DIRECTION('',(0.,0.,-1.));
#7779=DIRECTION('',(-1.,0.,4.8186763221578E-16));
#7780=DIRECTION('',(0.,-1.,0.));
#7781=DIRECTION('',(0.,0.,-1.));
#7782=DIRECTION('',(0.,1.,0.));
#7783=DIRECTION('',(0.,-1.,0.));
#7784=DIRECTION('',(-1.,0.,0.));
#7785=DIRECTION('',(0.,0.,1.));
#7786=DIRECTION('',(0.,1.,0.));
#7787=DIRECTION('',(0.,0.,1.));
#7788=DIRECTION('',(1.,0.,0.));
#7789=DIRECTION('',(-4.8186763221578E-16,0.,-1.));
#7790=DIRECTION('',(-1.,0.,4.8186763221578E-16));
#7791=DIRECTION('',(1.,0.,0.));
#7792=DIRECTION('',(0.,0.,-1.));
#7793=DIRECTION('',(0.,1.,0.));
#7794=DIRECTION('',(0.,0.,-1.));
#7795=DIRECTION('',(0.,1.,0.));
#7796=DIRECTION('',(0.00755645931652582,0.,-0.999971449553735));
#7797=DIRECTION('',(-0.999971449553735,0.,-0.00755645931652582));
#7798=DIRECTION('',(-0.999971449553735,0.,-0.00755645931652582));
#7799=DIRECTION('',(0.,1.,0.));
#7800=DIRECTION('',(0.,1.,0.));
#7801=DIRECTION('',(0.,0.,1.));
#7802=DIRECTION('',(1.,0.,4.8186763221578E-16));
#7803=DIRECTION('',(0.,-1.,0.));
#7804=DIRECTION('',(0.,0.,-1.));
#7805=DIRECTION('',(0.,0.,1.));
#7806=DIRECTION('',(-1.,0.,0.));
#7807=DIRECTION('',(0.,-1.,0.));
#7808=DIRECTION('',(0.,0.,-1.));
#7809=DIRECTION('',(0.,1.,0.));
#7810=DIRECTION('',(0.,-1.,0.));
#7811=DIRECTION('',(-4.8186763221578E-16,0.,1.));
#7812=DIRECTION('',(1.,0.,4.8186763221578E-16));
#7813=DIRECTION('',(0.,0.,-1.));
#7814=DIRECTION('',(-1.,0.,0.));
#7815=DIRECTION('',(0.,1.,0.));
#7816=DIRECTION('',(-1.,0.,0.));
#7817=DIRECTION('',(0.,0.,1.));
#7818=DIRECTION('',(-1.,0.,0.));
#7819=DIRECTION('',(0.,0.,1.));
#7820=DIRECTION('',(0.,1.,0.));
#7821=DIRECTION('',(0.,0.,1.));
#7822=DIRECTION('',(0.,1.,0.));
#7823=DIRECTION('',(-0.00755645931652582,0.,-0.999971449553735));
#7824=DIRECTION('',(-0.999971449553735,0.,0.00755645931652582));
#7825=DIRECTION('',(0.,1.,0.));
#7826=DIRECTION('',(-0.999971449553735,0.,0.00755645931652582));
#7827=DIRECTION('',(0.,1.,0.));
#7828=DIRECTION('',(0.,0.,1.));
#7829=DIRECTION('',(-1.,0.,0.));
#7830=DIRECTION('',(0.,0.,-1.));
#7831=DIRECTION('',(0.,-1.,0.));
#7832=DIRECTION('',(0.,0.,-1.));
#7833=DIRECTION('',(1.,0.,-4.8186763221578E-16));
#7834=DIRECTION('',(0.,0.,-1.));
#7835=DIRECTION('',(-1.,0.,0.));
#7836=DIRECTION('',(0.,1.,0.));
#7837=DIRECTION('',(4.8186763221578E-16,0.,1.));
#7838=DIRECTION('',(1.,0.,-4.8186763221578E-16));
#7839=DIRECTION('',(0.,-1.,0.));
#7840=DIRECTION('',(0.,-1.,0.));
#7841=DIRECTION('',(0.,0.,-1.));
#7842=DIRECTION('',(0.,1.,0.));
#7843=DIRECTION('',(1.,0.,0.));
#7844=DIRECTION('',(0.,0.,-1.));
#7845=DIRECTION('',(0.,0.,1.));
#7846=DIRECTION('',(1.,0.,0.));
#7847=DIRECTION('',(0.,0.,-1.));
#7848=DIRECTION('',(-1.,0.,0.));
#7849=DIRECTION('',(3.49148133884314E-15,0.,1.));
#7850=DIRECTION('',(1.,0.,-3.49148133884314E-15));
#7851=DIRECTION('',(1.,-1.54698473754243E-31,-6.85428775335277E-48));
#7852=DIRECTION('',(0.,1.,0.));
#7853=DIRECTION('',(-3.49148133884314E-15,0.,-1.));
#7854=DIRECTION('',(-1.,0.,3.49148133884314E-15));
#7855=DIRECTION('',(0.,1.,0.));
#7856=DIRECTION('',(-1.,0.,3.49148133884314E-15));
#7857=DIRECTION('',(-1.54698473754243E-31,-1.,-4.43074038612793E-17));
#7858=DIRECTION('',(0.,4.43074038612793E-17,-1.));
#7859=DIRECTION('',(-3.49148133884314E-15,0.,-1.));
#7860=DIRECTION('',(1.,0.,-3.49148133884314E-15));
#7861=DIRECTION('',(-3.49148133884314E-15,0.,-1.));
#7862=DIRECTION('',(-1.04744440165294E-14,0.,-1.));
#7863=DIRECTION('',(-1.,0.,1.04744440165294E-14));
#7864=DIRECTION('',(1.,4.64095421262729E-31,-2.05628632600583E-47));
#7865=DIRECTION('',(0.,1.,0.));
#7866=DIRECTION('',(1.04744440165294E-14,0.,1.));
#7867=DIRECTION('',(1.,0.,-1.04744440165294E-14));
#7868=DIRECTION('',(0.,1.,0.));
#7869=DIRECTION('',(1.,0.,-1.04744440165294E-14));
#7870=DIRECTION('',(4.64095421262729E-31,-1.,4.43074038612793E-17));
#7871=DIRECTION('',(0.,-4.43074038612793E-17,-1.));
#7872=DIRECTION('',(1.04744440165294E-14,0.,1.));
#7873=DIRECTION('',(-1.,0.,1.04744440165294E-14));
#7874=DIRECTION('',(1.04744440165294E-14,0.,1.));
#7875=DIRECTION('',(-0.99196475640273,-0.126514513218336,0.));
#7876=DIRECTION('',(0.126514513218336,-0.99196475640273,0.));
#7877=DIRECTION('',(0.,0.,1.));
#7878=DIRECTION('',(0.124503554493851,-0.976197393982991,-0.177588042669584));
#7879=DIRECTION('',(0.,0.,1.));
#7880=DIRECTION('',(0.126514513218336,-0.99196475640273,0.));
#7881=DIRECTION('',(0.,0.,1.));
#7882=DIRECTION('',(-0.124503554493851,0.976197393982991,0.177588042669584));
#7883=DIRECTION('',(0.,-0.178980662254764,0.983852591874843));
#7884=DIRECTION('',(0.,-0.983852591874843,-0.178980662254764));
#7885=DIRECTION('',(-0.12450355449385,-0.976197393982991,-0.177588042669585));
#7886=DIRECTION('',(1.,0.,0.));
#7887=DIRECTION('',(0.12450355449385,0.976197393982991,0.177588042669584));
#7888=DIRECTION('',(1.,0.,0.));
#7889=DIRECTION('',(1.,0.,0.));
#7890=DIRECTION('',(0.12450355449385,-0.976197393982991,-0.177588042669584));
#7891=DIRECTION('',(0.,-1.,0.));
#7892=DIRECTION('',(0.,0.,-1.));
#7893=DIRECTION('',(0.,0.,-1.));
#7894=DIRECTION('',(-1.,0.,0.));
#7895=DIRECTION('',(0.,0.,-1.));
#7896=DIRECTION('',(-1.,0.,0.));
#7897=DIRECTION('',(0.126514513218336,0.99196475640273,0.));
#7898=DIRECTION('',(1.,0.,0.));
#7899=DIRECTION('',(0.,1.,0.));
#7900=DIRECTION('',(0.,0.,1.));
#7901=DIRECTION('',(0.,0.,1.));
#7902=DIRECTION('',(1.,0.,0.));
#7903=DIRECTION('',(0.,0.178980662254764,-0.983852591874843));
#7904=DIRECTION('',(0.,0.983852591874843,0.178980662254764));
#7905=DIRECTION('',(-0.12450355449385,-0.976197393982991,-0.177588042669584));
#7906=DIRECTION('',(-0.12450355449385,-0.976197393982991,-0.177588042669584));
#7907=DIRECTION('',(-0.124503554493849,0.976197393982991,0.177588042669584));
#7908=DIRECTION('',(0.99196475640273,-0.126514513218336,0.));
#7909=DIRECTION('',(0.126514513218336,0.99196475640273,0.));
#7910=DIRECTION('',(0.,0.,1.));
#7911=DIRECTION('',(0.99196475640273,-0.126514513218336,0.));
#7912=DIRECTION('',(-0.126514513218336,-0.99196475640273,0.));
#7913=DIRECTION('',(0.,0.,-1.));
#7914=DIRECTION('',(-0.0906058961922267,-0.710415378114478,0.697925900159656));
#7915=DIRECTION('',(-0.0890257333359444,-0.69802576507377,-0.710517030124666));
#7916=DIRECTION('',(0.,1.,0.));
#7917=DIRECTION('',(0.,0.,1.));
#7918=DIRECTION('',(0.,0.,-1.));
#7919=DIRECTION('',(1.,0.,0.));
#7920=DIRECTION('',(0.,0.700808446758102,0.713349508272416));
#7921=DIRECTION('',(0.,-0.713349508272416,0.700808446758102));
#7922=DIRECTION('',(0.0906058961922267,0.710415378114478,-0.697925900159656));
#7923=DIRECTION('',(1.,0.,0.));
#7924=DIRECTION('',(0.,-0.713349508272415,0.700808446758102));
#7925=DIRECTION('',(0.,-0.700808446758102,-0.713349508272415));
#7926=DIRECTION('',(0.0890257333359444,0.69802576507377,0.710517030124665));
#7927=DIRECTION('',(0.99196475640273,-0.126514513218336,0.));
#7928=DIRECTION('',(-0.126514513218336,-0.99196475640273,0.));
#7929=DIRECTION('',(-0.99196475640273,-0.126514513218336,0.));
#7930=DIRECTION('',(0.126514513218336,-0.99196475640273,0.));
#7931=DIRECTION('',(0.0890257333359424,-0.698025765073768,-0.710517030124669));
#7932=DIRECTION('',(0.0906058961922276,-0.710415378114476,0.697925900159658));
#7933=DIRECTION('',(0.,0.,1.));
#7934=DIRECTION('',(0.,1.,0.));
#7935=DIRECTION('',(0.,0.,1.));
#7936=DIRECTION('',(1.,0.,0.));
#7937=DIRECTION('',(0.,0.,1.));
#7938=DIRECTION('',(0.,0.700808446758102,0.713349508272416));
#7939=DIRECTION('',(0.,-0.713349508272416,0.700808446758102));
#7940=DIRECTION('',(1.,0.,0.));
#7941=DIRECTION('',(-0.0906058961922264,0.710415378114476,-0.697925900159659));
#7942=DIRECTION('',(0.,-0.713349508272415,0.700808446758102));
#7943=DIRECTION('',(0.,-0.700808446758102,-0.713349508272415));
#7944=DIRECTION('',(-0.0890257333359443,0.698025765073768,0.710517030124668));
#7945=DIRECTION('',(-0.99196475640273,-0.126514513218336,0.));
#7946=DIRECTION('',(0.126514513218336,-0.99196475640273,0.));
#7947=DIRECTION('',(0.,-1.,0.));
#7948=DIRECTION('',(0.,0.,1.));
#7949=DIRECTION('',(0.,0.,1.));
#7950=DIRECTION('',(-1.,0.,0.));
#7951=DIRECTION('',(0.,0.,1.));
#7952=DIRECTION('',(0.,0.,1.));
#7953=DIRECTION('',(-1.,0.,0.));
#7954=DIRECTION('',(0.126514513218336,-0.99196475640273,0.));
#7955=DIRECTION('',(-1.,0.,0.));
#7956=DIRECTION('',(0.126514513218335,0.99196475640273,0.));
#7957=DIRECTION('',(0.,1.,0.));
#7958=DIRECTION('',(0.,0.,-1.));
#7959=DIRECTION('',(0.,0.,1.));
#7960=DIRECTION('',(-1.,0.,0.));
#7961=DIRECTION('',(0.,0.,1.));
#7962=DIRECTION('',(0.,0.178980662254764,0.983852591874843));
#7963=DIRECTION('',(0.,0.983852591874843,-0.178980662254764));
#7964=DIRECTION('',(-0.12450355449385,0.976197393982991,-0.177588042669584));
#7965=DIRECTION('',(-0.12450355449385,0.976197393982992,-0.177588042669578));
#7966=DIRECTION('',(-0.12450355449385,-0.976197393982991,0.177588042669584));
#7967=DIRECTION('',(0.99196475640273,-0.126514513218336,0.));
#7968=DIRECTION('',(0.126514513218336,0.99196475640273,0.));
#7969=DIRECTION('',(-0.99196475640273,-0.126514513218336,0.));
#7970=DIRECTION('',(0.126514513218336,-0.99196475640273,0.));
#7971=DIRECTION('',(0.,0.,1.));
#7972=DIRECTION('',(-0.99196475640273,-0.126514513218336,0.));
#7973=DIRECTION('',(0.126514513218336,-0.99196475640273,0.));
#7974=DIRECTION('',(0.0890257333359444,-0.69802576507377,0.710517030124666));
#7975=DIRECTION('',(0.,0.,1.));
#7976=DIRECTION('',(0.0906058961922267,-0.710415378114478,-0.697925900159656));
#7977=DIRECTION('',(0.,1.,0.));
#7978=DIRECTION('',(0.,0.,-1.));
#7979=DIRECTION('',(0.,0.,1.));
#7980=DIRECTION('',(-1.,0.,0.));
#7981=DIRECTION('',(0.,0.700808446758102,-0.713349508272416));
#7982=DIRECTION('',(0.,-0.713349508272416,-0.700808446758102));
#7983=DIRECTION('',(-0.0906058961922267,0.710415378114478,0.697925900159656));
#7984=DIRECTION('',(-1.,0.,0.));
#7985=DIRECTION('',(0.,-0.713349508272415,-0.700808446758102));
#7986=DIRECTION('',(0.,-0.700808446758102,0.713349508272415));
#7987=DIRECTION('',(-0.0890257333359444,0.69802576507377,-0.710517030124665));
#7988=DIRECTION('',(-0.99196475640273,-0.126514513218336,0.));
#7989=DIRECTION('',(0.126514513218336,-0.99196475640273,0.));
#7990=DIRECTION('',(0.,-1.,0.));
#7991=DIRECTION('',(0.,0.,-1.));
#7992=DIRECTION('',(0.,0.,-1.));
#7993=DIRECTION('',(-1.,0.,0.));
#7994=DIRECTION('',(1.,0.,0.));
#7995=DIRECTION('',(0.,0.,-1.));
#7996=DIRECTION('',(0.,1.,0.));
#7997=DIRECTION('',(0.,0.,-1.));
#7998=DIRECTION('',(0.,1.,0.));
#7999=DIRECTION('',(0.,0.,-1.));
#8000=DIRECTION('',(0.,0.,1.));
#8001=DIRECTION('',(1.,0.,0.));
#8002=DIRECTION('',(0.,1.,0.));
#8003=DIRECTION('',(-0.70710678118654,-0.707106781186556,0.));
#8004=DIRECTION('',(1.,0.,0.));
#8005=DIRECTION('',(-0.707106781186541,0.707106781186555,0.));
#8006=DIRECTION('',(1.,0.,0.));
#8007=DIRECTION('',(-1.,0.,0.));
#8008=DIRECTION('',(0.,0.,1.));
#8009=DIRECTION('',(0.,1.,0.));
#8010=DIRECTION('',(0.,0.,1.));
#8011=DIRECTION('',(0.,0.,1.));
#8012=DIRECTION('',(0.,0.,-1.));
#8013=DIRECTION('',(-1.,0.,0.));
#8014=DIRECTION('',(1.,0.,0.));
#8015=DIRECTION('',(0.70710678118654,0.707106781186556,0.));
#8016=DIRECTION('',(-1.,0.,0.));
#8017=DIRECTION('',(0.707106781186541,-0.707106781186555,0.));
#8018=DIRECTION('',(0.,1.,0.));
#8019=DIRECTION('',(0.,0.,1.));
#8020=DIRECTION('',(0.,-1.,0.));
#8021=DIRECTION('',(0.,0.,-1.));
#8022=DIRECTION('',(0.,0.,-1.));
#8023=DIRECTION('',(0.,0.,-1.));
#8024=DIRECTION('',(0.707106781186548,-0.707106781186547,0.));
#8025=DIRECTION('',(0.,0.,-1.));
#8026=DIRECTION('',(-0.707106781186548,-0.707106781186547,0.));
#8027=DIRECTION('',(0.,0.,1.));
#8028=DIRECTION('',(0.,0.,-1.));
#8029=DIRECTION('',(-1.,0.,0.));
#8030=DIRECTION('',(1.,0.,2.16840434497101E-15));
#8031=DIRECTION('',(2.16840434497101E-15,0.,-1.));
#8032=DIRECTION('',(0.,1.,0.));
#8033=DIRECTION('',(2.16840434497101E-15,0.,-1.));
#8034=DIRECTION('',(0.,1.,0.));
#8035=DIRECTION('',(2.16840434497101E-15,0.,-1.));
#8036=DIRECTION('',(-4.33680868994202E-16,0.,1.));
#8037=DIRECTION('',(1.,0.,4.33680868994202E-16));
#8038=DIRECTION('',(1.,0.,0.));
#8039=DIRECTION('',(-0.707106781186538,0.707106781186557,0.));
#8040=DIRECTION('',(1.,0.,4.33680868994202E-16));
#8041=DIRECTION('',(0.,1.,0.));
#8042=DIRECTION('',(-0.70710678118654,-0.707106781186555,0.));
#8043=DIRECTION('',(-1.,0.,0.));
#8044=DIRECTION('',(0.,0.,1.));
#8045=DIRECTION('',(0.,1.,0.));
#8046=DIRECTION('',(0.,0.,1.));
#8047=DIRECTION('',(0.,0.,1.));
#8048=DIRECTION('',(0.,0.,-1.));
#8049=DIRECTION('',(-1.,0.,0.));
#8050=DIRECTION('',(0.707106781186538,-0.707106781186558,0.));
#8051=DIRECTION('',(1.,0.,0.));
#8052=DIRECTION('',(0.70710678118654,0.707106781186555,0.));
#8053=DIRECTION('',(-1.,0.,0.));
#8054=DIRECTION('',(0.,1.,0.));
#8055=DIRECTION('',(0.,0.,1.));
#8056=DIRECTION('',(0.,-1.,0.));
#8057=DIRECTION('',(0.,0.,-1.));
#8058=DIRECTION('',(0.,0.,-1.));
#8059=DIRECTION('',(0.,0.,-1.));
#8060=DIRECTION('',(-0.707106781186549,-0.707106781186546,-1.53329341668338E-15));
#8061=DIRECTION('',(-2.16840434497101E-15,0.,1.));
#8062=DIRECTION('',(0.707106781186548,-0.707106781186547,0.));
#8063=DIRECTION('',(0.,0.,-1.));
#8064=DIRECTION('',(0.,0.,-1.));
#8065=DIRECTION('',(-1.,0.,0.));
#8066=DIRECTION('',(0.,-1.,0.));
#8067=DIRECTION('',(-1.,0.,0.));
#8068=DIRECTION('',(0.,-1.,0.));
#8069=DIRECTION('',(-1.,0.,0.));
#8070=DIRECTION('',(0.,-1.,0.));
#8071=DIRECTION('',(-1.,0.,0.));
#8072=DIRECTION('',(0.,1.,0.));
#8073=DIRECTION('',(1.,0.,0.));
#8074=DIRECTION('',(0.,1.,0.));
#8075=DIRECTION('',(1.,0.,0.));
#8076=DIRECTION('',(0.,1.,0.));
#8077=DIRECTION('',(1.,0.,0.));
#8078=DIRECTION('',(0.,1.,0.));
#8079=DIRECTION('',(1.,0.,0.));
#8080=DIRECTION('',(0.,1.,0.));
#8081=DIRECTION('',(1.,0.,0.));
#8082=DIRECTION('',(0.,1.,0.));
#8083=DIRECTION('',(1.,0.,0.));
#8084=DIRECTION('',(0.,1.,0.));
#8085=DIRECTION('',(1.,0.,0.));
#8086=DIRECTION('',(0.,1.,0.));
#8087=DIRECTION('',(1.,0.,0.));
#8088=DIRECTION('',(0.,1.,0.));
#8089=DIRECTION('',(1.,0.,0.));
#8090=DIRECTION('',(0.,1.,0.));
#8091=DIRECTION('',(1.,0.,0.));
#8092=DIRECTION('',(0.,1.,0.));
#8093=DIRECTION('',(1.,0.,0.));
#8094=DIRECTION('',(0.,1.,0.));
#8095=DIRECTION('',(1.,0.,0.));
#8096=DIRECTION('',(0.,1.,0.));
#8097=DIRECTION('',(1.,0.,0.));
#8098=DIRECTION('',(0.,1.,0.));
#8099=DIRECTION('',(1.,0.,0.));
#8100=DIRECTION('',(0.,1.,0.));
#8101=DIRECTION('',(1.,0.,0.));
#8102=DIRECTION('',(0.,1.,0.));
#8103=DIRECTION('',(1.,0.,0.));
#8104=DIRECTION('',(0.,1.,0.));
#8105=DIRECTION('',(1.,0.,0.));
#8106=DIRECTION('',(0.,1.,0.));
#8107=DIRECTION('',(1.,0.,0.));
#8108=DIRECTION('',(0.,1.,0.));
#8109=DIRECTION('',(1.,0.,0.));
#8110=DIRECTION('',(0.,1.,0.));
#8111=DIRECTION('',(1.,0.,0.));
#8112=DIRECTION('',(0.,1.,0.));
#8113=DIRECTION('',(1.,0.,0.));
#8114=DIRECTION('',(0.,1.,0.));
#8115=DIRECTION('',(1.,0.,0.));
#8116=DIRECTION('',(0.,1.,0.));
#8117=DIRECTION('',(1.,0.,0.));
#8118=DIRECTION('',(0.,1.,0.));
#8119=DIRECTION('',(1.,0.,0.));
#8120=DIRECTION('',(0.,1.,0.));
#8121=DIRECTION('',(1.,0.,0.));
#8122=DIRECTION('',(0.,1.,0.));
#8123=DIRECTION('',(1.,0.,0.));
#8124=DIRECTION('',(0.,1.,0.));
#8125=DIRECTION('',(1.,0.,0.));
#8126=DIRECTION('',(0.,1.,0.));
#8127=DIRECTION('',(1.,0.,0.));
#8128=DIRECTION('',(-1.,0.,0.));
#8129=DIRECTION('',(0.,1.,0.));
#8130=DIRECTION('',(0.,0.,-1.));
#8131=DIRECTION('',(0.,1.,0.));
#8132=DIRECTION('',(0.,0.,-1.));
#8133=DIRECTION('',(0.,1.,0.));
#8134=DIRECTION('',(0.,0.,-1.));
#8135=DIRECTION('',(0.,1.,0.));
#8136=DIRECTION('',(1.,0.,0.));
#8137=DIRECTION('',(0.,1.,0.));
#8138=DIRECTION('',(1.,0.,0.));
#8139=DIRECTION('',(0.,1.,0.));
#8140=DIRECTION('',(-1.,0.,0.));
#8141=DIRECTION('',(0.,1.,0.));
#8142=DIRECTION('',(0.,0.,-1.));
#8143=DIRECTION('',(0.,1.,0.));
#8144=DIRECTION('',(0.,0.,-1.));
#8145=DIRECTION('',(0.,1.,0.));
#8146=DIRECTION('',(1.,0.,-4.33680868994202E-16));
#8147=DIRECTION('',(-4.33680868994202E-16,0.,-1.));
#8148=DIRECTION('',(0.,0.,-1.));
#8149=DIRECTION('',(0.,1.,0.));
#8150=DIRECTION('',(-4.33680868994202E-16,0.,-1.));
#8151=DIRECTION('',(0.,1.,0.));
#8152=DIRECTION('',(0.,0.,-1.));
#8153=DIRECTION('',(0.,1.,0.));
#8154=DIRECTION('',(-4.33680868994202E-16,0.,-1.));
#8155=DIRECTION('',(0.,1.,0.));
#8156=DIRECTION('',(-1.,0.,0.));
#8157=DIRECTION('',(0.,1.,0.));
#8158=DIRECTION('',(0.,0.,-1.));
#8159=DIRECTION('',(0.,1.,0.));
#8160=DIRECTION('',(0.,0.,-1.));
#8161=DIRECTION('',(0.,1.,0.));
#8162=DIRECTION('',(0.,0.,-1.));
#8163=DIRECTION('',(0.,-1.,0.));
#8164=DIRECTION('',(0.,0.,-1.));
#8165=DIRECTION('',(0.,1.,0.));
#8166=DIRECTION('',(0.,0.,-1.));
#8167=DIRECTION('',(0.,1.,0.));
#8168=DIRECTION('',(1.,0.,0.));
#8169=DIRECTION('',(0.,1.,0.));
#8170=DIRECTION('',(1.,0.,0.));
#8171=DIRECTION('',(0.,1.,0.));
#8172=DIRECTION('',(0.,1.,0.));
#8173=DIRECTION('',(1.,0.,0.));
#8174=DIRECTION('',(0.,-1.,0.));
#8175=DIRECTION('',(-1.,0.,0.));
#8176=DIRECTION('',(-1.,0.,-8.2921772274226E-17));
#8177=DIRECTION('',(0.,-1.,0.));
#8178=DIRECTION('',(-1.,0.,0.));
#8179=DIRECTION('',(0.,-1.,0.));
#8180=DIRECTION('',(-1.,0.,0.));
#8181=DIRECTION('',(1.,0.,0.));
#8182=DIRECTION('',(1.,0.,0.));
#8183=DIRECTION('',(0.,0.,-1.));
#8184=DIRECTION('',(1.,0.,8.5035464508667E-17));
#8185=DIRECTION('',(0.,-1.,0.));
#8186=DIRECTION('',(-1.,0.,0.));
#8187=DIRECTION('',(1.,0.,1.94912750109753E-16));
#8188=DIRECTION('',(1.,0.,1.31418445149758E-16));
#8189=DIRECTION('',(0.,0.,-1.));
#8190=DIRECTION('',(1.,0.,0.));
#8191=DIRECTION('',(-1.,0.,0.));
#8192=DIRECTION('',(0.,1.,0.));
#8193=DIRECTION('',(0.,0.,-1.));
#8194=DIRECTION('',(0.,1.,0.));
#8195=DIRECTION('',(0.,0.,-1.));
#8196=DIRECTION('',(0.,1.,0.));
#8197=DIRECTION('',(-4.51750905202294E-17,0.,-1.));
#8198=DIRECTION('',(-1.,0.,4.51750905202294E-17));
#8199=DIRECTION('',(1.,0.,0.));
#8200=DIRECTION('',(0.,1.,0.));
#8201=DIRECTION('',(-1.,0.,0.));
#8202=DIRECTION('',(0.,1.,0.));
#8203=DIRECTION('',(-1.,0.,0.));
#8204=DIRECTION('',(0.,1.,0.));
#8205=DIRECTION('',(0.,0.,-1.));
#8206=DIRECTION('',(0.,1.,0.));
#8207=DIRECTION('',(0.,0.,-1.));
#8208=DIRECTION('',(0.,1.,0.));
#8209=DIRECTION('',(8.2921772274226E-17,0.,-1.));
#8210=DIRECTION('',(-1.,0.,-8.2921772274226E-17));
#8211=DIRECTION('',(0.,1.,0.));
#8212=DIRECTION('',(1.,0.,0.));
#8213=DIRECTION('',(0.,-1.,0.));
#8214=DIRECTION('',(0.,-1.,0.));
#8215=DIRECTION('',(-1.,0.,0.));
#8216=DIRECTION('',(0.,-1.,0.));
#8217=DIRECTION('',(-1.,0.,0.));
#8218=DIRECTION('',(0.,-1.,0.));
#8219=DIRECTION('',(0.,0.,-1.));
#8220=DIRECTION('',(0.,1.,0.));
#8221=DIRECTION('',(0.,1.,0.));
#8222=DIRECTION('',(1.,0.,0.));
#8223=DIRECTION('',(0.,-1.,0.));
#8224=DIRECTION('',(-1.,0.,0.));
#8225=DIRECTION('',(0.,-1.,0.));
#8226=DIRECTION('',(-1.,0.,0.));
#8227=DIRECTION('',(0.,1.,0.));
#8228=DIRECTION('',(-4.51750905202294E-17,0.,-1.));
#8229=DIRECTION('',(-1.,0.,4.51750905202294E-17));
#8230=DIRECTION('',(-1.,0.,4.51750905202294E-17));
#8231=DIRECTION('',(0.,1.,0.));
#8232=DIRECTION('',(-1.,0.,4.51750905202294E-17));
#8233=DIRECTION('',(0.,1.,0.));
#8234=DIRECTION('',(-1.94912750109753E-16,0.,1.));
#8235=DIRECTION('',(1.,0.,1.94912750109753E-16));
#8236=DIRECTION('',(1.,0.,0.));
#8237=DIRECTION('',(0.,1.,0.));
#8238=DIRECTION('',(1.,0.,0.));
#8239=DIRECTION('',(0.,-1.,0.));
#8240=DIRECTION('',(-1.,0.,0.));
#8241=DIRECTION('',(0.,-1.,0.));
#8242=DIRECTION('',(-1.,0.,0.));
#8243=DIRECTION('',(1.,0.,0.));
#8244=DIRECTION('',(0.,-1.,0.));
#8245=DIRECTION('',(0.,1.,0.));
#8246=DIRECTION('',(0.,0.,-1.));
#8247=DIRECTION('',(0.,-1.,0.));
#8248=DIRECTION('',(1.31418445149758E-16,0.,1.));
#8249=DIRECTION('',(1.,0.,-1.31418445149758E-16));
#8250=DIRECTION('',(1.,0.,-1.31418445149758E-16));
#8251=DIRECTION('',(-1.31418445149758E-16,0.,1.));
#8252=DIRECTION('',(1.,0.,1.31418445149758E-16));
#8253=DIRECTION('',(-1.,0.,0.));
#8254=DIRECTION('',(0.,-1.,0.));
#8255=DIRECTION('',(-1.,0.,0.));
#8256=DIRECTION('',(0.,1.,0.));
#8257=DIRECTION('',(1.,0.,0.));
#8258=DIRECTION('',(0.,-1.,0.));
#8259=DIRECTION('',(-1.,0.,0.));
#8260=DIRECTION('',(0.,1.,0.));
#8261=DIRECTION('',(1.,0.,0.));
#8262=DIRECTION('',(0.,-1.,0.));
#8263=DIRECTION('',(-1.,0.,0.));
#8264=DIRECTION('',(0.,0.,1.));
#8265=DIRECTION('',(0.,-1.,0.));
#8266=DIRECTION('',(1.,0.,0.));
#8267=DIRECTION('',(0.,-1.,0.));
#8268=DIRECTION('',(1.,0.,0.));
#8269=DIRECTION('',(0.,-1.,0.));
#8270=DIRECTION('',(0.,0.,-1.));
#8271=DIRECTION('',(0.,-1.,0.));
#8272=DIRECTION('',(-8.5035464508667E-17,0.,1.));
#8273=DIRECTION('',(1.,0.,8.5035464508667E-17));
#8274=DIRECTION('',(1.,0.,0.));
#8275=DIRECTION('',(0.,1.,0.));
#8276=DIRECTION('',(1.,0.,0.));
#8277=DIRECTION('',(0.,-1.,0.));
#8278=DIRECTION('',(-1.,0.,0.));
#8279=DIRECTION('',(0.,1.,0.));
#8280=DIRECTION('',(1.,0.,0.));
#8281=DIRECTION('',(0.,-1.,0.));
#8282=DIRECTION('',(-1.,0.,0.));
#8283=DIRECTION('',(0.,1.,0.));
#8284=DIRECTION('',(1.,0.,0.));
#8285=DIRECTION('',(0.,1.,0.));
#8286=DIRECTION('',(1.,0.,0.));
#8287=DIRECTION('',(0.,1.,0.));
#8288=DIRECTION('',(1.,0.,0.));
#8289=DIRECTION('',(0.,-1.,0.));
#8290=DIRECTION('',(-1.,0.,0.));
#8291=DIRECTION('',(0.,1.,0.));
#8292=DIRECTION('',(1.,0.,0.));
#8293=DIRECTION('',(0.,-1.,0.));
#8294=DIRECTION('',(-1.,0.,0.));
#8295=DIRECTION('',(0.,1.,0.));
#8296=DIRECTION('',(1.,0.,0.));
#8297=DIRECTION('',(0.,1.,0.));
#8298=DIRECTION('',(1.,0.,0.));
#8299=DIRECTION('',(0.,-1.,0.));
#8300=DIRECTION('',(-1.,0.,0.));
#8301=DIRECTION('',(0.,1.,0.));
#8302=DIRECTION('',(1.,0.,0.));
#8303=DIRECTION('',(0.,-1.,0.));
#8304=DIRECTION('',(-1.,0.,0.));
#8305=DIRECTION('',(0.,-1.,0.));
#8306=DIRECTION('',(-1.,0.,0.));
#8307=DIRECTION('',(0.,-1.,0.));
#8308=DIRECTION('',(-1.,0.,0.));
#8309=DIRECTION('',(0.,-1.,0.));
#8310=DIRECTION('',(-1.,0.,0.));
#8311=DIRECTION('',(0.,1.,0.));
#8312=DIRECTION('',(1.,0.,0.));
#8313=DIRECTION('',(0.,1.,0.));
#8314=DIRECTION('',(1.,0.,0.));
#8315=DIRECTION('',(0.,-1.,0.));
#8316=DIRECTION('',(-1.,0.,0.));
#8317=DIRECTION('',(0.,-1.,0.));
#8318=DIRECTION('',(-1.,0.,0.));
#8319=DIRECTION('',(0.,1.,0.));
#8320=DIRECTION('',(1.,0.,0.));
#8321=DIRECTION('',(0.,-1.,0.));
#8322=DIRECTION('',(-1.,0.,0.));
#8323=DIRECTION('',(0.,1.,0.));
#8324=DIRECTION('',(1.,0.,0.));
#8325=DIRECTION('',(0.,-1.,0.));
#8326=DIRECTION('',(-1.,0.,0.));
#8327=DIRECTION('',(0.,-1.,0.));
#8328=DIRECTION('',(-1.,0.,0.));
#8329=DIRECTION('',(0.,-1.,0.));
#8330=DIRECTION('',(-1.,0.,0.));
#8331=DIRECTION('',(0.,-1.,0.));
#8332=DIRECTION('',(-1.,0.,0.));
#8333=DIRECTION('',(0.,-1.,0.));
#8334=DIRECTION('',(-1.,0.,0.));
#8335=DIRECTION('',(0.,-1.,0.));
#8336=DIRECTION('',(-1.,0.,0.));
#8337=DIRECTION('',(0.,-1.,0.));
#8338=DIRECTION('',(-1.,0.,0.));
#8339=DIRECTION('',(0.,0.,1.));
#8340=DIRECTION('',(-1.,0.,0.));
#8341=DIRECTION('',(0.,1.,0.));
#8342=DIRECTION('',(0.,0.,1.));
#8343=DIRECTION('',(0.,1.,0.));
#8344=DIRECTION('',(0.,0.,1.));
#8345=DIRECTION('',(1.0089822288278E-15,0.,-1.));
#8346=DIRECTION('',(1.,0.,0.));
#8347=DIRECTION('',(0.,0.,-1.));
#8348=DIRECTION('',(-1.,0.,0.));
#8349=DIRECTION('',(0.,0.,-1.));
#8350=DIRECTION('',(-1.,0.,0.));
#8351=DIRECTION('',(-1.,0.,0.));
#8352=DIRECTION('',(0.,1.,0.));
#8353=DIRECTION('',(-1.,0.,0.));
#8354=DIRECTION('',(0.,1.,0.));
#8355=DIRECTION('',(-0.927183854566787,0.374606593415913,0.));
#8356=DIRECTION('',(-0.374606593415913,-0.927183854566787,0.));
#8357=DIRECTION('',(0.,0.,1.));
#8358=DIRECTION('',(-0.350800434887318,-0.868261544562316,-0.350800434887315));
#8359=DIRECTION('',(0.,0.,1.));
#8360=DIRECTION('',(0.307654611829787,0.761471885132797,-0.570534142687506));
#8361=DIRECTION('',(0.,0.,1.));
#8362=DIRECTION('',(-0.374606593415913,-0.927183854566787,0.));
#8363=DIRECTION('',(0.,0.,1.));
#8364=DIRECTION('',(-0.374606593415913,-0.927183854566787,0.));
#8365=DIRECTION('',(0.927183854566787,0.374606593415913,0.));
#8366=DIRECTION('',(-0.374606593415913,0.927183854566787,0.));
#8367=DIRECTION('',(0.,0.,1.));
#8368=DIRECTION('',(-0.350800434887317,0.868261544562316,0.350800434887315));
#8369=DIRECTION('',(0.,0.,1.));
#8370=DIRECTION('',(-0.374606593415913,0.927183854566787,0.));
#8371=DIRECTION('',(0.,0.,1.));
#8372=DIRECTION('',(-0.374606593415913,0.927183854566787,0.));
#8373=DIRECTION('',(0.,0.,1.));
#8374=DIRECTION('',(0.307654611829787,-0.761471885132798,0.570534142687505));
#8375=DIRECTION('',(0.,0.374606593415913,-0.927183854566787));
#8376=DIRECTION('',(0.,0.927183854566787,0.374606593415913));
#8377=DIRECTION('',(1.,0.,0.));
#8378=DIRECTION('',(0.350800434887317,-0.868261544562316,-0.350800434887317));
#8379=DIRECTION('',(1.,0.,0.));
#8380=DIRECTION('',(0.350800434887322,0.868261544562314,0.350800434887316));
#8381=DIRECTION('',(1.,0.,0.));
#8382=DIRECTION('',(0.,0.927183854566787,0.374606593415913));
#8383=DIRECTION('',(1.,0.,0.));
#8384=DIRECTION('',(0.,0.927183854566787,0.374606593415913));
#8385=DIRECTION('',(0.,1.,0.));
#8386=DIRECTION('',(0.,0.,1.));
#8387=DIRECTION('',(0.,1.,0.));
#8388=DIRECTION('',(0.,0.,1.));
#8389=DIRECTION('',(-1.,0.,0.));
#8390=DIRECTION('',(1.,0.,0.));
#8391=DIRECTION('',(2.16840434497101E-16,0.,1.));
#8392=DIRECTION('',(-1.,0.,0.));
#8393=DIRECTION('',(0.,0.,1.));
#8394=DIRECTION('',(1.,0.,0.));
#8395=DIRECTION('',(-2.16840434497101E-16,0.,1.));
#8396=DIRECTION('',(1.,0.,0.));
#8397=DIRECTION('',(-2.16840434497101E-16,0.,-1.));
#8398=DIRECTION('',(1.,0.,0.));
#8399=DIRECTION('',(0.,0.,1.));
#8400=DIRECTION('',(-1.,0.,0.));
#8401=DIRECTION('',(2.16840434497101E-16,0.,-1.));
#8402=DIRECTION('',(1.,0.,0.));
#8403=DIRECTION('',(0.,1.,0.));
#8404=DIRECTION('',(0.,0.,1.));
#8405=DIRECTION('',(1.,0.,0.));
#8406=DIRECTION('',(0.,1.,0.));
#8407=DIRECTION('',(0.,0.,1.));
#8408=DIRECTION('',(0.,0.,1.));
#8409=DIRECTION('',(-1.,0.,0.));
#8410=DIRECTION('',(0.,0.,1.));
#8411=DIRECTION('',(1.,0.,0.));
#8412=DIRECTION('',(1.,0.,-2.16840434497101E-16));
#8413=DIRECTION('',(-2.16840434497101E-16,0.,-1.));
#8414=DIRECTION('',(-1.,0.,0.));
#8415=DIRECTION('',(0.,0.,1.));
#8416=DIRECTION('',(0.,1.,0.));
#8417=DIRECTION('',(-2.16840434497101E-16,0.,-1.));
#8418=DIRECTION('',(0.,1.,0.));
#8419=DIRECTION('',(0.,0.,1.));
#8420=DIRECTION('',(1.,0.,0.));
#8421=DIRECTION('',(0.,0.,1.));
#8422=DIRECTION('',(1.,0.,0.));
#8423=DIRECTION('',(1.,0.,0.));
#8424=DIRECTION('',(0.,1.,0.));
#8425=DIRECTION('',(0.,1.,0.));
#8426=DIRECTION('',(0.,0.,1.));
#8427=DIRECTION('',(1.,0.,0.));
#8428=DIRECTION('',(0.,0.,1.));
#8429=DIRECTION('',(1.,0.,0.));
#8430=DIRECTION('',(1.,0.,0.));
#8431=DIRECTION('',(0.,0.,1.));
#8432=DIRECTION('',(0.,0.,-1.));
#8433=DIRECTION('',(-1.,0.,0.));
#8434=DIRECTION('',(0.,0.,1.));
#8435=DIRECTION('',(1.,0.,0.));
#8436=DIRECTION('',(0.,1.,0.));
#8437=DIRECTION('',(-1.,0.,0.));
#8438=DIRECTION('',(0.,1.,0.));
#8439=DIRECTION('',(1.,0.,2.16840434497101E-16));
#8440=DIRECTION('',(2.16840434497101E-16,0.,-1.));
#8441=DIRECTION('',(1.73534654379755E-16,0.800287339315747,-0.599616689670095));
#8442=DIRECTION('',(2.16840434497101E-16,0.,-1.));
#8443=DIRECTION('',(0.,1.,0.));
#8444=DIRECTION('',(0.,1.,0.));
#8445=DIRECTION('',(0.,0.,1.));
#8446=DIRECTION('',(0.,0.,-1.));
#8447=DIRECTION('',(1.,0.,0.));
#8448=DIRECTION('',(0.,0.,1.));
#8449=DIRECTION('',(1.,0.,0.));
#8450=DIRECTION('',(1.,0.,0.));
#8451=DIRECTION('',(-1.,0.,2.16840434497101E-16));
#8452=DIRECTION('',(2.16840434497101E-16,0.,1.));
#8453=DIRECTION('',(1.73534654379755E-16,-0.800287339315747,0.599616689670095));
#8454=DIRECTION('',(0.,1.,0.));
#8455=DIRECTION('',(2.16840434497101E-16,0.,1.));
#8456=DIRECTION('',(0.,1.,0.));
#8457=DIRECTION('',(0.,0.,-1.));
#8458=DIRECTION('',(-1.,0.,0.));
#8459=DIRECTION('',(0.,0.,-1.));
#8460=DIRECTION('',(-1.,0.,0.));
#8461=DIRECTION('',(-1.,0.,0.));
#8462=DIRECTION('',(0.,1.,0.));
#8463=DIRECTION('',(0.,1.,0.));
#8464=DIRECTION('',(0.,0.,1.));
#8465=DIRECTION('',(-1.,0.,0.));
#8466=DIRECTION('',(0.,0.,-1.));
#8467=DIRECTION('',(1.,0.,0.));
#8468=DIRECTION('',(0.,0.,1.));
#8469=DIRECTION('',(0.,0.,1.));
#8470=DIRECTION('',(1.,0.,0.));
#8471=DIRECTION('',(0.,0.,-1.));
#8472=DIRECTION('',(-1.,0.,0.));
#8473=DIRECTION('',(0.,1.,0.));
#8474=DIRECTION('',(1.,0.,0.));
#8475=DIRECTION('',(0.,1.,0.));
#8476=DIRECTION('',(-1.,0.,-2.16840434497101E-16));
#8477=DIRECTION('',(-2.16840434497101E-16,0.,1.));
#8478=DIRECTION('',(-1.,0.,0.));
#8479=DIRECTION('',(0.,0.,1.));
#8480=DIRECTION('',(-2.16840434497101E-16,0.,1.));
#8481=DIRECTION('',(0.,1.,0.));
#8482=DIRECTION('',(0.,-0.599616689670095,-0.800287339315747));
#8483=DIRECTION('',(0.,0.800287339315747,-0.599616689670095));
#8484=DIRECTION('',(0.,0.800287339315747,-0.599616689670095));
#8485=DIRECTION('',(1.,0.,0.));
#8486=DIRECTION('',(0.,0.800287339315747,-0.599616689670095));
#8487=DIRECTION('',(1.,0.,0.));
#8488=DIRECTION('',(0.,0.800287339315747,-0.599616689670095));
#8489=DIRECTION('',(-0.307654611829789,-0.761471885132797,0.570534142687505));
#8490=DIRECTION('',(-0.307654611829791,0.761471885132796,-0.570534142687505));
#8491=DIRECTION('',(0.,0.800287339315747,-0.599616689670095));
#8492=DIRECTION('',(0.350800434887317,-0.868261544562316,-0.350800434887317));
#8493=DIRECTION('',(0.927183854566787,0.374606593415913,0.));
#8494=DIRECTION('',(-0.307654611829787,0.761471885132797,-0.570534142687506));
#8495=DIRECTION('',(8.32667268468867E-17,0.599616689670095,0.800287339315747));
#8496=DIRECTION('',(-0.350800434887317,-0.868261544562316,-0.350800434887317));
#8497=DIRECTION('',(0.927183854566787,-0.374606593415913,0.));
#8498=DIRECTION('',(-0.307654611829787,-0.761471885132797,0.570534142687506));
#8499=DIRECTION('',(8.32667268468867E-17,-0.599616689670095,-0.800287339315747));
#8500=DIRECTION('',(0.,0.,1.));
#8501=DIRECTION('',(1.,0.,0.));
#8502=DIRECTION('',(-1.,0.,0.));
#8503=DIRECTION('',(0.,0.,1.));
#8504=DIRECTION('',(0.,0.,-1.));
#8505=DIRECTION('',(-1.,0.,0.));
#8506=DIRECTION('',(-1.,0.,0.));
#8507=DIRECTION('',(0.,0.,1.));
#8508=DIRECTION('',(0.,0.,1.));
#8509=DIRECTION('',(1.,0.,0.));
#8510=DIRECTION('',(0.,0.,-1.));
#8511=DIRECTION('',(0.,1.,0.));
#8512=DIRECTION('',(0.,1.,0.));
#8513=DIRECTION('',(0.,0.,1.));
#8514=DIRECTION('',(0.,1.,0.));
#8515=DIRECTION('',(0.,0.,1.));
#8516=DIRECTION('',(3.36327409609267E-16,0.,1.));
#8517=DIRECTION('',(0.,0.,-1.));
#8518=DIRECTION('',(-1.,0.,0.));
#8519=DIRECTION('',(0.,1.,0.));
#8520=DIRECTION('',(0.,0.,1.));
#8521=DIRECTION('',(1.,0.,0.));
#8522=DIRECTION('',(0.,1.,0.));
#8523=DIRECTION('',(1.,0.,0.));
#8524=DIRECTION('',(0.,1.,0.));
#8525=DIRECTION('',(1.,0.,1.0089822288278E-15));
#8526=DIRECTION('',(1.0089822288278E-15,0.,-1.));
#8527=DIRECTION('',(0.,1.,0.));
#8528=DIRECTION('',(1.0089822288278E-15,0.,-1.));
#8529=DIRECTION('',(-1.,0.,3.36327409609267E-16));
#8530=DIRECTION('',(3.36327409609267E-16,0.,1.));
#8531=DIRECTION('',(3.36327409609267E-16,0.,1.));
#8532=DIRECTION('',(0.,1.,0.));
#8533=DIRECTION('',(0.,1.,0.));
#8534=DIRECTION('',(0.,0.,1.));
#8535=DIRECTION('',(0.,1.,0.));
#8536=DIRECTION('',(0.,0.,1.));
#8537=DIRECTION('',(0.,1.,0.));
#8538=DIRECTION('',(0.,0.,1.));
#8539=DIRECTION('',(0.,0.,-1.));
#8540=DIRECTION('',(-1.,0.,0.));
#8541=DIRECTION('',(-1.,0.,0.));
#8542=DIRECTION('',(0.,1.,0.));
#8543=DIRECTION('',(1.,0.,0.));
#8544=DIRECTION('',(0.,0.,-1.));
#8545=DIRECTION('',(0.,0.,-1.));
#8546=DIRECTION('',(0.,1.,0.));
#8547=DIRECTION('',(0.,0.,1.));
#8548=DIRECTION('',(1.,0.,0.));
#8549=DIRECTION('',(0.,0.,-1.));
#8550=DIRECTION('',(0.,0.,-1.));
#8551=DIRECTION('',(0.,1.,0.));
#8552=DIRECTION('',(0.,0.,1.));
#8553=DIRECTION('',(1.,0.,0.));
#8554=DIRECTION('',(1.,0.,0.));
#8555=DIRECTION('',(0.,1.,0.));
#8556=DIRECTION('',(0.,0.,1.));
#8557=DIRECTION('',(0.,0.,1.));
#8558=DIRECTION('',(1.,0.,0.));
#8559=DIRECTION('',(1.,0.,0.));
#8560=DIRECTION('',(0.,1.,0.));
#8561=DIRECTION('',(-1.,0.,0.));
#8562=DIRECTION('',(0.,0.,1.));
#8563=DIRECTION('',(0.,0.,1.));
#8564=DIRECTION('',(0.,1.,0.));
#8565=DIRECTION('',(0.,0.,1.));
#8566=DIRECTION('',(-1.,0.,0.));
#8567=DIRECTION('',(0.,0.,1.));
#8568=DIRECTION('',(0.,0.,1.));
#8569=DIRECTION('',(0.,1.,0.));
#8570=DIRECTION('',(0.,0.,-1.));
#8571=DIRECTION('',(-1.,0.,0.));
#8572=DIRECTION('',(-1.,0.,0.));
#8573=DIRECTION('',(0.,1.,0.));
#8574=DIRECTION('',(0.,0.,1.));
#8575=DIRECTION('',(0.,0.,-1.));
#8576=DIRECTION('',(-1.,0.,0.));
#8577=DIRECTION('',(-1.,0.,6.87176245486725E-15));
#8578=DIRECTION('',(6.87176245486725E-15,0.,1.));
#8579=DIRECTION('',(-1.,0.,6.87176245486725E-15));
#8580=DIRECTION('',(6.87176245486725E-15,0.,1.));
#8581=DIRECTION('',(-1.,0.,6.87176245486725E-15));
#8582=DIRECTION('',(-1.,0.,6.87176245486725E-15));
#8583=DIRECTION('',(6.87176245486725E-15,0.,1.));
#8584=DIRECTION('',(-1.,0.,6.98296267768627E-15));
#8585=DIRECTION('',(1.,0.,-7.0941629005053E-15));
#8586=DIRECTION('',(-7.0941629005053E-15,0.,-1.));
#8587=DIRECTION('',(1.,0.,-7.0941629005053E-15));
#8588=DIRECTION('',(-7.0941629005053E-15,0.,-1.));
#8589=DIRECTION('',(1.,0.,-7.0941629005053E-15));
#8590=DIRECTION('',(1.,0.,-7.0941629005053E-15));
#8591=DIRECTION('',(-7.0941629005053E-15,0.,-1.));
#8592=DIRECTION('',(-1.,0.,6.98296267768627E-15));
#8593=DIRECTION('',(0.,1.,0.));
#8594=DIRECTION('',(-1.,0.,6.98296267768627E-15));
#8595=DIRECTION('',(6.98296267768627E-15,0.,1.));
#8596=DIRECTION('',(-1.,0.,6.98296267768627E-15));
#8597=DIRECTION('',(6.98296267768627E-15,0.,1.));
#8598=DIRECTION('',(-1.,0.,6.98296267768627E-15));
#8599=DIRECTION('',(-1.,0.,7.15643502528395E-15));
#8600=DIRECTION('',(7.15643502528395E-15,0.,1.));
#8601=DIRECTION('',(-1.,0.,7.28789453869782E-15));
#8602=DIRECTION('',(7.28789453869782E-15,0.,1.));
#8603=DIRECTION('',(0.,1.,0.));
#8604=DIRECTION('',(6.98296267768627E-15,0.,1.));
#8605=DIRECTION('',(0.,1.,0.));
#8606=DIRECTION('',(1.,0.,-6.98296267768627E-15));
#8607=DIRECTION('',(0.,1.,0.));
#8608=DIRECTION('',(7.15643502528395E-15,0.,1.));
#8609=DIRECTION('',(1.,0.,-6.80949033008859E-15));
#8610=DIRECTION('',(-6.80949033008859E-15,0.,-1.));
#8611=DIRECTION('',(-1.,0.,7.28789453869782E-15));
#8612=DIRECTION('',(7.28789453869782E-15,0.,1.));
#8613=DIRECTION('',(-1.,0.,6.87176245486725E-15));
#8614=DIRECTION('',(6.87176245486725E-15,0.,1.));
#8615=DIRECTION('',(-6.80949033008859E-15,0.,-1.));
#8616=DIRECTION('',(1.,0.,-6.98296267768627E-15));
#8617=DIRECTION('',(0.,1.,0.));
#8618=DIRECTION('',(0.,-1.,0.));
#8619=DIRECTION('',(6.98296267768627E-15,0.,1.));
#8620=DIRECTION('',(0.,1.,0.));
#8621=DIRECTION('',(0.,1.,0.));
#8622=DIRECTION('',(-1.,0.,6.98296267768627E-15));
#8623=DIRECTION('',(-1.,0.,7.0281377682065E-15));
#8624=DIRECTION('',(0.,-1.,0.));
#8625=DIRECTION('',(1.,0.,-6.98296267768627E-15));
#8626=DIRECTION('',(6.98296267768627E-15,0.,1.));
#8627=DIRECTION('',(-1.,0.,6.98296267768627E-15));
#8628=DIRECTION('',(-1.,0.,6.98296267768627E-15));
#8629=DIRECTION('',(-7.34436340184811E-15,0.,-1.));
#8630=DIRECTION('',(0.,1.,0.));
#8631=DIRECTION('',(-1.,0.,6.98296267768627E-15));
#8632=DIRECTION('',(0.,1.,0.));
#8633=DIRECTION('',(-1.,0.,6.98296267768627E-15));
#8634=DIRECTION('',(6.98296267768627E-15,0.,1.));
#8635=DIRECTION('',(-1.,0.,6.98296267768627E-15));
#8636=DIRECTION('',(6.98296267768627E-15,0.,1.));
#8637=DIRECTION('',(-1.,0.,7.0941629005053E-15));
#8638=DIRECTION('',(-1.,0.,7.15643502528395E-15));
#8639=DIRECTION('',(7.15643502528395E-15,0.,1.));
#8640=DIRECTION('',(-1.,0.,7.28789453869782E-15));
#8641=DIRECTION('',(7.28789453869782E-15,0.,1.));
#8642=DIRECTION('',(1.,0.,-7.0941629005053E-15));
#8643=DIRECTION('',(-7.0941629005053E-15,0.,-1.));
#8644=DIRECTION('',(7.15643502528395E-15,0.,1.));
#8645=DIRECTION('',(-1.,0.,6.98296267768627E-15));
#8646=DIRECTION('',(0.,-1.,0.));
#8647=DIRECTION('',(0.,1.,0.));
#8648=DIRECTION('',(6.98296267768627E-15,0.,1.));
#8649=DIRECTION('',(0.,1.,0.));
#8650=DIRECTION('',(6.98296267768627E-15,0.,1.));
#8651=DIRECTION('',(0.,1.,0.));
#8652=DIRECTION('',(-1.,0.,6.98296267768627E-15));
#8653=DIRECTION('',(0.,1.,0.));
#8654=DIRECTION('',(-1.,0.,6.98296267768627E-15));
#8655=DIRECTION('',(1.,0.,-6.80949033008859E-15));
#8656=DIRECTION('',(-6.80949033008859E-15,0.,-1.));
#8657=DIRECTION('',(-1.,0.,7.28789453869782E-15));
#8658=DIRECTION('',(7.28789453869782E-15,0.,1.));
#8659=DIRECTION('',(0.,1.,0.));
#8660=DIRECTION('',(6.98296267768627E-15,0.,1.));
#8661=DIRECTION('',(-1.,0.,6.98296267768627E-15));
#8662=DIRECTION('',(0.,-1.,0.));
#8663=DIRECTION('',(-6.80949033008859E-15,0.,-1.));
#8664=DIRECTION('',(-6.98296267768627E-15,0.,-1.));
#8665=DIRECTION('',(0.,-1.,0.));
#8666=DIRECTION('',(-1.,0.,6.98296267768627E-15));
#8667=DIRECTION('',(-1.,0.,6.98296267768627E-15));
#8668=DIRECTION('',(0.,1.,0.));
#8669=DIRECTION('',(-1.,0.,6.98296267768627E-15));
#8670=DIRECTION('',(6.98296267768627E-15,0.,1.));
#8671=DIRECTION('',(0.,1.,0.));
#8672=DIRECTION('',(-1.,0.,6.98296267768627E-15));
#8673=DIRECTION('',(-1.,0.,6.98296267768627E-15));
#8674=DIRECTION('',(0.,-1.,0.));
#8675=DIRECTION('',(1.,0.,-6.98296267768627E-15));
#8676=DIRECTION('',(6.98296267768627E-15,0.,1.));
#8677=DIRECTION('',(-1.,0.,6.98296267768627E-15));
#8678=DIRECTION('',(-1.,0.,6.98296267768627E-15));
#8679=DIRECTION('',(6.98296267768627E-15,0.,1.));
#8680=DIRECTION('',(0.,1.,0.));
#8681=DIRECTION('',(-1.,0.,6.98296267768627E-15));
#8682=DIRECTION('',(0.,1.,0.));
#8683=DIRECTION('',(-1.,0.,6.98296267768627E-15));
#8684=DIRECTION('',(-1.,0.,6.98296267768627E-15));
#8685=DIRECTION('',(0.,1.,0.));
#8686=DIRECTION('',(0.,1.,0.));
#8687=DIRECTION('',(-1.,0.,6.98296267768627E-15));
#8688=DIRECTION('',(6.98296267768627E-15,0.,1.));
#8689=DIRECTION('',(-1.,0.,6.98296267768627E-15));
#8690=DIRECTION('',(-1.,0.,6.98296267768627E-15));
#8691=DIRECTION('',(6.98296267768627E-15,0.,1.));
#8692=DIRECTION('',(-7.0941629005053E-15,0.,-1.));
#8693=DIRECTION('',(-1.,0.,7.0941629005053E-15));
#8694=DIRECTION('',(0.,1.,0.));
#8695=DIRECTION('',(-1.,0.,6.98296267768627E-15));
#8696=DIRECTION('',(0.,1.,0.));
#8697=DIRECTION('',(0.,1.,0.));
#8698=DIRECTION('',(-1.,0.,6.98296267768627E-15));
#8699=DIRECTION('',(-7.06969885148511E-15,0.,-1.));
#8700=DIRECTION('',(7.15643502528395E-15,0.,1.));
#8701=DIRECTION('',(1.,0.,-7.06969885148511E-15));
#8702=DIRECTION('',(-7.06969885148511E-15,0.,-1.));
#8703=DIRECTION('',(-1.,0.,7.15643502528395E-15));
#8704=DIRECTION('',(7.15643502528395E-15,0.,1.));
#8705=DIRECTION('',(1.,0.,-7.0941629005053E-15));
#8706=DIRECTION('',(-7.0941629005053E-15,0.,-1.));
#8707=DIRECTION('',(1.,0.,-7.0941629005053E-15));
#8708=DIRECTION('',(1.,0.,-7.0941629005053E-15));
#8709=DIRECTION('',(-7.0941629005053E-15,0.,-1.));
#8710=DIRECTION('',(-1.,0.,6.87176245486725E-15));
#8711=DIRECTION('',(6.87176245486725E-15,0.,1.));
#8712=DIRECTION('',(-1.,0.,6.87176245486725E-15));
#8713=DIRECTION('',(-1.,0.,6.87176245486725E-15));
#8714=DIRECTION('',(6.87176245486725E-15,0.,1.));
#8715=DIRECTION('',(-1.,0.,6.98296267768627E-15));
#8716=DIRECTION('',(0.,-1.,0.));
#8717=DIRECTION('',(1.,0.,-6.98296267768627E-15));
#8718=DIRECTION('',(0.,1.,0.));
#8719=DIRECTION('',(1.,0.,-6.98296267768627E-15));
#8720=DIRECTION('',(0.,1.,0.));
#8721=DIRECTION('',(6.98296267768627E-15,0.,1.));
#8722=DIRECTION('',(0.,1.,0.));
#8723=DIRECTION('',(-1.,0.,7.28789453869782E-15));
#8724=DIRECTION('',(7.28789453869782E-15,0.,1.));
#8725=DIRECTION('',(0.,1.,0.));
#8726=DIRECTION('',(-4.93770026216453E-15,-0.707106781186548,-0.707106781186547));
#8727=DIRECTION('',(-7.28789453869782E-15,0.,-1.));
#8728=DIRECTION('',(-1.,0.,7.28789453869782E-15));
#8729=DIRECTION('',(-1.,0.,7.28789453869782E-15));
#8730=DIRECTION('',(0.,1.,0.));
#8731=DIRECTION('',(-1.,0.,7.28789453869782E-15));
#8732=DIRECTION('',(1.,0.,-7.52506376392902E-15));
#8733=DIRECTION('',(-7.52506376392902E-15,0.,-1.));
#8734=DIRECTION('',(0.,1.,0.));
#8735=DIRECTION('',(-7.52506376392902E-15,0.,-1.));
#8736=DIRECTION('',(4.93770026216453E-15,0.707106781186548,0.707106781186547));
#8737=DIRECTION('',(-1.,0.,7.28789453869782E-15));
#8738=DIRECTION('',(7.28789453869782E-15,0.,1.));
#8739=DIRECTION('',(-7.0281377682065E-15,0.,-1.));
#8740=DIRECTION('',(-1.,0.,7.0281377682065E-15));
#8741=DIRECTION('',(-1.,0.,7.0281377682065E-15));
#8742=DIRECTION('',(0.,1.,0.));
#8743=DIRECTION('',(0.,1.,0.));
#8744=DIRECTION('',(0.,-1.,0.));
#8745=DIRECTION('',(1.,0.,-6.98296267768627E-15));
#8746=DIRECTION('',(0.,-1.,0.));
#8747=DIRECTION('',(1.,0.,-6.98296267768627E-15));
#8748=DIRECTION('',(0.,1.,0.));
#8749=DIRECTION('',(-1.,0.,6.98296267768627E-15));
#8750=DIRECTION('',(1.,0.,-6.98296267768627E-15));
#8751=DIRECTION('',(-5.15331964888563E-15,0.707106781186548,-0.707106781186547));
#8752=DIRECTION('',(1.,0.,-7.28789453869782E-15));
#8753=DIRECTION('',(1.,0.,-7.34436340184811E-15));
#8754=DIRECTION('',(-7.34436340184811E-15,0.,-1.));
#8755=DIRECTION('',(0.,1.,0.));
#8756=DIRECTION('',(-7.34436340184811E-15,0.,-1.));
#8757=DIRECTION('',(-4.93770026216452E-15,0.707106781186549,-0.707106781186546));
#8758=DIRECTION('',(0.,1.,0.));
#8759=DIRECTION('',(-1.,0.,7.28789453869782E-15));
#8760=DIRECTION('',(7.28789453869782E-15,0.,1.));
#8761=DIRECTION('',(-7.0281377682065E-15,0.,-1.));
#8762=DIRECTION('',(-1.,0.,7.0281377682065E-15));
#8763=DIRECTION('',(0.,1.,0.));
#8764=DIRECTION('',(1.,0.,-6.98296267768627E-15));
#8765=DIRECTION('',(0.,1.,0.));
#8766=DIRECTION('',(1.,0.,-7.34436340184811E-15));
#8767=DIRECTION('',(-7.34436340184811E-15,0.,-1.));
#8768=DIRECTION('',(6.98296267768627E-15,0.,1.));
#8769=DIRECTION('',(0.,1.,0.));
#8770=DIRECTION('',(-1.,0.,7.28789453869782E-15));
#8771=DIRECTION('',(7.28789453869782E-15,0.,1.));
#8772=DIRECTION('',(0.,1.,0.));
#8773=DIRECTION('',(4.93770026216452E-15,-0.707106781186549,0.707106781186546));
#8774=DIRECTION('',(7.28789453869782E-15,0.,1.));
#8775=DIRECTION('',(1.,0.,-7.28789453869782E-15));
#8776=DIRECTION('',(1.,0.,-7.28789453869782E-15));
#8777=DIRECTION('',(1.,0.,-7.28789453869782E-15));
#8778=DIRECTION('',(0.,-1.,0.));
#8779=DIRECTION('',(1.,0.,-6.98296267768627E-15));
#8780=DIRECTION('',(0.,1.,0.));
#8781=DIRECTION('',(-1.,0.,6.98296267768627E-15));
#8782=DIRECTION('',(1.,0.,-6.98296267768627E-15));
#8783=DIRECTION('',(0.,-1.,0.));
#8784=DIRECTION('',(1.,0.,-6.98296267768627E-15));
#8785=DIRECTION('',(-5.15331964888564E-15,-0.707106781186546,-0.707106781186549));
#8786=DIRECTION('',(-1.,0.,7.28789453869782E-15));
#8787=DIRECTION('',(-1.,0.,7.28789453869782E-15));
#8788=DIRECTION('',(7.28789453869782E-15,0.,1.));
#8789=DIRECTION('',(-1.,0.,7.28789453869782E-15));
#8790=DIRECTION('',(7.28789453869782E-15,0.,1.));
#8791=DIRECTION('',(0.,1.,0.));
#8792=DIRECTION('',(-1.,0.,6.98296267768627E-15));
#8793=DIRECTION('',(0.,-1.,0.));
#8794=DIRECTION('',(1.,0.,-6.98296267768627E-15));
#8795=DIRECTION('',(0.,1.,0.));
#8796=DIRECTION('',(-1.,0.,6.98296267768627E-15));
#8797=DIRECTION('',(0.,-1.,0.));
#8798=DIRECTION('',(1.,0.,-6.98296267768627E-15));
#8799=DIRECTION('',(0.,0.,1.));
#8800=DIRECTION('',(-1.,0.,0.));
#8801=CARTESIAN_POINT('',(0.,0.,0.));
#8802=CARTESIAN_POINT('',(0.006153676823466,0.0131508570899637,-0.0077183505433829));
#8803=CARTESIAN_POINT('',(0.006653676823466,0.0131508570899637,-0.0077183505433829));
#8804=CARTESIAN_POINT('',(0.006653676823466,0.0130508570899637,-0.0077183505433829));
#8805=CARTESIAN_POINT('',(0.006653676823466,0.0131379380823991,-0.00761918855851194));
#8806=CARTESIAN_POINT('',(0.006153676823466,0.0131379380823991,-0.00761918855851194));
#8807=CARTESIAN_POINT('',(0.006153676823466,0.0131379380823991,-0.00761918855851194));
#8808=CARTESIAN_POINT('',(0.006153676823466,0.0131508570899637,-0.0077183505433829));
#8809=CARTESIAN_POINT('',(0.006153676823466,0.0130508570899637,-0.0077183505433829));
#8810=CARTESIAN_POINT('',(0.009078676823466,0.0130508570899637,-0.0077183505433829));
#8811=CARTESIAN_POINT('',(0.006153676823466,0.0131508570899637,-0.0073183505433829));
#8812=CARTESIAN_POINT('',(0.007853676823466,0.0131508570899637,-0.0073183505433829));
#8813=CARTESIAN_POINT('',(0.007853676823466,0.0130508570899637,-0.0073183505433829));
#8814=CARTESIAN_POINT('',(0.007853676823466,0.0131379380823991,-0.00741751252825386));
#8815=CARTESIAN_POINT('',(0.006153676823466,0.0131379380823991,-0.00741751252825386));
#8816=CARTESIAN_POINT('',(0.012003676823466,0.0131379380823991,-0.00741751252825386));
#8817=CARTESIAN_POINT('',(0.012003676823466,0.0131508570899637,-0.0073183505433829));
#8818=CARTESIAN_POINT('',(0.012003676823466,0.0130508570899637,-0.0073183505433829));
#8819=CARTESIAN_POINT('',(0.009078676823466,0.0130508570899637,-0.0073183505433829));
#8820=CARTESIAN_POINT('',(0.009078676823466,0.0131508570899637,-0.0075183505433829));
#8821=CARTESIAN_POINT('',(0.006153676823466,0.0131508570899637,-0.0075183505433829));
#8822=CARTESIAN_POINT('',(0.006153676823466,0.0131508570899637,-0.0086683505433829));
#8823=CARTESIAN_POINT('',(0.006153676823466,0.0131508570899637,-0.0076683505433829));
#8824=CARTESIAN_POINT('',(0.009078676823466,0.0131508570899637,-0.0076683505433829));
#8825=CARTESIAN_POINT('',(0.012003676823466,0.0131508570899637,-0.0076683505433829));
#8826=CARTESIAN_POINT('',(0.012003676823466,0.0131508570899637,-0.0075183505433829));
#8827=CARTESIAN_POINT('',(0.012003676823466,0.0131508570899637,-0.0086683505433829));
#8828=CARTESIAN_POINT('',(0.009078676823466,0.0131508570899637,-0.0086683505433829));
#8829=CARTESIAN_POINT('',(0.006153676823466,0.0131508570899637,-0.0087683505433829));
#8830=CARTESIAN_POINT('',(0.006153676823466,0.0130508570899637,-0.0076683505433829));
#8831=CARTESIAN_POINT('',(0.006153676823466,0.0147508570899637,-0.0086683505433829));
#8832=CARTESIAN_POINT('',(0.006153676823466,0.0147508570899637,-0.0086683505433829));
#8833=CARTESIAN_POINT('',(0.006153676823466,0.0147508570899637,-0.0075183505433829));
#8834=CARTESIAN_POINT('',(0.006153676823466,0.0147508570899637,-0.0087683505433829));
#8835=CARTESIAN_POINT('',(0.006153676823466,0.0131508570899637,-0.0087683505433829));
#8836=CARTESIAN_POINT('',(0.006153676823466,0.0131508570899637,-0.0087683505433829));
#8837=CARTESIAN_POINT('',(0.006153676823466,0.0131508570899637,-0.0086683505433829));
#8838=CARTESIAN_POINT('',(0.006153676823466,0.0130508570899637,-0.0086683505433829));
#8839=CARTESIAN_POINT('',(0.006153676823466,0.0130508570899637,-0.0087683505433829));
#8840=CARTESIAN_POINT('',(0.012003676823466,0.0131508570899637,-0.0087683505433829));
#8841=CARTESIAN_POINT('',(0.012003676823466,0.0130508570899637,-0.0076683505433829));
#8842=CARTESIAN_POINT('',(0.012003676823466,0.0131379380823991,-0.00761918855851194));
#8843=CARTESIAN_POINT('',(0.012003676823466,0.0131508570899637,-0.0077183505433829));
#8844=CARTESIAN_POINT('',(0.012003676823466,0.0130508570899637,-0.0077183505433829));
#8845=CARTESIAN_POINT('',(0.012003676823466,0.0130508570899637,-0.0087683505433829));
#8846=CARTESIAN_POINT('',(0.012003676823466,0.0130508570899637,-0.0086683505433829));
#8847=CARTESIAN_POINT('',(0.012003676823466,0.0131508570899637,-0.0086683505433829));
#8848=CARTESIAN_POINT('',(0.012003676823466,0.0131508570899637,-0.0087683505433829));
#8849=CARTESIAN_POINT('',(0.012003676823466,0.0131508570899637,-0.0087683505433829));
#8850=CARTESIAN_POINT('',(0.012003676823466,0.0147508570899637,-0.0087683505433829));
#8851=CARTESIAN_POINT('',(0.012003676823466,0.0147508570899637,-0.0075183505433829));
#8852=CARTESIAN_POINT('',(0.012003676823466,0.0147508570899637,-0.0086683505433829));
#8853=CARTESIAN_POINT('',(0.012003676823466,0.0131508570899637,-0.0086683505433829));
#8854=CARTESIAN_POINT('',(0.009078676823466,0.0130508570899637,-0.0075183505433829));
#8855=CARTESIAN_POINT('',(0.009078676823466,0.0130508570899637,-0.0078683505433829));
#8856=CARTESIAN_POINT('',(0.006753676823466,0.0130508570899637,-0.0078683505433829));
#8857=CARTESIAN_POINT('',(0.007753676823466,0.0130508570899637,-0.0078683505433829));
#8858=CARTESIAN_POINT('',(0.006753676823466,0.0130508570899637,-0.0077683505433829));
#8859=CARTESIAN_POINT('',(0.006653676823466,0.0130508570899637,-0.0077683505433829));
#8860=CARTESIAN_POINT('',(0.006653676823466,0.0130508570899637,-0.0075183505433829));
#8861=CARTESIAN_POINT('',(0.009078676823466,0.0130508570899637,-0.0086683505433829));
#8862=CARTESIAN_POINT('',(0.009078676823466,0.0130508570899637,-0.0077183505433829));
#8863=CARTESIAN_POINT('',(0.007853676823466,0.0130508570899637,-0.0077183505433829));
#8864=CARTESIAN_POINT('',(0.007853676823466,0.0130508570899637,-0.0075183505433829));
#8865=CARTESIAN_POINT('',(0.007853676823466,0.0130508570899637,-0.0077683505433829));
#8866=CARTESIAN_POINT('',(0.007753676823466,0.0130508570899637,-0.0077683505433829));
#8867=CARTESIAN_POINT('',(0.009078676823466,0.0131508570899637,-0.0075183505433829));
#8868=CARTESIAN_POINT('',(0.012003676823466,0.0131508570899637,-0.0075183505433829));
#8869=CARTESIAN_POINT('',(0.012003676823466,0.0131508570899637,-0.0063683505433829));
#8870=CARTESIAN_POINT('',(0.012003676823466,0.0131508570899637,-0.0073683505433829));
#8871=CARTESIAN_POINT('',(0.009078676823466,0.0131508570899637,-0.0073683505433829));
#8872=CARTESIAN_POINT('',(0.006153676823466,0.0131508570899637,-0.0073683505433829));
#8873=CARTESIAN_POINT('',(0.006153676823466,0.0131508570899637,-0.0075183505433829));
#8874=CARTESIAN_POINT('',(0.006153676823466,0.0131508570899637,-0.0063683505433829));
#8875=CARTESIAN_POINT('',(0.009078676823466,0.0131508570899637,-0.0063683505433829));
#8876=CARTESIAN_POINT('',(0.006153676823466,0.0131508570899637,-0.0087683505433829));
#8877=CARTESIAN_POINT('',(0.006153676823466,0.0130508570899637,-0.0073683505433829));
#8878=CARTESIAN_POINT('',(0.006153676823466,0.0131379380823991,-0.00741751252825386));
#8879=CARTESIAN_POINT('',(0.006153676823466,0.0131508570899637,-0.0073183505433829));
#8880=CARTESIAN_POINT('',(0.006153676823466,0.0130508570899637,-0.0073183505433829));
#8881=CARTESIAN_POINT('',(0.006153676823466,0.0130508570899637,-0.0087683505433829));
#8882=CARTESIAN_POINT('',(0.006153676823466,0.0130508570899637,-0.0063683505433829));
#8883=CARTESIAN_POINT('',(0.006153676823466,0.0131508570899637,-0.0063683505433829));
#8884=CARTESIAN_POINT('',(0.006153676823466,0.0131508570899637,-0.0062683505433829));
#8885=CARTESIAN_POINT('',(0.006153676823466,0.0131508570899637,-0.0062683505433829));
#8886=CARTESIAN_POINT('',(0.006153676823466,0.0147508570899637,-0.0062683505433829));
#8887=CARTESIAN_POINT('',(0.006153676823466,0.0147508570899637,-0.0075183505433829));
#8888=CARTESIAN_POINT('',(0.006153676823466,0.0147508570899637,-0.0063683505433829));
#8889=CARTESIAN_POINT('',(0.006153676823466,0.0131508570899637,-0.0063683505433829));
#8890=CARTESIAN_POINT('',(0.006153676823466,0.0131508570899637,-0.0062683505433829));
#8891=CARTESIAN_POINT('',(0.006153676823466,0.0131508570899637,-0.0062683505433829));
#8892=CARTESIAN_POINT('',(0.012003676823466,0.0131508570899637,-0.0062683505433829));
#8893=CARTESIAN_POINT('',(0.012003676823466,0.0131508570899637,-0.0062683505433829));
#8894=CARTESIAN_POINT('',(0.012003676823466,0.0147508570899637,-0.0062683505433829));
#8895=CARTESIAN_POINT('',(0.009078676823466,0.0147508570899637,-0.0062683505433829));
#8896=CARTESIAN_POINT('',(0.012003676823466,0.0131508570899637,-0.0087683505433829));
#8897=CARTESIAN_POINT('',(0.012003676823466,0.0130508570899637,-0.0073683505433829));
#8898=CARTESIAN_POINT('',(0.012003676823466,0.0147508570899637,-0.0063683505433829));
#8899=CARTESIAN_POINT('',(0.012003676823466,0.0147508570899637,-0.0063683505433829));
#8900=CARTESIAN_POINT('',(0.012003676823466,0.0147508570899637,-0.0075183505433829));
#8901=CARTESIAN_POINT('',(0.012003676823466,0.0131508570899637,-0.0063683505433829));
#8902=CARTESIAN_POINT('',(0.012003676823466,0.0130508570899637,-0.0063683505433829));
#8903=CARTESIAN_POINT('',(0.012003676823466,0.0130508570899637,-0.0087683505433829));
#8904=CARTESIAN_POINT('',(0.006153676823466,0.0131508570899637,-0.0087683505433829));
#8905=CARTESIAN_POINT('',(0.006153676823466,0.0131508570899637,-0.0087683505433829));
#8906=CARTESIAN_POINT('',(0.009078676823466,0.0147508570899637,-0.0087683505433829));
#8907=CARTESIAN_POINT('',(0.009078676823466,0.0130508570899637,-0.0075183505433829));
#8908=CARTESIAN_POINT('',(0.006653676823466,0.0130508570899637,-0.0075183505433829));
#8909=CARTESIAN_POINT('',(0.006653676823466,0.0130508570899637,-0.0072683505433829));
#8910=CARTESIAN_POINT('',(0.006653676823466,0.0130508570899637,-0.0073183505433829));
#8911=CARTESIAN_POINT('',(0.006753676823466,0.0130508570899637,-0.0072683505433829));
#8912=CARTESIAN_POINT('',(0.006753676823466,0.0130508570899637,-0.0071683505433829));
#8913=CARTESIAN_POINT('',(0.009078676823466,0.0130508570899637,-0.0071683505433829));
#8914=CARTESIAN_POINT('',(0.007753676823466,0.0130508570899637,-0.0071683505433829));
#8915=CARTESIAN_POINT('',(0.007753676823466,0.0130508570899637,-0.0072683505433829));
#8916=CARTESIAN_POINT('',(0.007853676823466,0.0130508570899637,-0.0072683505433829));
#8917=CARTESIAN_POINT('',(0.007853676823466,0.0130508570899637,-0.0075183505433829));
#8918=CARTESIAN_POINT('',(0.009078676823466,0.0130508570899637,-0.0063683505433829));
#8919=CARTESIAN_POINT('',(0.009078676823466,0.0130508570899637,-0.0073183505433829));
#8920=CARTESIAN_POINT('',(0.009078676823466,0.0147508570899637,-0.0086683505433829));
#8921=CARTESIAN_POINT('',(0.009078676823466,0.0146508570899637,-0.0086683505433829));
#8922=CARTESIAN_POINT('',(0.007753676823466,0.0146508570899637,-0.0086683505433829));
#8923=CARTESIAN_POINT('',(0.009453676823466,0.0146508570899637,-0.0086683505433829));
#8924=CARTESIAN_POINT('',(0.007753676823466,0.0147508570899637,-0.0086683505433829));
#8925=CARTESIAN_POINT('',(0.007753676823466,0.0147508570899637,-0.0086683505433829));
#8926=CARTESIAN_POINT('',(0.009078676823466,0.0147508570899637,-0.0086683505433829));
#8927=CARTESIAN_POINT('',(0.009078676823466,0.0147508570899637,-0.0086683505433829));
#8928=CARTESIAN_POINT('',(0.009453676823466,0.0147508570899637,-0.0086683505433829));
#8929=CARTESIAN_POINT('',(0.009453676823466,0.0147508570899637,-0.0086683505433829));
#8930=CARTESIAN_POINT('',(0.009078676823466,0.0147508570899637,-0.0075183505433829));
#8931=CARTESIAN_POINT('',(0.007753676823466,0.0147508570899637,-0.0075183505433829));
#8932=CARTESIAN_POINT('',(0.007753676823466,0.0147508570899637,-0.0063683505433829));
#8933=CARTESIAN_POINT('',(0.009078676823466,0.0147508570899637,-0.0063683505433829));
#8934=CARTESIAN_POINT('',(0.009078676823466,0.0147508570899637,-0.0063683505433829));
#8935=CARTESIAN_POINT('',(0.009453676823466,0.0147508570899637,-0.0063683505433829));
#8936=CARTESIAN_POINT('',(0.009453676823466,0.0147508570899637,-0.0075183505433829));
#8937=CARTESIAN_POINT('',(0.009078676823466,0.0147508570899637,-0.0063683505433829));
#8938=CARTESIAN_POINT('',(0.007753676823466,0.0147508570899637,-0.0063683505433829));
#8939=CARTESIAN_POINT('',(0.007753676823466,0.0146508570899637,-0.0063683505433829));
#8940=CARTESIAN_POINT('',(0.009078676823466,0.0146508570899637,-0.0063683505433829));
#8941=CARTESIAN_POINT('',(0.009453676823466,0.0146508570899637,-0.0063683505433829));
#8942=CARTESIAN_POINT('',(0.009453676823466,0.0147508570899637,-0.0063683505433829));
#8943=CARTESIAN_POINT('',(0.009078676823466,0.0146508570899637,-0.0075183505433829));
#8944=CARTESIAN_POINT('',(0.007753676823466,0.0146508570899637,-0.0087683505433829));
#8945=CARTESIAN_POINT('',(0.009453676823466,0.0146508570899637,-0.0087683505433829));
#8946=CARTESIAN_POINT('',(0.007753676823466,0.0146508570899637,-0.0087683505433829));
#8947=CARTESIAN_POINT('',(0.009453676823466,0.0146508570899637,-0.0087683505433829));
#8948=CARTESIAN_POINT('',(0.006153676823466,0.0131508570899637,-0.0073183505433829));
#8949=CARTESIAN_POINT('',(0.006153676823466,0.0131379380823991,-0.00741751252825386));
#8950=CARTESIAN_POINT('',(0.006653676823466,0.0131379380823991,-0.00741751252825386));
#8951=CARTESIAN_POINT('',(0.006653676823466,0.0131508570899637,-0.0073183505433829));
#8952=CARTESIAN_POINT('',(0.006153676823466,0.0131508570899637,-0.0077183505433829));
#8953=CARTESIAN_POINT('',(0.006153676823466,0.0131379380823991,-0.00761918855851194));
#8954=CARTESIAN_POINT('',(0.007853676823466,0.0131379380823991,-0.00761918855851194));
#8955=CARTESIAN_POINT('',(0.007853676823466,0.0131508570899637,-0.0077183505433829));
#8956=CARTESIAN_POINT('',(0.006153676823466,0.0131508570899637,-0.0063683505433829));
#8957=CARTESIAN_POINT('',(0.006153676823466,0.0131508570899637,-0.0086683505433829));
#8958=CARTESIAN_POINT('',(0.006653676823466,0.0143601957522084,-0.0075183505433829));
#8959=CARTESIAN_POINT('',(0.006653676823466,0.0121508570899637,-0.0075183505433829));
#8960=CARTESIAN_POINT('',(0.006653676823466,0.0121508570899637,-0.0072683505433829));
#8961=CARTESIAN_POINT('',(0.006653676823466,0.0121508570899637,-0.0073683505433829));
#8962=CARTESIAN_POINT('',(0.006653676823466,0.0143601957522084,-0.0072683505433829));
#8963=CARTESIAN_POINT('',(0.006653676823466,0.0130508570899637,-0.0073683505433829));
#8964=CARTESIAN_POINT('',(0.006653676823466,0.0130508570899637,-0.0074683505433829));
#8965=CARTESIAN_POINT('',(0.006653676823466,0.0143601957522084,-0.0074683505433829));
#8966=CARTESIAN_POINT('',(0.006653676823466,0.0122508570899637,-0.0074683505433829));
#8967=CARTESIAN_POINT('',(0.006653676823466,0.0122508570899637,-0.0074683505433829));
#8968=CARTESIAN_POINT('',(0.009078676823466,0.0143601957522084,-0.0074683505433829));
#8969=CARTESIAN_POINT('',(0.009078676823466,0.0130508570899637,-0.0074683505433829));
#8970=CARTESIAN_POINT('',(0.007853676823466,0.0130508570899637,-0.0074683505433829));
#8971=CARTESIAN_POINT('',(0.007853676823466,0.0143601957522084,-0.0074683505433829));
#8972=CARTESIAN_POINT('',(0.007853676823466,0.0122508570899637,-0.0074683505433829));
#8973=CARTESIAN_POINT('',(0.009078676823466,0.0122508570899637,-0.0074683505433829));
#8974=CARTESIAN_POINT('',(0.007853676823466,0.0143601957522084,-0.0075183505433829));
#8975=CARTESIAN_POINT('',(0.007853676823466,0.0143601957522084,-0.0072683505433829));
#8976=CARTESIAN_POINT('',(0.007853676823466,0.0121508570899637,-0.0072683505433829));
#8977=CARTESIAN_POINT('',(0.007853676823466,0.0121508570899637,-0.0075183505433829));
#8978=CARTESIAN_POINT('',(0.007853676823466,0.0121508570899637,-0.0073683505433829));
#8979=CARTESIAN_POINT('',(0.007853676823466,0.0121508570899637,-0.0073683505433829));
#8980=CARTESIAN_POINT('',(0.007853676823466,0.0130508570899637,-0.0073683505433829));
#8981=CARTESIAN_POINT('',(0.009078676823466,0.0121508570899637,-0.0071683505433829));
#8982=CARTESIAN_POINT('',(0.009078676823466,0.0121508570899637,-0.0071683505433829));
#8983=CARTESIAN_POINT('',(0.006753676823466,0.0121508570899637,-0.0071683505433829));
#8984=CARTESIAN_POINT('',(0.007753676823466,0.0121508570899637,-0.0071683505433829));
#8985=CARTESIAN_POINT('',(0.007753676823466,0.0121508570899637,-0.0071683505433829));
#8986=CARTESIAN_POINT('',(0.006753676823466,0.0121508570899637,-0.0071683505433829));
#8987=CARTESIAN_POINT('',(0.009078676823466,0.0121508570899637,-0.0075183505433829));
#8988=CARTESIAN_POINT('',(0.007753676823466,0.0121508570899637,-0.0072683505433829));
#8989=CARTESIAN_POINT('',(0.006753676823466,0.0121508570899637,-0.0072683505433829));
#8990=CARTESIAN_POINT('',(0.009078676823466,0.0121508570899637,-0.0073683505433829));
#8991=CARTESIAN_POINT('',(0.009078676823466,0.0122508570899637,-0.0074683505433829));
#8992=CARTESIAN_POINT('',(0.006653676823466,0.0121508570899637,-0.0075183505433829));
#8993=CARTESIAN_POINT('',(0.006653676823466,0.0121508570899637,-0.0077683505433829));
#8994=CARTESIAN_POINT('',(0.006653676823466,0.0121508570899637,-0.0077683505433829));
#8995=CARTESIAN_POINT('',(0.006653676823466,0.0121508570899637,-0.0075183505433829));
#8996=CARTESIAN_POINT('',(0.006653676823466,0.0121508570899637,-0.0076683505433829));
#8997=CARTESIAN_POINT('',(0.006653676823466,0.0121508570899637,-0.0076683505433829));
#8998=CARTESIAN_POINT('',(0.006653676823466,0.0122508570899637,-0.0075683505433829));
#8999=CARTESIAN_POINT('',(0.006653676823466,0.0121508570899637,-0.0075683505433829));
#9000=CARTESIAN_POINT('',(0.006653676823466,0.0130508570899637,-0.0075683505433829));
#9001=CARTESIAN_POINT('',(0.006653676823466,0.0130508570899637,-0.0076683505433829));
#9002=CARTESIAN_POINT('',(0.009078676823466,0.0121508570899637,-0.0078683505433829));
#9003=CARTESIAN_POINT('',(0.007753676823466,0.0121508570899637,-0.0078683505433829));
#9004=CARTESIAN_POINT('',(0.007753676823466,0.0121508570899637,-0.0078683505433829));
#9005=CARTESIAN_POINT('',(0.009078676823466,0.0121508570899637,-0.0078683505433829));
#9006=CARTESIAN_POINT('',(0.006753676823466,0.0121508570899637,-0.0078683505433829));
#9007=CARTESIAN_POINT('',(0.006753676823466,0.0121508570899637,-0.0078683505433829));
#9008=CARTESIAN_POINT('',(0.007853676823466,0.0121508570899637,-0.0075183505433829));
#9009=CARTESIAN_POINT('',(0.007853676823466,0.0121508570899637,-0.0075183505433829));
#9010=CARTESIAN_POINT('',(0.007853676823466,0.0121508570899637,-0.0077683505433829));
#9011=CARTESIAN_POINT('',(0.007853676823466,0.0121508570899637,-0.0076683505433829));
#9012=CARTESIAN_POINT('',(0.007853676823466,0.0121508570899637,-0.0077683505433829));
#9013=CARTESIAN_POINT('',(0.007853676823466,0.0130508570899637,-0.0076683505433829));
#9014=CARTESIAN_POINT('',(0.007853676823466,0.0130508570899637,-0.0075683505433829));
#9015=CARTESIAN_POINT('',(0.007853676823466,0.0121508570899637,-0.0075683505433829));
#9016=CARTESIAN_POINT('',(0.007853676823466,0.0122508570899637,-0.0075683505433829));
#9017=CARTESIAN_POINT('',(0.007853676823466,0.0122508570899637,-0.0075683505433829));
#9018=CARTESIAN_POINT('',(0.009078676823466,0.0121508570899637,-0.0075683505433829));
#9019=CARTESIAN_POINT('',(0.009078676823466,0.0130508570899637,-0.0075683505433829));
#9020=CARTESIAN_POINT('',(0.009078676823466,0.0122508570899637,-0.0075683505433829));
#9021=CARTESIAN_POINT('',(0.009078676823466,0.0121508570899637,-0.0075183505433829));
#9022=CARTESIAN_POINT('',(0.007753676823466,0.0121508570899637,-0.0077683505433829));
#9023=CARTESIAN_POINT('',(0.009078676823466,0.0121508570899637,-0.0076683505433829));
#9024=CARTESIAN_POINT('',(0.006753676823466,0.0121508570899637,-0.0077683505433829));
#9025=CARTESIAN_POINT('',(0.009078676823466,0.0121508570899637,-0.0076683505433829));
#9026=CARTESIAN_POINT('',(0.009078676823466,0.0130508570899637,-0.0073683505433829));
#9027=CARTESIAN_POINT('',(0.009078676823466,0.0130508570899637,-0.0076683505433829));
#9028=CARTESIAN_POINT('',(0.007753676823466,0.0121508570899637,-0.0077683505433829));
#9029=CARTESIAN_POINT('',(0.007753676823466,0.0121508570899637,-0.0072683505433829));
#9030=CARTESIAN_POINT('',(0.006753676823466,0.0143601957522084,-0.0072683505433829));
#9031=CARTESIAN_POINT('',(0.006753676823466,0.0121508570899637,-0.0077683505433829));
#9032=CARTESIAN_POINT('',(0.00338954369081059,0.0129508570899637,0.00827464069839998));
#9033=CARTESIAN_POINT('',(-0.000397901479362138,0.01524,-0.00067798870984456));
#9034=CARTESIAN_POINT('',(-0.000397901479362138,0.0146159295827033,-0.00067798870984456));
#9035=CARTESIAN_POINT('',(-0.000397901479362138,0.0146159295827033,-0.00067798870984456));
#9036=CARTESIAN_POINT('',(-0.00142182199823537,0.0146159295827033,-0.00067798870984456));
#9037=CARTESIAN_POINT('',(-0.00142182199823537,0.01524,-0.00067798870984456));
#9038=CARTESIAN_POINT('',(-0.00142182199823537,0.011684,-0.00067798870984456));
#9039=CARTESIAN_POINT('',(-0.000397901479362138,0.011684,-0.00067798870984456));
#9040=CARTESIAN_POINT('',(-0.00179315718636607,0.011684,-0.00067798870984456));
#9041=CARTESIAN_POINT('',(-0.00179315718636607,0.01524,-0.00067798870984456));
#9042=CARTESIAN_POINT('',(-0.00179315718636607,0.01494,-0.00067798870984456));
#9043=CARTESIAN_POINT('',(-0.000397901479362138,0.01494,-0.00067798870984456));
#9044=CARTESIAN_POINT('',(-0.000397901479362138,0.01494,-0.00067798870984456));
#9045=CARTESIAN_POINT('',(-0.000397901479362138,0.01524,-0.00067798870984456));
#9046=CARTESIAN_POINT('',(0.000397901479362138,0.01524,-0.00067798870984456));
#9047=CARTESIAN_POINT('',(0.00142182199823537,0.01524,-0.00067798870984456));
#9048=CARTESIAN_POINT('',(0.00142182199823537,0.011684,-0.00067798870984456));
#9049=CARTESIAN_POINT('',(0.00142182199823537,0.0146159295827033,-0.00067798870984456));
#9050=CARTESIAN_POINT('',(0.000397901479362138,0.0146159295827033,-0.00067798870984456));
#9051=CARTESIAN_POINT('',(0.000397901479362139,0.0146159295827033,-0.00067798870984456));
#9052=CARTESIAN_POINT('',(0.000397901479362138,0.01524,-0.00067798870984456));
#9053=CARTESIAN_POINT('',(0.000397901479362138,0.01494,-0.00067798870984456));
#9054=CARTESIAN_POINT('',(0.000397901479362138,0.01494,-0.00067798870984456));
#9055=CARTESIAN_POINT('',(0.00179315718636607,0.01494,-0.00067798870984456));
#9056=CARTESIAN_POINT('',(0.00179315718636607,0.01524,-0.00067798870984456));
#9057=CARTESIAN_POINT('',(0.00179315718636607,0.011684,-0.00067798870984456));
#9058=CARTESIAN_POINT('',(0.000397901479362138,0.011684,-0.00067798870984456));
#9059=CARTESIAN_POINT('',(-0.00352655437072737,0.01118,0.00268637429193767));
#9060=CARTESIAN_POINT('',(-0.00352655437072737,0.01118,0.00268637429193767));
#9061=CARTESIAN_POINT('',(-0.00352655437072737,0.01118,-0.00268637429193767));
#9062=CARTESIAN_POINT('',(-0.00352655437072737,0.01118,0.00268637429193767));
#9063=CARTESIAN_POINT('',(-0.00310364815661401,0.011684,0.00226346807782432));
#9064=CARTESIAN_POINT('',(-0.00310364815661401,0.011684,0.00226346807782432));
#9065=CARTESIAN_POINT('',(-0.00310364815661401,0.011684,0.));
#9066=CARTESIAN_POINT('',(-0.00310364815661401,0.011684,-0.00226346807782432));
#9067=CARTESIAN_POINT('',(-0.00310364815661401,0.011684,-0.00226346807782431));
#9068=CARTESIAN_POINT('',(0.00352655437072737,0.01118,0.00268637429193767));
#9069=CARTESIAN_POINT('',(0.00352655437072737,0.01118,0.00268637429193767));
#9070=CARTESIAN_POINT('',(0.00352655437072737,0.01118,0.00268637429193767));
#9071=CARTESIAN_POINT('',(0.00310364815661401,0.011684,0.00226346807782432));
#9072=CARTESIAN_POINT('',(0.00310364815661401,0.011684,0.00226346807782432));
#9073=CARTESIAN_POINT('',(0.,0.011684,0.00226346807782432));
#9074=CARTESIAN_POINT('',(0.00352655437072737,0.01118,0.00268637429193767));
#9075=CARTESIAN_POINT('',(0.00352655437072737,0.01118,0.00268637429193767));
#9076=CARTESIAN_POINT('',(0.00352655437072737,0.01118,-0.00268637429193767));
#9077=CARTESIAN_POINT('',(0.00310364815661401,0.011684,-0.00226346807782432));
#9078=CARTESIAN_POINT('',(0.00310364815661401,0.011684,-0.00226346807782432));
#9079=CARTESIAN_POINT('',(0.00310364815661401,0.011684,0.));
#9080=CARTESIAN_POINT('',(0.00352655437072737,0.01118,-0.00268637429193767));
#9081=CARTESIAN_POINT('',(0.00352655437072737,0.01118,-0.00268637429193767));
#9082=CARTESIAN_POINT('',(0.,0.011684,-0.00226346807782432));
#9083=CARTESIAN_POINT('',(0.,0.011684,0.));
#9084=CARTESIAN_POINT('',(-0.000397901479362138,0.011684,-0.00163075957484025));
#9085=CARTESIAN_POINT('',(-0.000397901479362138,0.011684,-0.00163075957484025));
#9086=CARTESIAN_POINT('',(-0.000397901479362138,0.011684,-0.00037798870984456));
#9087=CARTESIAN_POINT('',(0.000397901479362138,0.011684,-0.00163075957484025));
#9088=CARTESIAN_POINT('',(0.000397901479362138,0.011684,-0.00163075957484025));
#9089=CARTESIAN_POINT('',(0.000397901479362138,0.011684,-0.00163075957484025));
#9090=CARTESIAN_POINT('',(0.000397901479362138,0.011684,-0.00037798870984456));
#9091=CARTESIAN_POINT('',(0.,0.011684,-0.000377988709844559));
#9092=CARTESIAN_POINT('',(0.00142182199823537,0.011684,-0.000377988709844559));
#9093=CARTESIAN_POINT('',(0.00142182199823537,0.011684,0.));
#9094=CARTESIAN_POINT('',(0.00179315718636607,0.011684,-0.00067798870984456));
#9095=CARTESIAN_POINT('',(0.00209315718636606,0.011684,-0.00037798870984456));
#9096=CARTESIAN_POINT('',(0.00209315718636606,0.011684,-0.00067798870984456));
#9097=CARTESIAN_POINT('',(0.00209315718636606,0.011684,0.000377988709844559));
#9098=CARTESIAN_POINT('',(0.00209315718636606,0.011684,0.00037798870984456));
#9099=CARTESIAN_POINT('',(0.00179315718636607,0.011684,0.00067798870984456));
#9100=CARTESIAN_POINT('',(0.00039790147936214,0.011684,0.00067798870984456));
#9101=CARTESIAN_POINT('',(0.00142182199823537,0.011684,0.00067798870984456));
#9102=CARTESIAN_POINT('',(0.00142182199823537,0.011684,0.000377988709844559));
#9103=CARTESIAN_POINT('',(0.00142182199823537,0.011684,0.000377988709844559));
#9104=CARTESIAN_POINT('',(0.,0.011684,0.000377988709844559));
#9105=CARTESIAN_POINT('',(0.00039790147936214,0.011684,0.00037798870984456));
#9106=CARTESIAN_POINT('',(0.00039790147936214,0.011684,0.00163075957484025));
#9107=CARTESIAN_POINT('',(0.00039790147936214,0.011684,0.00163075957484025));
#9108=CARTESIAN_POINT('',(0.00039790147936214,0.011684,0.00163075957484025));
#9109=CARTESIAN_POINT('',(-0.00039790147936214,0.011684,0.00163075957484025));
#9110=CARTESIAN_POINT('',(-0.00039790147936214,0.011684,0.00163075957484025));
#9111=CARTESIAN_POINT('',(-0.00039790147936214,0.011684,0.00037798870984456));
#9112=CARTESIAN_POINT('',(0.,0.011684,0.000377988709844559));
#9113=CARTESIAN_POINT('',(-0.00142182199823537,0.011684,0.000377988709844559));
#9114=CARTESIAN_POINT('',(-0.00142182199823537,0.011684,0.));
#9115=CARTESIAN_POINT('',(-0.00142182199823537,0.011684,0.00067798870984456));
#9116=CARTESIAN_POINT('',(-0.00039790147936214,0.011684,0.00067798870984456));
#9117=CARTESIAN_POINT('',(-0.00179315718636607,0.011684,0.00067798870984456));
#9118=CARTESIAN_POINT('',(-0.00179315718636607,0.011684,0.00067798870984456));
#9119=CARTESIAN_POINT('',(-0.00209315718636606,0.011684,0.000377988709844559));
#9120=CARTESIAN_POINT('',(-0.00209315718636606,0.011684,-0.00067798870984456));
#9121=CARTESIAN_POINT('',(-0.00209315718636606,0.011684,-0.000377988709844559));
#9122=CARTESIAN_POINT('',(-0.00209315718636606,0.011684,-0.000377988709844559));
#9123=CARTESIAN_POINT('',(-0.00142182199823537,0.011684,-0.000377988709844559));
#9124=CARTESIAN_POINT('',(-0.00142182199823537,0.011684,-0.000377988709844559));
#9125=CARTESIAN_POINT('',(0.,0.011684,-0.000377988709844559));
#9126=CARTESIAN_POINT('',(0.,0.01118,0.));
#9127=CARTESIAN_POINT('',(-0.000397901479362138,0.01524,-0.00163075957484025));
#9128=CARTESIAN_POINT('',(-0.000397901479362138,0.01524,-0.00037798870984456));
#9129=CARTESIAN_POINT('',(-0.000397901479362138,0.0146159295827033,-0.00037798870984456));
#9130=CARTESIAN_POINT('',(-0.000397901479362138,0.0146159295827033,-0.00163075957484025));
#9131=CARTESIAN_POINT('',(-0.000397901479362138,0.01494,-0.00067798870984456));
#9132=CARTESIAN_POINT('',(-0.000397901479362138,0.01524,-0.000377988709844559));
#9133=CARTESIAN_POINT('',(-0.000397901479362138,0.01524,0.));
#9134=CARTESIAN_POINT('',(-0.000397901479362138,0.01524,-0.00163075957484025));
#9135=CARTESIAN_POINT('',(-0.000397901479362138,0.01524,-0.00163075957484025));
#9136=CARTESIAN_POINT('',(-0.00209315718636606,0.01524,-0.00067798870984456));
#9137=CARTESIAN_POINT('',(-0.00209315718636606,0.01494,-0.00067798870984456));
#9138=CARTESIAN_POINT('',(-0.00209315718636606,0.01494,0.000377988709844559));
#9139=CARTESIAN_POINT('',(-0.00209315718636606,0.01494,-0.000377988709844559));
#9140=CARTESIAN_POINT('',(-0.00209315718636606,0.01524,-0.000377988709844559));
#9141=CARTESIAN_POINT('',(-0.00209315718636606,0.01524,0.000377988709844559));
#9142=CARTESIAN_POINT('',(-0.00039790147936214,0.01524,0.00067798870984456));
#9143=CARTESIAN_POINT('',(-0.00142182199823537,0.011684,0.00067798870984456));
#9144=CARTESIAN_POINT('',(-0.00142182199823537,0.0146159295827033,0.00067798870984456));
#9145=CARTESIAN_POINT('',(-0.00039790147936214,0.0146159295827033,0.00067798870984456));
#9146=CARTESIAN_POINT('',(-0.00039790147936214,0.0146159295827033,0.00067798870984456));
#9147=CARTESIAN_POINT('',(-0.00039790147936214,0.01524,0.00067798870984456));
#9148=CARTESIAN_POINT('',(-0.00039790147936214,0.01494,0.00067798870984456));
#9149=CARTESIAN_POINT('',(-0.00039790147936214,0.01494,0.00067798870984456));
#9150=CARTESIAN_POINT('',(-0.00179315718636607,0.01494,0.00067798870984456));
#9151=CARTESIAN_POINT('',(-0.00179315718636607,0.01524,0.00067798870984456));
#9152=CARTESIAN_POINT('',(-0.00039790147936214,0.01524,0.00163075957484025));
#9153=CARTESIAN_POINT('',(-0.00039790147936214,0.01524,0.00163075957484025));
#9154=CARTESIAN_POINT('',(-0.00039790147936214,0.01524,0.00163075957484025));
#9155=CARTESIAN_POINT('',(-0.00039790147936214,0.01524,0.));
#9156=CARTESIAN_POINT('',(-0.00039790147936214,0.01524,0.000377988709844559));
#9157=CARTESIAN_POINT('',(-0.00039790147936214,0.01524,0.000377988709844559));
#9158=CARTESIAN_POINT('',(-0.00039790147936214,0.0146159295827033,0.000377988709844559));
#9159=CARTESIAN_POINT('',(-0.00039790147936214,0.0146159295827033,0.000377988709844559));
#9160=CARTESIAN_POINT('',(-0.00039790147936214,0.,0.000377988709844559));
#9161=CARTESIAN_POINT('',(0.00039790147936214,0.01524,0.00163075957484025));
#9162=CARTESIAN_POINT('',(0.00039790147936214,0.01524,0.00163075957484025));
#9163=CARTESIAN_POINT('',(0.00039790147936214,0.01524,0.00163075957484025));
#9164=CARTESIAN_POINT('',(0.,0.01524,0.00163075957484025));
#9165=CARTESIAN_POINT('',(0.00039790147936214,0.01524,0.00163075957484025));
#9166=CARTESIAN_POINT('',(0.00039790147936214,0.,0.000377988709844559));
#9167=CARTESIAN_POINT('',(0.00039790147936214,0.0146159295827033,0.00037798870984456));
#9168=CARTESIAN_POINT('',(0.00039790147936214,0.0146159295827033,0.00163075957484025));
#9169=CARTESIAN_POINT('',(0.00039790147936214,0.0146159295827033,0.00067798870984456));
#9170=CARTESIAN_POINT('',(0.00039790147936214,0.01524,0.00067798870984456));
#9171=CARTESIAN_POINT('',(0.00039790147936214,0.01494,0.00067798870984456));
#9172=CARTESIAN_POINT('',(0.00039790147936214,0.01494,0.00067798870984456));
#9173=CARTESIAN_POINT('',(0.00039790147936214,0.01524,0.00037798870984456));
#9174=CARTESIAN_POINT('',(0.00039790147936214,0.01524,0.));
#9175=CARTESIAN_POINT('',(0.00039790147936214,0.01524,0.00067798870984456));
#9176=CARTESIAN_POINT('',(0.00039790147936214,0.0146159295827033,0.00067798870984456));
#9177=CARTESIAN_POINT('',(0.00142182199823537,0.0146159295827033,0.00067798870984456));
#9178=CARTESIAN_POINT('',(0.00142182199823537,0.011684,0.00067798870984456));
#9179=CARTESIAN_POINT('',(0.00179315718636607,0.01524,0.00067798870984456));
#9180=CARTESIAN_POINT('',(0.00179315718636607,0.01494,0.00067798870984456));
#9181=CARTESIAN_POINT('',(0.00039790147936214,0.01494,0.00067798870984456));
#9182=CARTESIAN_POINT('',(0.00209315718636606,0.01524,-0.00067798870984456));
#9183=CARTESIAN_POINT('',(0.00209315718636606,0.01524,-0.00037798870984456));
#9184=CARTESIAN_POINT('',(0.00209315718636606,0.01494,-0.00037798870984456));
#9185=CARTESIAN_POINT('',(0.00209315718636606,0.01494,-0.00067798870984456));
#9186=CARTESIAN_POINT('',(0.00209315718636606,0.01494,0.000377988709844559));
#9187=CARTESIAN_POINT('',(0.00209315718636606,0.01524,0.000377988709844559));
#9188=CARTESIAN_POINT('',(0.000397901479362138,0.01524,-0.00163075957484025));
#9189=CARTESIAN_POINT('',(0.000397901479362138,0.01524,-0.00163075957484025));
#9190=CARTESIAN_POINT('',(0.000397901479362138,0.01524,-0.00163075957484025));
#9191=CARTESIAN_POINT('',(0.000397901479362138,0.01524,0.));
#9192=CARTESIAN_POINT('',(0.000397901479362138,0.01524,-0.00037798870984456));
#9193=CARTESIAN_POINT('',(0.000397901479362138,0.01524,-0.00037798870984456));
#9194=CARTESIAN_POINT('',(0.00039790147936214,0.0146159295827033,-0.000377988709844559));
#9195=CARTESIAN_POINT('',(0.000397901479362139,0.0146159295827033,-0.00037798870984456));
#9196=CARTESIAN_POINT('',(0.000397901479362138,0.01524,-0.00037798870984456));
#9197=CARTESIAN_POINT('',(0.000397901479362138,0.01524,-0.00163075957484025));
#9198=CARTESIAN_POINT('',(0.,0.01524,-0.00163075957484025));
#9199=CARTESIAN_POINT('',(0.,0.01524,0.));
#9200=CARTESIAN_POINT('',(0.,0.01524,-0.000377988709844559));
#9201=CARTESIAN_POINT('',(-0.00179315718636607,0.01524,-0.000377988709844559));
#9202=CARTESIAN_POINT('',(-0.00179315718636607,0.01524,0.));
#9203=CARTESIAN_POINT('',(-0.00179315718636607,0.01524,0.000377988709844559));
#9204=CARTESIAN_POINT('',(0.,0.01524,0.000377988709844559));
#9205=CARTESIAN_POINT('',(0.,0.01524,0.00037798870984456));
#9206=CARTESIAN_POINT('',(0.00179315718636607,0.01524,0.000377988709844559));
#9207=CARTESIAN_POINT('',(0.00179315718636607,0.01524,0.));
#9208=CARTESIAN_POINT('',(0.00179315718636607,0.01524,-0.00037798870984456));
#9209=CARTESIAN_POINT('',(0.,0.01524,-0.00037798870984456));
#9210=CARTESIAN_POINT('',(0.,0.01524,0.000377988709844559));
#9211=CARTESIAN_POINT('',(-0.00179315718636607,0.01524,0.000377988709844559));
#9212=CARTESIAN_POINT('',(-0.00179315718636607,0.01524,0.00067798870984456));
#9213=CARTESIAN_POINT('',(-0.00209315718636606,0.01494,0.000377988709844559));
#9214=CARTESIAN_POINT('',(-0.00179315718636607,0.01524,0.000377988709844559));
#9215=CARTESIAN_POINT('',(-0.00179315718636607,0.01524,0.000377988709844559));
#9216=CARTESIAN_POINT('',(-0.00179315718636607,0.01524,0.));
#9217=CARTESIAN_POINT('',(-0.00209315718636606,0.01494,-0.000377988709844559));
#9218=CARTESIAN_POINT('',(-0.00209315718636606,0.01524,-0.000377988709844559));
#9219=CARTESIAN_POINT('',(-0.00179315718636607,0.01494,-0.00067798870984456));
#9220=CARTESIAN_POINT('',(-0.00179315718636607,0.01524,-0.000377988709844559));
#9221=CARTESIAN_POINT('',(-0.00179315718636607,0.01524,-0.000377988709844559));
#9222=CARTESIAN_POINT('',(0.,0.01524,-0.000377988709844559));
#9223=CARTESIAN_POINT('',(0.00209315718636606,0.01524,0.00037798870984456));
#9224=CARTESIAN_POINT('',(0.00179315718636607,0.01494,0.00067798870984456));
#9225=CARTESIAN_POINT('',(0.,0.01524,0.00037798870984456));
#9226=CARTESIAN_POINT('',(0.00179315718636607,0.01509,0.00052798870984456));
#9227=CARTESIAN_POINT('',(0.00209315718636606,0.01494,0.00037798870984456));
#9228=CARTESIAN_POINT('',(0.00179315718636607,0.01524,0.00037798870984456));
#9229=CARTESIAN_POINT('',(0.00179315718636607,0.01524,-0.00067798870984456));
#9230=CARTESIAN_POINT('',(0.00209315718636606,0.01494,-0.00037798870984456));
#9231=CARTESIAN_POINT('',(0.00179315718636607,0.01524,0.));
#9232=CARTESIAN_POINT('',(0.00179315718636607,0.01524,-0.00037798870984456));
#9233=CARTESIAN_POINT('',(0.00179315718636607,0.01494,-0.00067798870984456));
#9234=CARTESIAN_POINT('',(0.00179315718636607,0.01524,-0.00037798870984456));
#9235=CARTESIAN_POINT('',(0.,0.01524,-0.00037798870984456));
#9236=CARTESIAN_POINT('',(0.00039790147936214,0.0146159295827033,0.000377988709844559));
#9237=CARTESIAN_POINT('',(0.,0.0146159295827033,0.000377988709844559));
#9238=CARTESIAN_POINT('',(0.00142182199823537,0.0146159295827033,0.000377988709844559));
#9239=CARTESIAN_POINT('',(0.00142182199823537,0.0146159295827033,0.000377988709844559));
#9240=CARTESIAN_POINT('',(0.00142182199823537,0.011684,0.000377988709844559));
#9241=CARTESIAN_POINT('',(0.00142182199823537,0.,0.000377988709844559));
#9242=CARTESIAN_POINT('',(0.,0.,0.000377988709844559));
#9243=CARTESIAN_POINT('',(-0.00142182199823537,0.011684,0.000377988709844559));
#9244=CARTESIAN_POINT('',(-0.00142182199823537,0.,0.000377988709844559));
#9245=CARTESIAN_POINT('',(-0.00142182199823537,0.0146159295827033,0.000377988709844559));
#9246=CARTESIAN_POINT('',(-0.00142182199823537,0.0146159295827033,0.000377988709844559));
#9247=CARTESIAN_POINT('',(-0.00039790147936214,0.0146159295827033,0.000377988709844559));
#9248=CARTESIAN_POINT('',(0.,0.0146159295827033,0.000377988709844559));
#9249=CARTESIAN_POINT('',(0.,0.,0.000377988709844559));
#9250=CARTESIAN_POINT('',(0.00142182199823537,0.011684,-0.000377988709844559));
#9251=CARTESIAN_POINT('',(0.00142182199823537,0.011684,-0.000377988709844559));
#9252=CARTESIAN_POINT('',(0.00142182199823537,0.0146159295827033,-0.000377988709844559));
#9253=CARTESIAN_POINT('',(0.00142182199823537,0.0146159295827033,-0.000377988709844559));
#9254=CARTESIAN_POINT('',(0.00039790147936214,0.0146159295827033,-0.000377988709844559));
#9255=CARTESIAN_POINT('',(0.00039790147936214,0.0146159295827033,-0.000377988709844559));
#9256=CARTESIAN_POINT('',(0.,0.,-0.000377988709844559));
#9257=CARTESIAN_POINT('',(-0.00039790147936214,0.0146159295827033,-0.000377988709844559));
#9258=CARTESIAN_POINT('',(-0.00039790147936214,0.0146159295827033,-0.000377988709844559));
#9259=CARTESIAN_POINT('',(-0.00142182199823537,0.0146159295827033,-0.000377988709844559));
#9260=CARTESIAN_POINT('',(-0.00142182199823537,0.0146159295827033,-0.000377988709844559));
#9261=CARTESIAN_POINT('',(-0.00142182199823537,0.011684,-0.000377988709844559));
#9262=CARTESIAN_POINT('',(-0.00142182199823537,0.011684,-0.000377988709844559));
#9263=CARTESIAN_POINT('',(0.,0.,-0.000377988709844559));
#9264=CARTESIAN_POINT('',(-0.00132413313265541,0.000902,-0.00432370984498292));
#9265=CARTESIAN_POINT('',(0.,-0.00171036917200587,0.));
#9266=CARTESIAN_POINT('',(0.,-0.00171036917200587,0.));
#9267=CARTESIAN_POINT('',(0.,-0.00171036917200587,0.00219569568857916));
#9268=CARTESIAN_POINT('',(0.,-0.00302930565394584,0.));
#9269=CARTESIAN_POINT('',(0.,-0.00302930565394584,0.00127216642150499));
#9270=CARTESIAN_POINT('',(0.,0.00115788759063028,0.));
#9271=CARTESIAN_POINT('',(0.,0.00038,0.));
#9272=CARTESIAN_POINT('',(0.,0.00038,0.00219569568857916));
#9273=CARTESIAN_POINT('',(-0.0048,0.00038,0.0048));
#9274=CARTESIAN_POINT('',(-0.00518,0.00038,0.0048));
#9275=CARTESIAN_POINT('',(-0.00517999999999998,0.00038,0.00488956685895031));
#9276=CARTESIAN_POINT('',(-0.00509777241745862,0.00038,0.00510261772422667));
#9277=CARTESIAN_POINT('',(-0.00480000000000002,0.00038,0.00521869113788667));
#9278=CARTESIAN_POINT('',(-0.00450222758254128,0.00038,0.00510261772422666));
#9279=CARTESIAN_POINT('',(-0.00441999999999995,0.00038,0.00488956685895031));
#9280=CARTESIAN_POINT('',(-0.00441999999999995,0.00038,0.0048));
#9281=CARTESIAN_POINT('',(-0.00518,0.00038,0.0048));
#9282=CARTESIAN_POINT('',(-0.00441999999999995,0.00038,0.0048));
#9283=CARTESIAN_POINT('',(-0.00441999999999995,0.00038,0.0048));
#9284=CARTESIAN_POINT('',(-0.00441999999999995,0.00038,0.00471043314104971));
#9285=CARTESIAN_POINT('',(-0.00450222758254129,0.00038,0.00449738227577341));
#9286=CARTESIAN_POINT('',(-0.00480000000000002,0.00038,0.00438130886211337));
#9287=CARTESIAN_POINT('',(-0.00509777241745863,0.00038,0.00449738227577341));
#9288=CARTESIAN_POINT('',(-0.00517999999999999,0.00038,0.00471043314104972));
#9289=CARTESIAN_POINT('',(-0.00518,0.00038,0.0048));
#9290=CARTESIAN_POINT('',(-0.0048,0.00038,-0.0048));
#9291=CARTESIAN_POINT('',(-0.0048,0.00038,-0.00518));
#9292=CARTESIAN_POINT('',(-0.0048895668589503,0.00038,-0.00518));
#9293=CARTESIAN_POINT('',(-0.00510261772422662,0.00038,-0.00509777241745866));
#9294=CARTESIAN_POINT('',(-0.00521869113788669,0.00038,-0.0048));
#9295=CARTESIAN_POINT('',(-0.00510261772422662,0.00038,-0.00450222758254133));
#9296=CARTESIAN_POINT('',(-0.0048895668589503,0.00038,-0.00442));
#9297=CARTESIAN_POINT('',(-0.0048,0.00038,-0.00442));
#9298=CARTESIAN_POINT('',(-0.0048,0.00038,-0.00518));
#9299=CARTESIAN_POINT('',(-0.0048,0.00038,-0.00442));
#9300=CARTESIAN_POINT('',(-0.0048,0.00038,-0.00442));
#9301=CARTESIAN_POINT('',(-0.0047104331410497,0.00038,-0.00442));
#9302=CARTESIAN_POINT('',(-0.00449738227577337,0.00038,-0.00450222758254133));
#9303=CARTESIAN_POINT('',(-0.00438130886211331,0.00038,-0.0048));
#9304=CARTESIAN_POINT('',(-0.00449738227577337,0.00038,-0.00509777241745866));
#9305=CARTESIAN_POINT('',(-0.0047104331410497,0.00038,-0.00518));
#9306=CARTESIAN_POINT('',(-0.0048,0.00038,-0.00518));
#9307=CARTESIAN_POINT('',(0.0048,0.00038,-0.0048));
#9308=CARTESIAN_POINT('',(0.00518,0.00038,-0.0048));
#9309=CARTESIAN_POINT('',(0.00518,0.00038,-0.0048895668589503));
#9310=CARTESIAN_POINT('',(0.00509777241745865,0.00038,-0.00510261772422664));
#9311=CARTESIAN_POINT('',(0.00480000000000001,0.00038,-0.00521869113788668));
#9312=CARTESIAN_POINT('',(0.00450222758254132,0.00038,-0.00510261772422663));
#9313=CARTESIAN_POINT('',(0.00442,0.00038,-0.0048895668589503));
#9314=CARTESIAN_POINT('',(0.00442,0.00038,-0.0048));
#9315=CARTESIAN_POINT('',(0.00518,0.00038,-0.0048));
#9316=CARTESIAN_POINT('',(0.00442,0.00038,-0.0048));
#9317=CARTESIAN_POINT('',(0.00442,0.00038,-0.0048));
#9318=CARTESIAN_POINT('',(0.00442,0.00038,-0.00471043314104971));
#9319=CARTESIAN_POINT('',(0.00450222758254132,0.00038,-0.00449738227577338));
#9320=CARTESIAN_POINT('',(0.00480000000000001,0.00038,-0.00438130886211331));
#9321=CARTESIAN_POINT('',(0.00509777241745865,0.00038,-0.00449738227577338));
#9322=CARTESIAN_POINT('',(0.00518,0.00038,-0.00471043314104971));
#9323=CARTESIAN_POINT('',(0.00518,0.00038,-0.0048));
#9324=CARTESIAN_POINT('',(0.0048,0.00038,0.0048));
#9325=CARTESIAN_POINT('',(0.0048,0.00038,0.00518));
#9326=CARTESIAN_POINT('',(0.0048895668589503,0.00038,0.00518));
#9327=CARTESIAN_POINT('',(0.00510261772422662,0.00038,0.00509777241745866));
#9328=CARTESIAN_POINT('',(0.00521869113788669,0.00038,0.0048));
#9329=CARTESIAN_POINT('',(0.00510261772422662,0.00038,0.00450222758254133));
#9330=CARTESIAN_POINT('',(0.0048895668589503,0.00038,0.00442));
#9331=CARTESIAN_POINT('',(0.0048,0.00038,0.00442));
#9332=CARTESIAN_POINT('',(0.0048,0.00038,0.00518));
#9333=CARTESIAN_POINT('',(0.0048,0.00038,0.00442));
#9334=CARTESIAN_POINT('',(0.0048,0.00038,0.00442));
#9335=CARTESIAN_POINT('',(0.0047104331410497,0.00038,0.00442));
#9336=CARTESIAN_POINT('',(0.00449738227577337,0.00038,0.00450222758254133));
#9337=CARTESIAN_POINT('',(0.00438130886211331,0.00038,0.0048));
#9338=CARTESIAN_POINT('',(0.00449738227577337,0.00038,0.00509777241745866));
#9339=CARTESIAN_POINT('',(0.0047104331410497,0.00038,0.00518));
#9340=CARTESIAN_POINT('',(0.0048,0.00038,0.00518));
#9341=CARTESIAN_POINT('',(-0.00125,0.00194771935117924,0.007747));
#9342=CARTESIAN_POINT('',(-0.0010952332061136,0.00316120230338258,-0.00653887384586052));
#9343=CARTESIAN_POINT('',(-0.0010952332061136,0.00316120230338258,-0.00651783825177471));
#9344=CARTESIAN_POINT('',(-0.0010952332061136,0.00316120230338258,-0.00653887384586052));
#9345=CARTESIAN_POINT('',(-0.0010952332061136,0.00316120230338258,-0.00651783825177471));
#9346=CARTESIAN_POINT('',(-0.00125,0.00194771935117924,-0.00629708365478134));
#9347=CARTESIAN_POINT('',(-0.00115857254728989,0.00266457632315043,-0.00702676887878637));
#9348=CARTESIAN_POINT('',(-0.00115857254728989,0.00266457632315043,-0.00702676887878637));
#9349=CARTESIAN_POINT('',(-0.0010952332061136,0.00316120230338258,-0.00653887384586052));
#9350=CARTESIAN_POINT('',(0.00059240917788494,0.00316120230338258,-0.00597563805455897));
#9351=CARTESIAN_POINT('',(0.00059240917788494,0.00316120230338258,-0.00597563805455897));
#9352=CARTESIAN_POINT('',(-0.0010952332061136,0.00316120230338258,-0.00597563805455897));
#9353=CARTESIAN_POINT('',(-0.0015992833719816,0.00316120230338258,-0.00597563805455897));
#9354=CARTESIAN_POINT('',(-0.00159928337198159,0.00316120230338258,-0.00597563805455897));
#9355=CARTESIAN_POINT('',(-0.00175405016586799,0.00194771935117924,-0.00575488345756559));
#9356=CARTESIAN_POINT('',(0.00059240917788494,0.00194771935117924,-0.00575488345756559));
#9357=CARTESIAN_POINT('',(0.00175405016586799,0.00194771935117924,-0.00575488345756559));
#9358=CARTESIAN_POINT('',(0.0015992833719816,0.00316120230338258,-0.00597563805455897));
#9359=CARTESIAN_POINT('',(0.0015992833719816,0.00316120230338258,-0.00597563805455897));
#9360=CARTESIAN_POINT('',(-0.00059240917788494,0.00316120230338258,-0.00597563805455897));
#9361=CARTESIAN_POINT('',(0.0010952332061136,0.00316120230338258,-0.00597563805455897));
#9362=CARTESIAN_POINT('',(0.000790831992761683,0.00554792670179386,-0.00640982658745008));
#9363=CARTESIAN_POINT('',(0.000790831992761683,0.00554792670179386,-0.00640982658745008));
#9364=CARTESIAN_POINT('',(0.00059240917788494,0.00554792670179386,-0.00640982658745008));
#9365=CARTESIAN_POINT('',(-0.000790831992761683,0.00554792670179386,-0.00640982658745008));
#9366=CARTESIAN_POINT('',(-0.0010952332061136,0.00316120230338258,-0.00597563805455897));
#9367=CARTESIAN_POINT('',(0.00059240917788494,0.00316120230338258,-0.00653887384586052));
#9368=CARTESIAN_POINT('',(-0.0010952332061136,0.00316120230338258,-0.00653887384586052));
#9369=CARTESIAN_POINT('',(0.00059240917788494,0.00316120230338258,-0.00653887384586052));
#9370=CARTESIAN_POINT('',(-0.0015992833719816,0.00316120230338258,-0.00653887384586052));
#9371=CARTESIAN_POINT('',(-0.0015992833719816,0.00316120230338258,-0.00653887384586052));
#9372=CARTESIAN_POINT('',(0.00059240917788494,0.00266457632315043,-0.00702676887878637));
#9373=CARTESIAN_POINT('',(0.00059240917788494,0.00266457632315043,-0.00702676887878637));
#9374=CARTESIAN_POINT('',(-0.00166262271315789,0.00266457632315043,-0.00702676887878637));
#9375=CARTESIAN_POINT('',(-0.00166262271315789,0.00266457632315043,-0.00702676887878637));
#9376=CARTESIAN_POINT('',(0.00059240917788494,0.00194771935117924,-0.00629708365478133));
#9377=CARTESIAN_POINT('',(0.,0.00194771935117924,-0.00629708365478133));
#9378=CARTESIAN_POINT('',(-0.00175405016586799,0.00194771935117924,-0.00629708365478133));
#9379=CARTESIAN_POINT('',(-0.00175405016586799,0.00194771935117924,-0.00629708365478133));
#9380=CARTESIAN_POINT('',(-0.00174598237820137,0.0020109766077884,0.007747));
#9381=CARTESIAN_POINT('',(-0.00175405016586799,0.00194771935117924,-0.0056));
#9382=CARTESIAN_POINT('',(-0.002447,0.00194771935117924,-0.0056));
#9383=CARTESIAN_POINT('',(-0.002447,0.00194771935117924,-0.00629708365478133));
#9384=CARTESIAN_POINT('',(-0.002447,0.00194771935117924,-0.00629708365478133));
#9385=CARTESIAN_POINT('',(-0.002447,0.00194771935117924,-0.006997));
#9386=CARTESIAN_POINT('',(-0.002447,0.00194771935117924,-0.0056));
#9387=CARTESIAN_POINT('',(0.,0.00194771935117924,-0.0056));
#9388=CARTESIAN_POINT('',(0.002447,0.00194771935117924,-0.0056));
#9389=CARTESIAN_POINT('',(0.002447,0.00194771935117924,-0.0056));
#9390=CARTESIAN_POINT('',(0.002447,0.00194771935117924,-0.00629708365478134));
#9391=CARTESIAN_POINT('',(-0.002447,0.00194771935117924,-0.00629708365478134));
#9392=CARTESIAN_POINT('',(0.00175405016586799,0.00194771935117924,-0.00629708365478134));
#9393=CARTESIAN_POINT('',(0.00175405016586799,0.00194771935117924,0.007747));
#9394=CARTESIAN_POINT('',(0.002447,0.00194771935117924,0.0056));
#9395=CARTESIAN_POINT('',(-0.00175405016586799,0.00194771935117924,-0.007747));
#9396=CARTESIAN_POINT('',(-0.00175405016586799,0.00194771935117924,0.00575488345756559));
#9397=CARTESIAN_POINT('',(-0.00175405016586799,0.00194771935117924,0.00629708365478134));
#9398=CARTESIAN_POINT('',(0.00125,0.00194771935117924,0.00575488345756559));
#9399=CARTESIAN_POINT('',(0.00175405016586799,0.00194771935117924,0.00575488345756559));
#9400=CARTESIAN_POINT('',(0.00175405016586799,0.00194771935117924,0.0056));
#9401=CARTESIAN_POINT('',(0.00175405016586799,0.00194771935117924,0.00629708365478134));
#9402=CARTESIAN_POINT('',(0.002447,0.00194771935117924,0.00629708365478134));
#9403=CARTESIAN_POINT('',(0.002447,0.00194771935117924,0.00629708365478134));
#9404=CARTESIAN_POINT('',(0.002447,0.00194771935117924,0.006997));
#9405=CARTESIAN_POINT('',(0.002447,0.00194771935117924,0.0056));
#9406=CARTESIAN_POINT('',(0.,0.00194771935117924,0.0056));
#9407=CARTESIAN_POINT('',(-0.002447,0.00194771935117924,0.0056));
#9408=CARTESIAN_POINT('',(-0.002447,0.00194771935117924,0.0056));
#9409=CARTESIAN_POINT('',(-0.002447,0.00194771935117924,0.00629708365478134));
#9410=CARTESIAN_POINT('',(0.002447,0.00194771935117924,0.00629708365478134));
#9411=CARTESIAN_POINT('',(-0.0066,0.00038,-0.0066));
#9412=CARTESIAN_POINT('',(-0.0066,0.00288,-0.0066));
#9413=CARTESIAN_POINT('',(0.0056,0.00288,-0.0066));
#9414=CARTESIAN_POINT('',(0.002447,0.00288,-0.0066));
#9415=CARTESIAN_POINT('',(0.002447,0.000319485321942595,-0.0066));
#9416=CARTESIAN_POINT('',(0.002447,0.00508,-0.0066));
#9417=CARTESIAN_POINT('',(-0.0066,0.00508,-0.0066));
#9418=CARTESIAN_POINT('',(0.0056,0.00508,-0.0066));
#9419=CARTESIAN_POINT('',(0.0056,0.00038,-0.0066));
#9420=CARTESIAN_POINT('',(0.0066,0.00038,-0.0066));
#9421=CARTESIAN_POINT('',(0.0066,0.00288,-0.0066));
#9422=CARTESIAN_POINT('',(0.0066,0.00288,0.0056));
#9423=CARTESIAN_POINT('',(0.0066,0.00288,0.00244699999999997));
#9424=CARTESIAN_POINT('',(0.0066,0.00194771935117924,0.00244699999999997));
#9425=CARTESIAN_POINT('',(0.0066,0.00608,0.00244699999999997));
#9426=CARTESIAN_POINT('',(0.0066,0.00608,-0.0066));
#9427=CARTESIAN_POINT('',(0.0066,0.00608,0.0056));
#9428=CARTESIAN_POINT('',(0.0066,0.00038,0.0056));
#9429=CARTESIAN_POINT('',(0.0066,0.00508,0.0056));
#9430=CARTESIAN_POINT('',(0.0066,0.00038,0.0056));
#9431=CARTESIAN_POINT('',(-0.0066,0.00038,-0.0066));
#9432=CARTESIAN_POINT('',(-0.0066,0.00288,-0.0066));
#9433=CARTESIAN_POINT('',(-0.0066,0.00288,-0.0056));
#9434=CARTESIAN_POINT('',(-0.0066,0.00288,-0.00244699999999993));
#9435=CARTESIAN_POINT('',(-0.0066,0.00194771935117924,-0.00244699999999993));
#9436=CARTESIAN_POINT('',(-0.0066,0.00608,-0.00244699999999993));
#9437=CARTESIAN_POINT('',(-0.0066,0.00608,-0.0066));
#9438=CARTESIAN_POINT('',(-0.0066,0.00608,-0.0056));
#9439=CARTESIAN_POINT('',(-0.0066,0.00038,-0.0056));
#9440=CARTESIAN_POINT('',(-0.0066,0.00508,-0.0056));
#9441=CARTESIAN_POINT('',(-0.0066,0.00038,-0.0056));
#9442=CARTESIAN_POINT('',(-0.0066,0.00038,0.0066));
#9443=CARTESIAN_POINT('',(-0.0066,0.00288,0.0066));
#9444=CARTESIAN_POINT('',(-0.0056,0.00288,0.0066));
#9445=CARTESIAN_POINT('',(-0.002447,0.00288,0.0066));
#9446=CARTESIAN_POINT('',(-0.002447,0.00608,0.0066));
#9447=CARTESIAN_POINT('',(-0.002447,0.00508,0.0066));
#9448=CARTESIAN_POINT('',(-0.0066,0.00508,0.0066));
#9449=CARTESIAN_POINT('',(-0.0056,0.00508,0.0066));
#9450=CARTESIAN_POINT('',(-0.0056,0.00038,0.0066));
#9451=CARTESIAN_POINT('',(-0.0066,0.00038,-0.0066));
#9452=CARTESIAN_POINT('',(-0.0066,0.00508,-0.0066));
#9453=CARTESIAN_POINT('',(-0.0056,0.00508,-0.0066));
#9454=CARTESIAN_POINT('',(-0.002447,0.00508,-0.0066));
#9455=CARTESIAN_POINT('',(-0.002447,0.000319485321942595,-0.0066));
#9456=CARTESIAN_POINT('',(-0.002447,0.00288,-0.0066));
#9457=CARTESIAN_POINT('',(-0.0066,0.00288,-0.0066));
#9458=CARTESIAN_POINT('',(-0.0056,0.00288,-0.0066));
#9459=CARTESIAN_POINT('',(-0.0056,0.00038,-0.0066));
#9460=CARTESIAN_POINT('',(-0.0056,0.00038,-0.0056));
#9461=CARTESIAN_POINT('',(-0.0056,0.00508,-0.0056));
#9462=CARTESIAN_POINT('',(-0.00564780039165413,0.00287648192441405,-0.00659885690794928));
#9463=CARTESIAN_POINT('',(-0.00563188059108571,0.00287882663779472,-0.00659961875150868));
#9464=CARTESIAN_POINT('',(-0.00561593801919145,0.00288000000000003,-0.0066));
#9465=CARTESIAN_POINT('',(-0.0056,0.00288000000000003,-0.0066));
#9466=CARTESIAN_POINT('',(-0.00564780039165412,0.00287648192441406,-0.00659885690794921));
#9467=CARTESIAN_POINT('',(-0.00564780039165412,0.00287648192441406,-0.00659885690794914));
#9468=CARTESIAN_POINT('',(-0.00587171031974097,0.00284350383512874,-0.00658814167719624));
#9469=CARTESIAN_POINT('',(-0.00638428756390449,0.00279574889984357,-0.00638428756390448));
#9470=CARTESIAN_POINT('',(-0.00658814167719624,0.00284350383512875,-0.00587171031974098));
#9471=CARTESIAN_POINT('',(-0.00659885690794914,0.00287648192441405,-0.00564780039165412));
#9472=CARTESIAN_POINT('',(-0.00659885690794921,0.00287648192441385,-0.00564780039165406));
#9473=CARTESIAN_POINT('',(-0.0066,0.00288000000000003,-0.0056));
#9474=CARTESIAN_POINT('',(-0.0066,0.00288000000000003,-0.00561593801919145));
#9475=CARTESIAN_POINT('',(-0.00659961875150868,0.00287882663779472,-0.00563188059108571));
#9476=CARTESIAN_POINT('',(-0.00659885690794928,0.00287648192441405,-0.00564780039165413));
#9477=CARTESIAN_POINT('',(0.0056,0.00038,-0.0056));
#9478=CARTESIAN_POINT('',(0.0056,0.00508,-0.0056));
#9479=CARTESIAN_POINT('',(0.0066,0.00508,-0.0056));
#9480=CARTESIAN_POINT('',(0.0066,0.00038,-0.0056));
#9481=CARTESIAN_POINT('',(0.0066,0.00288,-0.0056));
#9482=CARTESIAN_POINT('',(0.00659885690794928,0.00287648192441405,-0.00564780039165413));
#9483=CARTESIAN_POINT('',(0.00659961875150868,0.00287882663779472,-0.00563188059108571));
#9484=CARTESIAN_POINT('',(0.0066,0.00288000000000003,-0.00561593801919145));
#9485=CARTESIAN_POINT('',(0.0066,0.00288000000000003,-0.0056));
#9486=CARTESIAN_POINT('',(0.00659885690794921,0.00287648192441406,-0.00564780039165412));
#9487=CARTESIAN_POINT('',(0.00659885690794914,0.00287648192441406,-0.00564780039165412));
#9488=CARTESIAN_POINT('',(0.00658814167719624,0.00284350383512874,-0.00587171031974099));
#9489=CARTESIAN_POINT('',(0.00638428756390448,0.00279574889984357,-0.00638428756390448));
#9490=CARTESIAN_POINT('',(0.00587171031974099,0.00284350383512875,-0.00658814167719624));
#9491=CARTESIAN_POINT('',(0.00564780039165412,0.00287648192441405,-0.00659885690794914));
#9492=CARTESIAN_POINT('',(0.00564780039165406,0.00287648192441385,-0.00659885690794921));
#9493=CARTESIAN_POINT('',(0.0056,0.00288000000000003,-0.0066));
#9494=CARTESIAN_POINT('',(0.00561593801919145,0.00288000000000003,-0.0066));
#9495=CARTESIAN_POINT('',(0.00563188059108571,0.00287882663779472,-0.00659961875150868));
#9496=CARTESIAN_POINT('',(0.00564780039165413,0.00287648192441405,-0.00659885690794928));
#9497=CARTESIAN_POINT('',(-0.0066,0.00038,0.0066));
#9498=CARTESIAN_POINT('',(-0.0066,0.00508,0.0066));
#9499=CARTESIAN_POINT('',(0.0056,0.00508,0.0066));
#9500=CARTESIAN_POINT('',(0.002447,0.00508,0.0066));
#9501=CARTESIAN_POINT('',(0.002447,0.000319485321942595,0.0066));
#9502=CARTESIAN_POINT('',(0.002447,0.00288,0.0066));
#9503=CARTESIAN_POINT('',(-0.0066,0.00288,0.0066));
#9504=CARTESIAN_POINT('',(0.0056,0.00288,0.0066));
#9505=CARTESIAN_POINT('',(0.0056,0.00038,0.0066));
#9506=CARTESIAN_POINT('',(0.0056,0.00038,0.0056));
#9507=CARTESIAN_POINT('',(0.0056,0.00508,0.0056));
#9508=CARTESIAN_POINT('',(0.00564780039165413,0.00287648192441405,0.00659885690794928));
#9509=CARTESIAN_POINT('',(0.00563188059108571,0.00287882663779472,0.00659961875150868));
#9510=CARTESIAN_POINT('',(0.00561593801919145,0.00288000000000003,0.0066));
#9511=CARTESIAN_POINT('',(0.0056,0.00288000000000003,0.0066));
#9512=CARTESIAN_POINT('',(0.00564780039165412,0.00287648192441406,0.00659885690794921));
#9513=CARTESIAN_POINT('',(0.00564780039165412,0.00287648192441406,0.00659885690794914));
#9514=CARTESIAN_POINT('',(0.00587171031974099,0.00284350383512874,0.00658814167719624));
#9515=CARTESIAN_POINT('',(0.00638428756390448,0.00279574889984357,0.00638428756390448));
#9516=CARTESIAN_POINT('',(0.00658814167719624,0.00284350383512875,0.00587171031974097));
#9517=CARTESIAN_POINT('',(0.00659885690794914,0.00287648192441405,0.00564780039165412));
#9518=CARTESIAN_POINT('',(0.00659885690794921,0.00287648192441384,0.00564780039165406));
#9519=CARTESIAN_POINT('',(0.0066,0.00288000000000003,0.0056));
#9520=CARTESIAN_POINT('',(0.0066,0.00288000000000003,0.00561593801919145));
#9521=CARTESIAN_POINT('',(0.00659961875150868,0.00287882663779472,0.00563188059108571));
#9522=CARTESIAN_POINT('',(0.00659885690794928,0.00287648192441405,0.00564780039165413));
#9523=CARTESIAN_POINT('',(-0.006047,0.00608,0.006047));
#9524=CARTESIAN_POINT('',(-0.006047,0.00508,0.006047));
#9525=CARTESIAN_POINT('',(-0.007747,0.00508,0.006047));
#9526=CARTESIAN_POINT('',(-0.006047,0.00508,0.007747));
#9527=CARTESIAN_POINT('',(-0.006047,0.00608,0.007747));
#9528=CARTESIAN_POINT('',(-0.006047,0.00608,0.007747));
#9529=CARTESIAN_POINT('',(-0.006047,0.00608,0.006047));
#9530=CARTESIAN_POINT('',(-0.007747,0.00608,0.006047));
#9531=CARTESIAN_POINT('',(-0.007747,0.00608,0.006047));
#9532=CARTESIAN_POINT('',(-0.006047,0.00608,0.007747));
#9533=CARTESIAN_POINT('',(-0.006047,0.00508,0.007747));
#9534=CARTESIAN_POINT('',(-0.002447,0.00508,0.007747));
#9535=CARTESIAN_POINT('',(-0.002447,0.00608,0.007747));
#9536=CARTESIAN_POINT('',(-0.002447,0.00608,0.007747));
#9537=CARTESIAN_POINT('',(-0.006047,0.00608,0.007747));
#9538=CARTESIAN_POINT('',(-0.002447,0.00608,0.007747));
#9539=CARTESIAN_POINT('',(-0.002447,0.00508,0.007747));
#9540=CARTESIAN_POINT('',(-0.002447,0.00288,0.0066));
#9541=CARTESIAN_POINT('',(-0.002447,0.,0.0056));
#9542=CARTESIAN_POINT('',(-0.002447,0.00608,0.0056));
#9543=CARTESIAN_POINT('',(-0.002447,0.00608,0.006047));
#9544=CARTESIAN_POINT('',(-0.007747,0.00608,0.005597));
#9545=CARTESIAN_POINT('',(-0.007747,0.00508,0.005597));
#9546=CARTESIAN_POINT('',(-0.00699699999999906,0.00508,0.005597));
#9547=CARTESIAN_POINT('',(-0.007747,0.00508,0.005597));
#9548=CARTESIAN_POINT('',(-0.007747,0.00608,0.005597));
#9549=CARTESIAN_POINT('',(-0.007747,0.00608,0.005597));
#9550=CARTESIAN_POINT('',(-0.006047,0.00608,0.005597));
#9551=CARTESIAN_POINT('',(-0.006997,0.00608,0.005597));
#9552=CARTESIAN_POINT('',(-0.006997,0.00608,0.005597));
#9553=CARTESIAN_POINT('',(-0.007747,0.00608,0.005597));
#9554=CARTESIAN_POINT('',(-0.007747,0.00508,0.005597));
#9555=CARTESIAN_POINT('',(-0.007747,0.00608,0.006047));
#9556=CARTESIAN_POINT('',(-0.006047,0.00608,0.006047));
#9557=CARTESIAN_POINT('',(0.0056,0.00608,0.002447));
#9558=CARTESIAN_POINT('',(0.0056,0.00608,0.002447));
#9559=CARTESIAN_POINT('',(0.0056,0.00608,-1.95522954975216E-17));
#9560=CARTESIAN_POINT('',(0.0056,0.00608,-0.002447));
#9561=CARTESIAN_POINT('',(-0.006047,0.00608,-0.002447));
#9562=CARTESIAN_POINT('',(0.0066,0.00608,-0.002447));
#9563=CARTESIAN_POINT('',(0.0066,0.00608,-0.0066));
#9564=CARTESIAN_POINT('',(0.0066,0.00608,-0.0056));
#9565=CARTESIAN_POINT('',(0.0066,0.00608,-0.0056));
#9566=CARTESIAN_POINT('',(0.00699699999999558,0.00608,-0.005597));
#9567=CARTESIAN_POINT('',(-0.006047,0.00608,-0.005597));
#9568=CARTESIAN_POINT('',(0.007747,0.00608,-0.005597));
#9569=CARTESIAN_POINT('',(0.007747,0.00608,0.006047));
#9570=CARTESIAN_POINT('',(0.007747,0.00608,-0.006047));
#9571=CARTESIAN_POINT('',(0.006047,0.00608,-0.006047));
#9572=CARTESIAN_POINT('',(0.006047,0.00608,-0.007747));
#9573=CARTESIAN_POINT('',(-0.006047,0.00608,-0.007747));
#9574=CARTESIAN_POINT('',(0.002447,0.00608,-0.007747));
#9575=CARTESIAN_POINT('',(0.002447,0.00608,-0.006997));
#9576=CARTESIAN_POINT('',(0.002447,0.00608,-0.0056));
#9577=CARTESIAN_POINT('',(0.,0.00608,-0.0056));
#9578=CARTESIAN_POINT('',(-0.002447,0.00608,-0.0056));
#9579=CARTESIAN_POINT('',(-0.002447,0.00608,-0.006997));
#9580=CARTESIAN_POINT('',(-0.002447,0.00608,-0.007747));
#9581=CARTESIAN_POINT('',(-0.006047,0.00608,-0.007747));
#9582=CARTESIAN_POINT('',(-0.006047,0.00608,-0.007747));
#9583=CARTESIAN_POINT('',(-0.006047,0.00608,-0.006047));
#9584=CARTESIAN_POINT('',(-0.007747,0.00608,-0.006047));
#9585=CARTESIAN_POINT('',(-0.007747,0.00608,0.006047));
#9586=CARTESIAN_POINT('',(-0.007747,0.00608,-0.005597));
#9587=CARTESIAN_POINT('',(-0.006047,0.00608,-0.005597));
#9588=CARTESIAN_POINT('',(-0.006997,0.00608,-0.005597));
#9589=CARTESIAN_POINT('',(-0.0066,0.00608,-0.0056));
#9590=CARTESIAN_POINT('',(-0.0056,0.00608,-0.00244699999999994));
#9591=CARTESIAN_POINT('',(-0.0056,0.00608,-0.00244699999999994));
#9592=CARTESIAN_POINT('',(-0.0056,0.00608,5.86568864925646E-17));
#9593=CARTESIAN_POINT('',(-0.0056,0.00608,0.00244700000000006));
#9594=CARTESIAN_POINT('',(-0.006047,0.00608,0.00244700000000006));
#9595=CARTESIAN_POINT('',(-0.0066,0.00608,0.00244700000000006));
#9596=CARTESIAN_POINT('',(-0.0066,0.00608,-0.0066));
#9597=CARTESIAN_POINT('',(-0.0066,0.00608,0.0056));
#9598=CARTESIAN_POINT('',(-0.0066,0.00608,0.0056));
#9599=CARTESIAN_POINT('',(0.,0.00608,0.0056));
#9600=CARTESIAN_POINT('',(0.002447,0.00608,0.0056));
#9601=CARTESIAN_POINT('',(0.002447,0.00608,0.006997));
#9602=CARTESIAN_POINT('',(0.002447,0.00608,0.007747));
#9603=CARTESIAN_POINT('',(-0.006047,0.00608,0.007747));
#9604=CARTESIAN_POINT('',(0.006047,0.00608,0.007747));
#9605=CARTESIAN_POINT('',(0.006047,0.00608,0.006047));
#9606=CARTESIAN_POINT('',(0.007747,0.00608,0.006047));
#9607=CARTESIAN_POINT('',(0.007747,0.00608,0.006047));
#9608=CARTESIAN_POINT('',(0.007747,0.00608,0.005597));
#9609=CARTESIAN_POINT('',(-0.006047,0.00608,0.005597));
#9610=CARTESIAN_POINT('',(0.00699699999999906,0.00608,0.005597));
#9611=CARTESIAN_POINT('',(0.0066,0.00608,0.0056));
#9612=CARTESIAN_POINT('',(-0.006047,0.00508,0.006047));
#9613=CARTESIAN_POINT('',(-0.0066,0.00508,0.0056));
#9614=CARTESIAN_POINT('',(-0.0066,0.00508,0.0056));
#9615=CARTESIAN_POINT('',(-0.0056,0.00508,0.0056));
#9616=CARTESIAN_POINT('',(-0.0066,0.000319485321942595,0.0056));
#9617=CARTESIAN_POINT('',(-0.0066,0.00038,0.0056));
#9618=CARTESIAN_POINT('',(-0.0056,0.00038,0.0056));
#9619=CARTESIAN_POINT('',(-0.0066,0.00038,0.0056));
#9620=CARTESIAN_POINT('',(-0.0066,0.00288,0.0056));
#9621=CARTESIAN_POINT('',(-0.00659885690794928,0.00287648192441405,0.00564780039165413));
#9622=CARTESIAN_POINT('',(-0.00659961875150868,0.00287882663779472,0.00563188059108571));
#9623=CARTESIAN_POINT('',(-0.0066,0.00288000000000003,0.00561593801919145));
#9624=CARTESIAN_POINT('',(-0.0066,0.00288000000000003,0.0056));
#9625=CARTESIAN_POINT('',(-0.00659885690794928,0.00287648192441406,0.00564780039165413));
#9626=CARTESIAN_POINT('',(-0.00564780039165413,0.00287648192441405,0.00659885690794928));
#9627=CARTESIAN_POINT('',(-0.00587171031974098,0.00284350383512873,0.00658814167719636));
#9628=CARTESIAN_POINT('',(-0.0063842875639045,0.00279574889984356,0.0063842875639045));
#9629=CARTESIAN_POINT('',(-0.00658814167719635,0.00284350383512873,0.005871710319741));
#9630=CARTESIAN_POINT('',(-0.00659885690794928,0.00287648192441405,0.00564780039165413));
#9631=CARTESIAN_POINT('',(-0.00564780039165413,0.00287648192441405,0.00659885690794928));
#9632=CARTESIAN_POINT('',(-0.0056,0.00288000000000003,0.0066));
#9633=CARTESIAN_POINT('',(-0.00561593801919145,0.00288000000000003,0.0066));
#9634=CARTESIAN_POINT('',(-0.00563188059108571,0.00287882663779472,0.00659961875150868));
#9635=CARTESIAN_POINT('',(-0.00564780039165413,0.00287648192441405,0.00659885690794928));
#9636=CARTESIAN_POINT('',(0.0066,0.00038,-0.0066));
#9637=CARTESIAN_POINT('',(0.0066,0.00194771935117924,-0.002447));
#9638=CARTESIAN_POINT('',(0.0066,0.00288,-0.002447));
#9639=CARTESIAN_POINT('',(0.0066,0.00288,-0.0066));
#9640=CARTESIAN_POINT('',(0.0066,0.00038,-0.0056));
#9641=CARTESIAN_POINT('',(-0.0066,0.00038,-0.0066));
#9642=CARTESIAN_POINT('',(-0.0066,0.00194771935117924,0.00244700000000007));
#9643=CARTESIAN_POINT('',(-0.0066,0.00288,0.00244700000000007));
#9644=CARTESIAN_POINT('',(-0.0066,0.00288,-0.0066));
#9645=CARTESIAN_POINT('',(0.,0.00038,0.));
#9646=CARTESIAN_POINT('',(0.,0.00038,-0.00578770075941773));
#9647=CARTESIAN_POINT('',(-0.00483664424312258,0.00038,-0.00578770075941773));
#9648=CARTESIAN_POINT('',(0.00483664424312258,0.00038,-0.00578770075941773));
#9649=CARTESIAN_POINT('',(0.00483664424312258,0.00038,-0.00578770075941773));
#9650=CARTESIAN_POINT('',(0.00507126940196235,0.00038,-0.00578770075941773));
#9651=CARTESIAN_POINT('',(0.00559936316519237,0.00038,-0.00559936316519237));
#9652=CARTESIAN_POINT('',(0.00578770075941773,0.00038,-0.00507126940196235));
#9653=CARTESIAN_POINT('',(0.00578770075941773,0.00038,-0.00483664424312258));
#9654=CARTESIAN_POINT('',(0.00578770075941773,0.00038,-0.00483664424312258));
#9655=CARTESIAN_POINT('',(0.00578770075941773,0.00038,0.));
#9656=CARTESIAN_POINT('',(0.00578770075941773,0.00038,0.00483664424312258));
#9657=CARTESIAN_POINT('',(0.00578770075941773,0.00038,0.00483664424312258));
#9658=CARTESIAN_POINT('',(0.00578770075941773,0.00038,0.00507126940196235));
#9659=CARTESIAN_POINT('',(0.00559936316519236,0.00038,0.00559936316519236));
#9660=CARTESIAN_POINT('',(0.00507126940196235,0.00038,0.00578770075941773));
#9661=CARTESIAN_POINT('',(0.00483664424312258,0.00038,0.00578770075941773));
#9662=CARTESIAN_POINT('',(0.00483664424312258,0.00038,0.00578770075941773));
#9663=CARTESIAN_POINT('',(0.,0.00038,0.00578770075941773));
#9664=CARTESIAN_POINT('',(-0.00483664424312258,0.00038,0.00578770075941773));
#9665=CARTESIAN_POINT('',(-0.00483664424312258,0.00038,0.00578770075941773));
#9666=CARTESIAN_POINT('',(-0.00507126940196235,0.00038,0.00578770075941773));
#9667=CARTESIAN_POINT('',(-0.00559936316519236,0.00038,0.00559936316519236));
#9668=CARTESIAN_POINT('',(-0.00578770075941773,0.00038,0.00507126940196235));
#9669=CARTESIAN_POINT('',(-0.00578770075941773,0.00038,0.00483664424312258));
#9670=CARTESIAN_POINT('',(-0.00578770075941773,0.00038,0.00483664424312258));
#9671=CARTESIAN_POINT('',(-0.00578770075941773,0.00038,0.));
#9672=CARTESIAN_POINT('',(-0.00578770075941773,0.00038,-0.00483664424312258));
#9673=CARTESIAN_POINT('',(-0.00578770075941773,0.00038,-0.00483664424312258));
#9674=CARTESIAN_POINT('',(-0.00578770075941773,0.00038,-0.00507126940196235));
#9675=CARTESIAN_POINT('',(-0.00559936316519237,0.00038,-0.00559936316519237));
#9676=CARTESIAN_POINT('',(-0.00507126940196235,0.00038,-0.00578770075941773));
#9677=CARTESIAN_POINT('',(-0.00483664424312258,0.00038,-0.00578770075941773));
#9678=CARTESIAN_POINT('',(-0.00578770075941773,0.00038,0.));
#9679=CARTESIAN_POINT('',(-0.0066,0.00288,-0.00244699999999993));
#9680=CARTESIAN_POINT('',(-0.00629708365478134,0.00194771935117924,-0.00244699999999993));
#9681=CARTESIAN_POINT('',(-0.00659885690794928,0.00287648192441406,-0.00564780039165413));
#9682=CARTESIAN_POINT('',(-0.00578770075941773,0.00038,0.00483664424312258));
#9683=CARTESIAN_POINT('',(-0.00629708365478134,0.00194771935117924,0.00244700000000007));
#9684=CARTESIAN_POINT('',(-0.00629708365478134,0.00194771935117924,0.00244700000000007));
#9685=CARTESIAN_POINT('',(-0.00629708365478134,0.00194771935117924,0.00244700000000006));
#9686=CARTESIAN_POINT('',(0.,0.00038,-0.00578770075941773));
#9687=CARTESIAN_POINT('',(0.002447,0.00288,-0.0066));
#9688=CARTESIAN_POINT('',(0.00564780039165413,0.00287648192441406,-0.00659885690794928));
#9689=CARTESIAN_POINT('',(-0.00483664424312258,0.00038,-0.00578770075941773));
#9690=CARTESIAN_POINT('',(-0.002447,0.00194771935117924,-0.00629708365478133));
#9691=CARTESIAN_POINT('',(0.00125,0.00194771935117924,-0.00629708365478133));
#9692=CARTESIAN_POINT('',(0.00125,0.00194771935117924,-0.00629708365478134));
#9693=CARTESIAN_POINT('',(-0.00059240917788494,0.00194771935117924,-0.00629708365478133));
#9694=CARTESIAN_POINT('',(0.,0.00038,0.00578770075941773));
#9695=CARTESIAN_POINT('',(-0.00564780039165413,0.00287648192441405,0.00659885690794928));
#9696=CARTESIAN_POINT('',(0.00483664424312258,0.00038,0.00578770075941773));
#9697=CARTESIAN_POINT('',(0.002447,0.00194771935117924,0.00629708365478133));
#9698=CARTESIAN_POINT('',(0.,0.00194771935117924,0.00629708365478133));
#9699=CARTESIAN_POINT('',(0.00125,0.00194771935117924,0.00629708365478133));
#9700=CARTESIAN_POINT('',(0.,0.00194771935117924,0.00629708365478133));
#9701=CARTESIAN_POINT('',(-0.00125,0.00194771935117923,0.00629708365478133));
#9702=CARTESIAN_POINT('',(0.00059240917788494,0.00194771935117924,0.00629708365478133));
#9703=CARTESIAN_POINT('',(0.00578770075941773,0.00038,0.));
#9704=CARTESIAN_POINT('',(0.0066,0.00288,0.00244699999999997));
#9705=CARTESIAN_POINT('',(0.00629708365478133,0.00194771935117924,0.00244699999999997));
#9706=CARTESIAN_POINT('',(0.00659885690794928,0.00287648192441405,0.00564780039165413));
#9707=CARTESIAN_POINT('',(0.00578770075941773,0.00038,-0.00483664424312258));
#9708=CARTESIAN_POINT('',(0.00629708365478133,0.00194771935117924,-0.002447));
#9709=CARTESIAN_POINT('',(0.00629708365478133,0.00194771935117924,-0.002447));
#9710=CARTESIAN_POINT('',(0.00629708365478133,0.00194771935117924,-0.002447));
#9711=CARTESIAN_POINT('',(0.00441504496447956,-0.000608532164789659,0.00441504496447956));
#9712=CARTESIAN_POINT('',(0.00441504496447956,-0.000608532164789659,-0.00441504496447956));
#9713=CARTESIAN_POINT('',(-0.00441504496447956,-0.000608532164789659,0.00441504496447956));
#9714=CARTESIAN_POINT('',(-0.00441504496447956,-0.000608532164789659,-0.00441504496447956));
#9715=CARTESIAN_POINT('',(0.002447,0.000319485321942595,0.006997));
#9716=CARTESIAN_POINT('',(0.002447,0.,0.0056));
#9717=CARTESIAN_POINT('',(0.002447,0.00508,0.006997));
#9718=CARTESIAN_POINT('',(0.002447,0.00508,0.007747));
#9719=CARTESIAN_POINT('',(0.002447,0.00608,0.007747));
#9720=CARTESIAN_POINT('',(0.0066,0.000319485321942595,0.0056));
#9721=CARTESIAN_POINT('',(0.006997,0.00608,0.005597));
#9722=CARTESIAN_POINT('',(0.00699699999999908,0.00508,0.005597));
#9723=CARTESIAN_POINT('',(0.0066,0.00508,0.0056));
#9724=CARTESIAN_POINT('',(-0.006047,0.00508,0.006047));
#9725=CARTESIAN_POINT('',(0.007747,0.00508,0.005597));
#9726=CARTESIAN_POINT('',(0.007747,0.00508,0.005597));
#9727=CARTESIAN_POINT('',(0.007747,0.00508,0.005597));
#9728=CARTESIAN_POINT('',(0.007747,0.00508,0.006047));
#9729=CARTESIAN_POINT('',(0.006047,0.00508,0.006047));
#9730=CARTESIAN_POINT('',(0.006047,0.00508,0.007747));
#9731=CARTESIAN_POINT('',(0.006047,0.00508,0.007747));
#9732=CARTESIAN_POINT('',(0.006047,0.00608,0.006047));
#9733=CARTESIAN_POINT('',(0.007747,0.00608,0.006047));
#9734=CARTESIAN_POINT('',(0.006047,0.00608,0.007747));
#9735=CARTESIAN_POINT('',(0.007747,0.00608,0.005597));
#9736=CARTESIAN_POINT('',(0.007747,0.00608,0.005597));
#9737=CARTESIAN_POINT('',(0.007747,0.00608,0.005597));
#9738=CARTESIAN_POINT('',(0.006047,0.00608,0.007747));
#9739=CARTESIAN_POINT('',(0.002447,0.000319485321942595,-0.006997));
#9740=CARTESIAN_POINT('',(0.002447,0.000319485321942595,-0.007747));
#9741=CARTESIAN_POINT('',(0.002447,0.00508,-0.007747));
#9742=CARTESIAN_POINT('',(0.002447,0.00508,-0.006997));
#9743=CARTESIAN_POINT('',(0.002447,0.,-0.0056));
#9744=CARTESIAN_POINT('',(0.0066,0.000319485321942595,-0.0056));
#9745=CARTESIAN_POINT('',(0.0066,0.00508,-0.0056));
#9746=CARTESIAN_POINT('',(0.00699699999999908,0.00508,-0.005597));
#9747=CARTESIAN_POINT('',(0.006997,0.000319485321942595,-0.005597));
#9748=CARTESIAN_POINT('',(-0.006047,0.00508,0.006047));
#9749=CARTESIAN_POINT('',(0.006047,0.00508,-0.007747));
#9750=CARTESIAN_POINT('',(0.006047,0.00508,-0.007747));
#9751=CARTESIAN_POINT('',(0.006047,0.00508,-0.006047));
#9752=CARTESIAN_POINT('',(0.007747,0.00508,-0.006047));
#9753=CARTESIAN_POINT('',(0.007747,0.00508,-0.005597));
#9754=CARTESIAN_POINT('',(0.007747,0.00508,-0.005597));
#9755=CARTESIAN_POINT('',(0.007747,0.00508,-0.005597));
#9756=CARTESIAN_POINT('',(0.006047,0.00608,-0.006047));
#9757=CARTESIAN_POINT('',(0.006047,0.00608,-0.007747));
#9758=CARTESIAN_POINT('',(0.007747,0.00608,-0.006047));
#9759=CARTESIAN_POINT('',(0.006047,0.00608,-0.007747));
#9760=CARTESIAN_POINT('',(0.007747,0.00608,-0.005597));
#9761=CARTESIAN_POINT('',(0.007747,0.00608,-0.005597));
#9762=CARTESIAN_POINT('',(0.007747,0.00608,-0.005597));
#9763=CARTESIAN_POINT('',(-0.002447,0.000319485321942595,-0.006997));
#9764=CARTESIAN_POINT('',(-0.002447,0.,-0.0056));
#9765=CARTESIAN_POINT('',(-0.002447,0.00508,-0.006997));
#9766=CARTESIAN_POINT('',(-0.002447,0.00508,-0.007747));
#9767=CARTESIAN_POINT('',(-0.002447,0.00608,-0.007747));
#9768=CARTESIAN_POINT('',(-0.0066,0.000319485321942595,-0.0056));
#9769=CARTESIAN_POINT('',(-0.006997,0.00608,-0.005597));
#9770=CARTESIAN_POINT('',(-0.00699699999999908,0.00508,-0.005597));
#9771=CARTESIAN_POINT('',(-0.0066,0.00508,-0.0056));
#9772=CARTESIAN_POINT('',(-0.006047,0.00508,0.006047));
#9773=CARTESIAN_POINT('',(-0.007747,0.00508,-0.005597));
#9774=CARTESIAN_POINT('',(-0.007747,0.00508,-0.005597));
#9775=CARTESIAN_POINT('',(-0.007747,0.00508,-0.005597));
#9776=CARTESIAN_POINT('',(-0.007747,0.00508,-0.006047));
#9777=CARTESIAN_POINT('',(-0.006047,0.00508,-0.006047));
#9778=CARTESIAN_POINT('',(-0.006047,0.00508,-0.007747));
#9779=CARTESIAN_POINT('',(-0.006047,0.00508,-0.007747));
#9780=CARTESIAN_POINT('',(-0.007747,0.00608,-0.005597));
#9781=CARTESIAN_POINT('',(-0.007747,0.00608,-0.005597));
#9782=CARTESIAN_POINT('',(-0.006047,0.00608,-0.007747));
#9783=CARTESIAN_POINT('',(-0.006047,0.00608,-0.007747));
#9784=CARTESIAN_POINT('',(-0.006047,0.00608,-0.006047));
#9785=CARTESIAN_POINT('',(-0.007747,0.00608,-0.006047));
#9786=CARTESIAN_POINT('',(-0.007747,0.00608,-0.005597));
#9787=CARTESIAN_POINT('',(0.,0.,0.0056));
#9788=CARTESIAN_POINT('',(0.,0.,-0.0056));
#9789=CARTESIAN_POINT('',(0.0056,0.00194771935117924,0.002447));
#9790=CARTESIAN_POINT('',(0.0056,0.00194771935117924,0.002447));
#9791=CARTESIAN_POINT('',(0.0056,0.00194771935117924,0.002447));
#9792=CARTESIAN_POINT('',(0.0056,0.,0.002447));
#9793=CARTESIAN_POINT('',(0.0056,0.00194771935117924,-0.002447));
#9794=CARTESIAN_POINT('',(0.0056,0.,-0.002447));
#9795=CARTESIAN_POINT('',(0.0056,0.00194771935117924,-0.002447));
#9796=CARTESIAN_POINT('',(0.0056,0.00194771935117924,-0.002447));
#9797=CARTESIAN_POINT('',(0.0056,0.00194771935117924,-0.002447));
#9798=CARTESIAN_POINT('',(0.0056,0.00194771935117924,-1.95522954975216E-17));
#9799=CARTESIAN_POINT('',(0.0056,0.,-1.95522954975216E-17));
#9800=CARTESIAN_POINT('',(-0.0056,0.00194771935117924,-0.00244699999999994));
#9801=CARTESIAN_POINT('',(-0.0056,0.00194771935117924,-0.00244699999999994));
#9802=CARTESIAN_POINT('',(-0.0056,0.00194771935117924,-0.00244699999999994));
#9803=CARTESIAN_POINT('',(-0.0056,0.,-0.00244699999999994));
#9804=CARTESIAN_POINT('',(-0.0056,0.00194771935117924,0.00244700000000006));
#9805=CARTESIAN_POINT('',(-0.0056,0.,0.00244700000000006));
#9806=CARTESIAN_POINT('',(-0.0056,0.00194771935117924,0.00244700000000006));
#9807=CARTESIAN_POINT('',(-0.0056,0.00194771935117924,0.00244700000000006));
#9808=CARTESIAN_POINT('',(-0.0056,0.00194771935117924,0.00244700000000006));
#9809=CARTESIAN_POINT('',(-0.0056,0.00194771935117924,5.86568864925646E-17));
#9810=CARTESIAN_POINT('',(-0.0056,0.,5.86568864925646E-17));
#9811=CARTESIAN_POINT('',(0.00125,0.00194771935117924,-0.007747));
#9812=CARTESIAN_POINT('',(0.0010952332061136,0.00316120230338258,0.00653887384586052));
#9813=CARTESIAN_POINT('',(0.0010952332061136,0.00316120230338258,0.00597563805455897));
#9814=CARTESIAN_POINT('',(0.0010952332061136,0.00316120230338258,0.00651783825177471));
#9815=CARTESIAN_POINT('',(0.000790831992761683,0.00554792670179386,0.00640982658745008));
#9816=CARTESIAN_POINT('',(0.000790831992761683,0.00554792670179386,0.00640982658745008));
#9817=CARTESIAN_POINT('',(0.000790831992761683,0.00554792670179386,-0.007747));
#9818=CARTESIAN_POINT('',(0.000790831992761683,0.00554792670179386,0.008097));
#9819=CARTESIAN_POINT('',(0.00125,0.00194771935117924,0.008097));
#9820=CARTESIAN_POINT('',(0.000858273477076082,0.00501913696963153,0.008097));
#9821=CARTESIAN_POINT('',(0.000858273477076082,0.00501913696963153,0.0068558303247108));
#9822=CARTESIAN_POINT('',(0.000858273477076082,0.00501913696963153,0.0068558303247108));
#9823=CARTESIAN_POINT('',(0.0010952332061136,0.00316120230338258,0.00651783825177471));
#9824=CARTESIAN_POINT('',(0.00125,0.00554792670179386,0.00640982658745008));
#9825=CARTESIAN_POINT('',(-0.0015992833719816,0.00316120230338258,0.00597563805455897));
#9826=CARTESIAN_POINT('',(-0.0015992833719816,0.00316120230338258,0.00597563805455897));
#9827=CARTESIAN_POINT('',(0.00059240917788494,0.00316120230338258,0.00597563805455897));
#9828=CARTESIAN_POINT('',(-0.0010952332061136,0.00316120230338258,0.00597563805455897));
#9829=CARTESIAN_POINT('',(-0.0010952332061136,0.00316120230338258,0.00597563805455897));
#9830=CARTESIAN_POINT('',(-0.000790831992761684,0.00554792670179386,0.00640982658745008));
#9831=CARTESIAN_POINT('',(0.00125,0.00554792670179386,0.00640982658745008));
#9832=CARTESIAN_POINT('',(0.00125,0.00316120230338258,0.00597563805455897));
#9833=CARTESIAN_POINT('',(0.0015992833719816,0.00316120230338258,0.00597563805455897));
#9834=CARTESIAN_POINT('',(0.0015992833719816,0.00316120230338258,0.00597563805455897));
#9835=CARTESIAN_POINT('',(0.00125,0.00554792670179386,0.008097));
#9836=CARTESIAN_POINT('',(-0.000790831992761684,0.00554792670179386,0.008097));
#9837=CARTESIAN_POINT('',(-0.000790831992761684,0.00554792670179386,0.008097));
#9838=CARTESIAN_POINT('',(0.00125,0.00554792670179386,0.008097));
#9839=CARTESIAN_POINT('',(0.00125,0.00501913696963153,0.008097));
#9840=CARTESIAN_POINT('',(-0.00125,0.00194771935117924,0.008097));
#9841=CARTESIAN_POINT('',(-0.000858273477076082,0.00501913696963153,0.008097));
#9842=CARTESIAN_POINT('',(0.00125,0.00501913696963153,0.008097));
#9843=CARTESIAN_POINT('',(0.00125,0.00501913696963153,0.0068558303247108));
#9844=CARTESIAN_POINT('',(-0.000858273477076082,0.00501913696963153,0.0068558303247108));
#9845=CARTESIAN_POINT('',(-0.000858273477076082,0.00501913696963153,0.0068558303247108));
#9846=CARTESIAN_POINT('',(0.00125,0.00501913696963153,0.0068558303247108));
#9847=CARTESIAN_POINT('',(0.00125,0.00194771935117924,0.00629708365478133));
#9848=CARTESIAN_POINT('',(-0.000858273477076082,0.00501913696963153,0.0068558303247108));
#9849=CARTESIAN_POINT('',(-0.0010952332061136,0.00316120230338258,0.00651783825177471));
#9850=CARTESIAN_POINT('',(-0.0010952332061136,0.00316120230338258,0.00651783825177471));
#9851=CARTESIAN_POINT('',(0.00125,0.00194771935117924,0.00629708365478133));
#9852=CARTESIAN_POINT('',(-0.00125,0.00194771935117924,-0.007747));
#9853=CARTESIAN_POINT('',(-0.0010952332061136,0.00316120230338258,-0.007747));
#9854=CARTESIAN_POINT('',(-0.00125,0.00194771935117924,-0.007747));
#9855=CARTESIAN_POINT('',(-0.0010952332061136,0.00316120230338258,-0.007747));
#9856=CARTESIAN_POINT('',(-0.0010952332061136,0.00316120230338258,0.00653887384586051));
#9857=CARTESIAN_POINT('',(-0.0010952332061136,0.00316120230338258,0.00653887384586052));
#9858=CARTESIAN_POINT('',(-0.00115857254728989,0.00266457632315043,0.00702676887878637));
#9859=CARTESIAN_POINT('',(-0.00115857254728989,0.00266457632315043,0.00702676887878637));
#9860=CARTESIAN_POINT('',(0.00059240917788494,0.00316120230338258,0.00653887384586052));
#9861=CARTESIAN_POINT('',(-0.0015992833719816,0.00316120230338258,-0.007747));
#9862=CARTESIAN_POINT('',(-0.00159928337198159,0.00316120230338258,0.00653887384586051));
#9863=CARTESIAN_POINT('',(0.00059240917788494,0.00316120230338258,0.00653887384586052));
#9864=CARTESIAN_POINT('',(0.00059240917788494,0.00266457632315043,0.00702676887878637));
#9865=CARTESIAN_POINT('',(-0.00166262271315789,0.00266457632315043,0.00702676887878637));
#9866=CARTESIAN_POINT('',(-0.00166262271315789,0.00266457632315043,0.00702676887878637));
#9867=CARTESIAN_POINT('',(0.00059240917788494,0.00266457632315043,0.00702676887878637));
#9868=CARTESIAN_POINT('',(0.00059240917788494,0.00194771935117924,0.00629708365478133));
#9869=CARTESIAN_POINT('',(-0.00175405016586799,0.00194771935117924,0.00629708365478134));
#9870=CARTESIAN_POINT('',(-0.00174598237820137,0.0020109766077884,-0.007747));
#9871=CARTESIAN_POINT('',(0.00125,0.00194771935117924,-0.007747));
#9872=CARTESIAN_POINT('',(0.00115857254728989,0.00266457632315043,0.00702676887878637));
#9873=CARTESIAN_POINT('',(0.00115857254728989,0.00266457632315043,0.00702676887878637));
#9874=CARTESIAN_POINT('',(0.0010952332061136,0.00316120230338258,0.00653887384586052));
#9875=CARTESIAN_POINT('',(0.0010952332061136,0.00316120230338258,0.00653887384586052));
#9876=CARTESIAN_POINT('',(0.0010952332061136,0.00316120230338258,0.00653887384586052));
#9877=CARTESIAN_POINT('',(-0.00059240917788494,0.00316120230338258,0.00653887384586052));
#9878=CARTESIAN_POINT('',(-0.00059240917788494,0.00316120230338258,0.00653887384586052));
#9879=CARTESIAN_POINT('',(0.0015992833719816,0.00316120230338258,0.00653887384586052));
#9880=CARTESIAN_POINT('',(0.0015992833719816,0.00316120230338258,0.00653887384586052));
#9881=CARTESIAN_POINT('',(-0.00059240917788494,0.00266457632315043,0.00702676887878637));
#9882=CARTESIAN_POINT('',(-0.00059240917788494,0.00266457632315043,0.00702676887878637));
#9883=CARTESIAN_POINT('',(0.00166262271315789,0.00266457632315043,0.00702676887878637));
#9884=CARTESIAN_POINT('',(0.00166262271315789,0.00266457632315043,0.00702676887878637));
#9885=CARTESIAN_POINT('',(-0.00059240917788494,0.00194771935117924,0.00629708365478133));
#9886=CARTESIAN_POINT('',(0.00175405016586799,0.00194771935117924,0.00629708365478133));
#9887=CARTESIAN_POINT('',(0.00174598237820137,0.0020109766077884,-0.007747));
#9888=CARTESIAN_POINT('',(0.00125,0.00554792670179386,-0.008097));
#9889=CARTESIAN_POINT('',(0.000790831992761684,0.00554792670179386,-0.008097));
#9890=CARTESIAN_POINT('',(0.000790831992761684,0.00554792670179386,-0.008097));
#9891=CARTESIAN_POINT('',(0.00125,0.00554792670179386,-0.008097));
#9892=CARTESIAN_POINT('',(-0.000790831992761684,0.00554792670179386,-0.008097));
#9893=CARTESIAN_POINT('',(-0.000790831992761683,0.00554792670179386,0.007747));
#9894=CARTESIAN_POINT('',(0.00125,0.00501913696963153,-0.008097));
#9895=CARTESIAN_POINT('',(0.000790831992761684,0.00554792670179386,-0.008097));
#9896=CARTESIAN_POINT('',(0.000858273477076082,0.00501913696963153,-0.008097));
#9897=CARTESIAN_POINT('',(0.00125,0.00501913696963154,-0.008097));
#9898=CARTESIAN_POINT('',(-0.000858273477076082,0.00501913696963153,-0.008097));
#9899=CARTESIAN_POINT('',(-0.000858273477076082,0.00501913696963154,-0.008097));
#9900=CARTESIAN_POINT('',(0.00125,0.00501913696963153,-0.0068558303247108));
#9901=CARTESIAN_POINT('',(0.000858273477076082,0.00501913696963153,0.007747));
#9902=CARTESIAN_POINT('',(0.000858273477076082,0.00501913696963153,-0.0068558303247108));
#9903=CARTESIAN_POINT('',(0.00125,0.00501913696963153,-0.0068558303247108));
#9904=CARTESIAN_POINT('',(-0.000858273477076082,0.00501913696963153,-0.0068558303247108));
#9905=CARTESIAN_POINT('',(-0.000858273477076082,0.00501913696963153,0.007747));
#9906=CARTESIAN_POINT('',(0.00125,0.00194771935117924,-0.00629708365478133));
#9907=CARTESIAN_POINT('',(0.0010952332061136,0.00316120230338258,-0.00651783825177471));
#9908=CARTESIAN_POINT('',(0.0010952332061136,0.00316120230338258,-0.00651783825177471));
#9909=CARTESIAN_POINT('',(0.00125,0.00194771935117924,-0.00629708365478134));
#9910=CARTESIAN_POINT('',(-0.000858273477076082,0.00501913696963153,-0.0068558303247108));
#9911=CARTESIAN_POINT('',(-0.00125,0.00194771935117924,0.007747));
#9912=CARTESIAN_POINT('',(0.00125,0.00194771935117924,0.007747));
#9913=CARTESIAN_POINT('',(0.0010952332061136,0.00316120230338258,0.007747));
#9914=CARTESIAN_POINT('',(0.00125,0.00194771935117924,0.007747));
#9915=CARTESIAN_POINT('',(0.00115857254728989,0.00266457632315043,-0.00702676887878637));
#9916=CARTESIAN_POINT('',(0.00115857254728989,0.00266457632315043,-0.00702676887878637));
#9917=CARTESIAN_POINT('',(0.0010952332061136,0.00316120230338258,0.007747));
#9918=CARTESIAN_POINT('',(0.0010952332061136,0.00316120230338258,-0.00653887384586051));
#9919=CARTESIAN_POINT('',(0.0010952332061136,0.00316120230338258,-0.00653887384586052));
#9920=CARTESIAN_POINT('',(-0.00059240917788494,0.00316120230338258,-0.00653887384586052));
#9921=CARTESIAN_POINT('',(0.0015992833719816,0.00316120230338258,0.007747));
#9922=CARTESIAN_POINT('',(0.00159928337198159,0.00316120230338258,-0.00653887384586051));
#9923=CARTESIAN_POINT('',(-0.00059240917788494,0.00316120230338258,-0.00653887384586052));
#9924=CARTESIAN_POINT('',(-0.00059240917788494,0.00266457632315043,-0.00702676887878637));
#9925=CARTESIAN_POINT('',(0.00166262271315789,0.00266457632315043,-0.00702676887878637));
#9926=CARTESIAN_POINT('',(0.00166262271315789,0.00266457632315043,-0.00702676887878637));
#9927=CARTESIAN_POINT('',(-0.00059240917788494,0.00266457632315043,-0.00702676887878637));
#9928=CARTESIAN_POINT('',(-0.00059240917788494,0.00194771935117924,-0.00629708365478133));
#9929=CARTESIAN_POINT('',(0.00175405016586799,0.00194771935117924,-0.00629708365478134));
#9930=CARTESIAN_POINT('',(0.00174598237820137,0.0020109766077884,0.007747));
#9931=CARTESIAN_POINT('',(-0.00127216642150499,-0.00302930565394584,0.));
#9932=CARTESIAN_POINT('',(-0.00132413313265541,0.000902,-0.00432370984498292));
#9933=CARTESIAN_POINT('',(0.00204,-0.0229210329614269,-0.00488));
#9934=CARTESIAN_POINT('',(0.00204,-0.0229210329614269,-0.00528));
#9935=CARTESIAN_POINT('',(0.00204,-0.002902,-0.00528));
#9936=CARTESIAN_POINT('',(0.00204,0.00038,-0.00528));
#9937=CARTESIAN_POINT('',(0.00204,-0.002902,-0.00488));
#9938=CARTESIAN_POINT('',(0.00204,-0.002902,-0.00488));
#9939=CARTESIAN_POINT('',(0.00204,-0.0229210329614269,-0.00488));
#9940=CARTESIAN_POINT('',(0.00204,0.00038,-0.00488));
#9941=CARTESIAN_POINT('',(0.00204,0.00038,-0.00488));
#9942=CARTESIAN_POINT('',(0.00304,-0.0229210329614269,-0.00528));
#9943=CARTESIAN_POINT('',(0.00304,-0.0229210329614269,-0.00528));
#9944=CARTESIAN_POINT('',(0.00304,-0.002902,-0.00528));
#9945=CARTESIAN_POINT('',(0.00304,0.00038,-0.00528));
#9946=CARTESIAN_POINT('',(0.00304,-0.002902,-0.00528));
#9947=CARTESIAN_POINT('',(0.00264,-0.003302,-0.00528));
#9948=CARTESIAN_POINT('',(0.,-0.003302,-0.00528));
#9949=CARTESIAN_POINT('',(0.00244,-0.003302,-0.00528));
#9950=CARTESIAN_POINT('',(0.00244,-0.003302,-0.00528));
#9951=CARTESIAN_POINT('',(0.00304,0.00038,-0.00528));
#9952=CARTESIAN_POINT('',(0.00304,-0.0229210329614269,-0.00488));
#9953=CARTESIAN_POINT('',(0.00304,-0.0229210329614269,-0.00488));
#9954=CARTESIAN_POINT('',(0.00304,-0.002902,-0.00488));
#9955=CARTESIAN_POINT('',(0.00304,0.00038,-0.00488));
#9956=CARTESIAN_POINT('',(0.00304,-0.002902,-0.00488));
#9957=CARTESIAN_POINT('',(0.00304,0.00038,-0.00488));
#9958=CARTESIAN_POINT('',(0.00304,-0.0229210329614269,-0.00488));
#9959=CARTESIAN_POINT('',(0.,-0.003302,-0.00488));
#9960=CARTESIAN_POINT('',(0.00264,-0.003302,-0.00488));
#9961=CARTESIAN_POINT('',(0.00244,-0.003302,-0.00488));
#9962=CARTESIAN_POINT('',(0.00264,-0.003302,-0.00488));
#9963=CARTESIAN_POINT('',(0.00304,0.00038,-0.00488));
#9964=CARTESIAN_POINT('',(0.00204,-0.002902,-0.00488));
#9965=CARTESIAN_POINT('',(0.,0.00038,0.));
#9966=CARTESIAN_POINT('',(0.,-0.003302,0.));
#9967=CARTESIAN_POINT('',(0.00264,-0.003302,0.));
#9968=CARTESIAN_POINT('',(0.00244,-0.003302,0.));
#9969=CARTESIAN_POINT('',(0.00264,-0.003302,0.));
#9970=CARTESIAN_POINT('',(0.00244,-0.003302,0.));
#9971=CARTESIAN_POINT('',(-0.00132413313265541,0.000902,-0.00432370984498292));
#9972=CARTESIAN_POINT('',(-0.00431,-0.0229210329614269,-0.00234));
#9973=CARTESIAN_POINT('',(-0.00431,-0.0229210329614269,-0.00274));
#9974=CARTESIAN_POINT('',(-0.00431,-0.002902,-0.00274));
#9975=CARTESIAN_POINT('',(-0.00431,0.00038,-0.00274));
#9976=CARTESIAN_POINT('',(-0.00431,-0.002902,-0.00234));
#9977=CARTESIAN_POINT('',(-0.00431,-0.002902,-0.00234));
#9978=CARTESIAN_POINT('',(-0.00431,-0.0229210329614269,-0.00234));
#9979=CARTESIAN_POINT('',(-0.00431,0.00038,-0.00234));
#9980=CARTESIAN_POINT('',(-0.00431,0.00038,-0.00234));
#9981=CARTESIAN_POINT('',(-0.00331,-0.0229210329614269,-0.00274));
#9982=CARTESIAN_POINT('',(0.,-0.003302,-0.00274));
#9983=CARTESIAN_POINT('',(-0.00391,-0.003302,-0.00274));
#9984=CARTESIAN_POINT('',(-0.00371,-0.003302,-0.00274));
#9985=CARTESIAN_POINT('',(-0.00391,-0.003302,-0.00274));
#9986=CARTESIAN_POINT('',(-0.00331,0.00038,-0.00274));
#9987=CARTESIAN_POINT('',(-0.00331,0.00038,-0.00274));
#9988=CARTESIAN_POINT('',(-0.00331,-0.0229210329614269,-0.00274));
#9989=CARTESIAN_POINT('',(-0.00331,-0.002902,-0.00274));
#9990=CARTESIAN_POINT('',(-0.00331,-0.002902,-0.00274));
#9991=CARTESIAN_POINT('',(-0.00331,-0.0229210329614269,-0.00234));
#9992=CARTESIAN_POINT('',(-0.00331,-0.0229210329614269,-0.00234));
#9993=CARTESIAN_POINT('',(-0.00331,-0.002902,-0.00234));
#9994=CARTESIAN_POINT('',(-0.00331,0.00038,-0.00234));
#9995=CARTESIAN_POINT('',(-0.00331,-0.002902,-0.00234));
#9996=CARTESIAN_POINT('',(-0.00331,0.00038,-0.00234));
#9997=CARTESIAN_POINT('',(-0.00331,-0.0229210329614269,-0.00234));
#9998=CARTESIAN_POINT('',(-0.00431,-0.002902,-0.00234));
#9999=CARTESIAN_POINT('',(-0.00391,-0.003302,-0.00234));
#10000=CARTESIAN_POINT('',(0.,-0.003302,-0.00234));
#10001=CARTESIAN_POINT('',(-0.00371,-0.003302,-0.00234));
#10002=CARTESIAN_POINT('',(-0.00371,-0.003302,-0.00234));
#10003=CARTESIAN_POINT('',(-0.00331,0.00038,-0.00234));
#10004=CARTESIAN_POINT('',(0.,0.00038,0.));
#10005=CARTESIAN_POINT('',(0.,-0.003302,0.));
#10006=CARTESIAN_POINT('',(-0.00391,-0.003302,0.));
#10007=CARTESIAN_POINT('',(-0.00371,-0.003302,0.));
#10008=CARTESIAN_POINT('',(-0.00391,-0.003302,-8.47846098883665E-18));
#10009=CARTESIAN_POINT('',(-0.00371,-0.003302,0.));
#10010=CARTESIAN_POINT('',(-0.00132413313265541,0.000902,-0.00432370984498292));
#10011=CARTESIAN_POINT('',(-0.000746323176534,0.0130008570899637,-0.0076483505433829));
#10012=CARTESIAN_POINT('',(-0.000746323176534,0.0129508570899637,-0.0076483505433829));
#10013=CARTESIAN_POINT('',(-0.001081323176534,0.0129508570899637,-0.0076483505433829));
#10014=CARTESIAN_POINT('',(-0.000746323176534,0.0130008570899637,-0.0076483505433829));
#10015=CARTESIAN_POINT('',(-0.001081323176534,0.0130008570899637,-0.0076483505433829));
#10016=CARTESIAN_POINT('',(-0.001146323176534,0.0129008570899637,-0.0115383505433829));
#10017=CARTESIAN_POINT('',(-0.001146323176534,0.0129508570899637,-0.0115383505433829));
#10018=CARTESIAN_POINT('',(-0.000896323176534,0.0129508570899637,-0.0115383505433829));
#10019=CARTESIAN_POINT('',(-0.001146323176534,0.0129008570899637,-0.0115383505433829));
#10020=CARTESIAN_POINT('',(-0.000896323176534,0.0129008570899637,-0.0115383505433829));
#10021=CARTESIAN_POINT('',(-0.000513803120424911,0.0129008570899637,-0.00689455427778377));
#10022=CARTESIAN_POINT('',(-0.000513803120424911,0.0129508570899637,-0.00689455427778377));
#10023=CARTESIAN_POINT('',(-0.000263803120424911,0.0129508570899637,-0.00689455427778377));
#10024=CARTESIAN_POINT('',(-0.000513803120424911,0.0129008570899637,-0.00689455427778377));
#10025=CARTESIAN_POINT('',(-0.000263803120424911,0.0129008570899637,-0.00689455427778377));
#10026=CARTESIAN_POINT('',(0.002953676823466,0.0129008570899637,-0.0063483505433829));
#10027=CARTESIAN_POINT('',(0.002953676823466,0.0129508570899637,-0.0063483505433829));
#10028=CARTESIAN_POINT('',(0.003203676823466,0.0129508570899637,-0.0063483505433829));
#10029=CARTESIAN_POINT('',(0.002953676823466,0.0129008570899637,-0.0063483505433829));
#10030=CARTESIAN_POINT('',(0.003203676823466,0.0129008570899637,-0.0063483505433829));
#10031=CARTESIAN_POINT('',(0.009053676823466,0.0129008570899637,-0.0063483505433829));
#10032=CARTESIAN_POINT('',(0.009053676823466,0.0129508570899637,-0.0063483505433829));
#10033=CARTESIAN_POINT('',(0.009303676823466,0.0129508570899637,-0.0063483505433829));
#10034=CARTESIAN_POINT('',(0.009053676823466,0.0129008570899637,-0.0063483505433829));
#10035=CARTESIAN_POINT('',(0.009303676823466,0.0129008570899637,-0.0063483505433829));
#10036=CARTESIAN_POINT('',(0.00429321123449485,0.0129008570899637,-0.0095483505433829));
#10037=CARTESIAN_POINT('',(0.00429321123449485,0.0129508570899637,-0.0095483505433829));
#10038=CARTESIAN_POINT('',(0.00454321123449486,0.0129508570899637,-0.0095483505433829));
#10039=CARTESIAN_POINT('',(0.00429321123449485,0.0129008570899637,-0.0095483505433829));
#10040=CARTESIAN_POINT('',(0.00454321123449486,0.0129008570899637,-0.0095483505433829));
#10041=CARTESIAN_POINT('',(0.009053676823466,0.0129008570899637,-0.0095483505433829));
#10042=CARTESIAN_POINT('',(0.009053676823466,0.0129508570899637,-0.0095483505433829));
#10043=CARTESIAN_POINT('',(0.009303676823466,0.0129508570899637,-0.0095483505433829));
#10044=CARTESIAN_POINT('',(0.009053676823466,0.0129008570899637,-0.0095483505433829));
#10045=CARTESIAN_POINT('',(0.009303676823466,0.0129008570899637,-0.0095483505433829));
#10046=CARTESIAN_POINT('',(0.000903676823465999,0.0119008570899637,-0.0100583505433829));
#10047=CARTESIAN_POINT('',(0.000903676823465999,0.0119008570899637,-0.0100583505433829));
#10048=CARTESIAN_POINT('',(0.002403676823466,0.0119008570899637,-0.0100583505433829));
#10049=CARTESIAN_POINT('',(0.000903676823465999,0.0117008570899637,-0.0100583505433829));
#10050=CARTESIAN_POINT('',(0.002203676823466,0.0117008570899637,-0.0100583505433829));
#10051=CARTESIAN_POINT('',(0.007253676823466,0.0119008570899637,-0.0075183505433829));
#10052=CARTESIAN_POINT('',(0.007253676823466,0.0119008570899637,-0.0075183505433829));
#10053=CARTESIAN_POINT('',(0.008753676823466,0.0119008570899637,-0.0075183505433829));
#10054=CARTESIAN_POINT('',(0.007253676823466,0.0117008570899637,-0.0075183505433829));
#10055=CARTESIAN_POINT('',(0.008553676823466,0.0117008570899637,-0.0075183505433829));
#10056=CARTESIAN_POINT('',(0.007253676823466,0.0117008570899637,-0.0075183505433829));
#10057=CARTESIAN_POINT('',(0.007253676823466,0.0129508570899637,-0.0075183505433829));
#10058=CARTESIAN_POINT('',(0.008753676823466,0.0129508570899637,-0.0075183505433829));
#10059=CARTESIAN_POINT('',(0.000903676823465999,0.0117008570899637,-0.0100583505433829));
#10060=CARTESIAN_POINT('',(0.000903676823465999,0.0129508570899637,-0.0100583505433829));
#10061=CARTESIAN_POINT('',(0.002403676823466,0.0129508570899637,-0.0100583505433829));
#10062=CARTESIAN_POINT('',(0.001503676823466,0.0147508570899637,-0.0075183505433829));
#10063=CARTESIAN_POINT('',(0.001503676823466,0.0130508570899637,-0.0075183505433829));
#10064=CARTESIAN_POINT('',(0.001503676823466,0.0130508570899637,-0.0103083505433829));
#10065=CARTESIAN_POINT('',(0.001503676823466,0.0130508570899637,-0.0098083505433829));
#10066=CARTESIAN_POINT('',(0.001503676823466,0.0147508570899637,-0.0103083505433829));
#10067=CARTESIAN_POINT('',(0.001503676823466,0.0117008570899637,-0.0103083505433829));
#10068=CARTESIAN_POINT('',(0.001503676823466,0.0117008570899637,-0.0075183505433829));
#10069=CARTESIAN_POINT('',(0.001503676823466,0.0117008570899637,-0.0098083505433829));
#10070=CARTESIAN_POINT('',(0.001503676823466,0.0147508570899637,-0.0098083505433829));
#10071=CARTESIAN_POINT('',(0.005003676823466,0.0147508570899637,-0.0097083505433829));
#10072=CARTESIAN_POINT('',(0.005003676823466,0.0117008570899637,-0.0097083505433829));
#10073=CARTESIAN_POINT('',(0.000403676823466,0.0117008570899637,-0.0097083505433829));
#10074=CARTESIAN_POINT('',(0.001403676823466,0.0117008570899637,-0.0097083505433829));
#10075=CARTESIAN_POINT('',(0.000403676823466,0.0147508570899637,-0.0097083505433829));
#10076=CARTESIAN_POINT('',(0.000403676823466,0.0130508570899637,-0.0097083505433829));
#10077=CARTESIAN_POINT('',(0.005003676823466,0.0130508570899637,-0.0097083505433829));
#10078=CARTESIAN_POINT('',(0.001403676823466,0.0130508570899637,-0.0097083505433829));
#10079=CARTESIAN_POINT('',(0.001403676823466,0.0147508570899637,-0.0097083505433829));
#10080=CARTESIAN_POINT('',(0.000303676823466,0.0147508570899637,-0.0075183505433829));
#10081=CARTESIAN_POINT('',(0.000303676823466,0.0117008570899637,-0.0075183505433829));
#10082=CARTESIAN_POINT('',(0.000303676823466,0.0117008570899637,-0.0098083505433829));
#10083=CARTESIAN_POINT('',(0.000303676823466,0.0117008570899637,-0.0103083505433829));
#10084=CARTESIAN_POINT('',(0.000303676823466,0.0147508570899637,-0.0103083505433829));
#10085=CARTESIAN_POINT('',(0.000303676823466,0.0130508570899637,-0.0103083505433829));
#10086=CARTESIAN_POINT('',(0.000303676823466,0.0130508570899637,-0.0075183505433829));
#10087=CARTESIAN_POINT('',(0.000303676823466,0.0130508570899637,-0.0098083505433829));
#10088=CARTESIAN_POINT('',(0.000303676823466,0.0147508570899637,-0.0098083505433829));
#10089=CARTESIAN_POINT('',(0.009453676823466,0.0147508570899637,-0.0075183505433829));
#10090=CARTESIAN_POINT('',(0.009453676823466,0.0129508570899637,-0.0075183505433829));
#10091=CARTESIAN_POINT('',(0.009453676823466,0.0129508570899637,-0.0095483505433829));
#10092=CARTESIAN_POINT('',(0.009453676823466,0.0129508570899637,-0.0059483505433829));
#10093=CARTESIAN_POINT('',(0.009453676823466,0.0147508570899637,-0.0095483505433829));
#10094=CARTESIAN_POINT('',(0.009453676823466,0.0147508570899637,-0.0095483505433829));
#10095=CARTESIAN_POINT('',(0.009453676823466,0.0147508570899637,-0.0075183505433829));
#10096=CARTESIAN_POINT('',(0.009453676823466,0.0147508570899637,-0.0087683505433829));
#10097=CARTESIAN_POINT('',(0.009453676823466,0.0147508570899637,-0.0087683505433829));
#10098=CARTESIAN_POINT('',(0.009453676823466,0.0130508570899637,-0.0087683505433829));
#10099=CARTESIAN_POINT('',(0.009453676823466,0.0130508570899637,-0.0075183505433829));
#10100=CARTESIAN_POINT('',(0.009453676823466,0.0130508570899637,-0.0062683505433829));
#10101=CARTESIAN_POINT('',(0.009453676823466,0.0130508570899637,-0.0062683505433829));
#10102=CARTESIAN_POINT('',(0.009453676823466,0.0147508570899637,-0.0062683505433829));
#10103=CARTESIAN_POINT('',(0.009453676823466,0.0147508570899637,-0.0075183505433829));
#10104=CARTESIAN_POINT('',(0.009453676823466,0.0147508570899637,-0.0059483505433829));
#10105=CARTESIAN_POINT('',(0.009453676823466,0.0147508570899637,-0.0059483505433829));
#10106=CARTESIAN_POINT('',(-0.001446323176534,0.0147508570899637,-0.0075183505433829));
#10107=CARTESIAN_POINT('',(-0.001446323176534,0.0130508570899637,-0.0075183505433829));
#10108=CARTESIAN_POINT('',(-0.001446323176534,0.0130508570899637,-0.0088083505433829));
#10109=CARTESIAN_POINT('',(-0.001446323176534,0.0130508570899637,-0.0113083505433829));
#10110=CARTESIAN_POINT('',(-0.001446323176534,0.0147508570899637,-0.0113083505433829));
#10111=CARTESIAN_POINT('',(-0.001446323176534,0.0147508570899637,-0.0113083505433829));
#10112=CARTESIAN_POINT('',(-0.001446323176534,0.0147508570899637,-0.0075183505433829));
#10113=CARTESIAN_POINT('',(-0.001446323176534,0.0147508570899637,-0.0118383505433829));
#10114=CARTESIAN_POINT('',(-0.001446323176534,0.0147508570899637,-0.0118383505433829));
#10115=CARTESIAN_POINT('',(-0.001446323176534,0.0129508570899637,-0.0118383505433829));
#10116=CARTESIAN_POINT('',(-0.001446323176534,0.0129508570899637,-0.0075183505433829));
#10117=CARTESIAN_POINT('',(-0.001446323176534,0.0129508570899637,-0.0079483505433829));
#10118=CARTESIAN_POINT('',(-0.001446323176534,0.0147508570899637,-0.0079483505433829));
#10119=CARTESIAN_POINT('',(-0.001446323176534,0.0147508570899637,-0.0079483505433829));
#10120=CARTESIAN_POINT('',(-0.001446323176534,0.0147508570899637,-0.0075183505433829));
#10121=CARTESIAN_POINT('',(-0.001446323176534,0.0147508570899637,-0.0088083505433829));
#10122=CARTESIAN_POINT('',(-0.001446323176534,0.0130508570899637,-0.0088083505433829));
#10123=CARTESIAN_POINT('',(0.005003676823466,0.0147508570899637,-0.0104083505433829));
#10124=CARTESIAN_POINT('',(0.005003676823466,0.0117008570899637,-0.0104083505433829));
#10125=CARTESIAN_POINT('',(0.000403676823466,0.0117008570899637,-0.0104083505433829));
#10126=CARTESIAN_POINT('',(0.001403676823466,0.0117008570899637,-0.0104083505433829));
#10127=CARTESIAN_POINT('',(0.001403676823466,0.0147508570899637,-0.0104083505433829));
#10128=CARTESIAN_POINT('',(0.001403676823466,0.0130508570899637,-0.0104083505433829));
#10129=CARTESIAN_POINT('',(0.005003676823466,0.0130508570899637,-0.0104083505433829));
#10130=CARTESIAN_POINT('',(0.000403676823466,0.0130508570899637,-0.0104083505433829));
#10131=CARTESIAN_POINT('',(0.000403676823466,0.0147508570899637,-0.0104083505433829));
#10132=CARTESIAN_POINT('',(0.005003676823466,0.0147508570899637,-0.0075183505433829));
#10133=CARTESIAN_POINT('',(0.009053676823466,0.0147508570899637,-0.0095483505433829));
#10134=CARTESIAN_POINT('',(0.009053676823466,0.0147508570899637,-0.0099483505433829));
#10135=CARTESIAN_POINT('',(0.005003676823466,0.0147508570899637,-0.0099483505433829));
#10136=CARTESIAN_POINT('',(0.004223676823466,0.0147508570899637,-0.0099483505433829));
#10137=CARTESIAN_POINT('',(0.00414367606438095,0.0147508570899637,-0.0118366566304741));
#10138=CARTESIAN_POINT('',(0.00228248434038074,0.0147508570899637,-0.011507923659032));
#10139=CARTESIAN_POINT('',(0.00188858133001033,0.0147508570899637,-0.0114383505433829));
#10140=CARTESIAN_POINT('',(0.00188858133001033,0.0147508570899637,-0.0118383505433829));
#10141=CARTESIAN_POINT('',(0.005003676823466,0.0147508570899637,-0.0118383505433829));
#10142=CARTESIAN_POINT('',(0.005003676823466,0.0147508570899637,-0.0113083505433829));
#10143=CARTESIAN_POINT('',(0.001853676823466,0.0147508570899637,-0.0113083505433829));
#10144=CARTESIAN_POINT('',(0.001853676823466,0.0147508570899637,-0.0075183505433829));
#10145=CARTESIAN_POINT('',(0.001853676823466,0.0147508570899637,-0.0088083505433829));
#10146=CARTESIAN_POINT('',(0.005003676823466,0.0147508570899637,-0.0088083505433829));
#10147=CARTESIAN_POINT('',(0.000553676823466,0.0147508570899637,-0.0079483505433829));
#10148=CARTESIAN_POINT('',(0.000553676823466,0.0147508570899637,-0.0059483505433829));
#10149=CARTESIAN_POINT('',(0.005003676823466,0.0147508570899637,-0.0059483505433829));
#10150=CARTESIAN_POINT('',(0.005003676823466,0.0147508570899637,-0.0062683505433829));
#10151=CARTESIAN_POINT('',(0.006153676823466,0.0147508570899637,-0.0062683505433829));
#10152=CARTESIAN_POINT('',(0.006153676823466,0.0147508570899637,-0.0075183505433829));
#10153=CARTESIAN_POINT('',(0.006153676823466,0.0147508570899637,-0.0087683505433829));
#10154=CARTESIAN_POINT('',(0.005003676823466,0.0147508570899637,-0.0087683505433829));
#10155=CARTESIAN_POINT('',(0.007853676823466,0.0147508570899637,-0.0075183505433829));
#10156=CARTESIAN_POINT('',(0.007853676823466,0.0117008570899637,-0.0075183505433829));
#10157=CARTESIAN_POINT('',(0.007853676823466,0.0117008570899637,-0.0072683505433829));
#10158=CARTESIAN_POINT('',(0.007853676823466,0.0117008570899637,-0.0077683505433829));
#10159=CARTESIAN_POINT('',(0.007853676823466,0.0147508570899637,-0.0072683505433829));
#10160=CARTESIAN_POINT('',(0.007853676823466,0.0130508570899637,-0.0072683505433829));
#10161=CARTESIAN_POINT('',(0.007853676823466,0.0130508570899637,-0.0075183505433829));
#10162=CARTESIAN_POINT('',(0.007853676823466,0.0130508570899637,-0.0077683505433829));
#10163=CARTESIAN_POINT('',(0.007853676823466,0.0147508570899637,-0.0077683505433829));
#10164=CARTESIAN_POINT('',(0.005003676823466,0.0147508570899637,-0.0071683505433829));
#10165=CARTESIAN_POINT('',(0.005003676823466,0.0117008570899637,-0.0071683505433829));
#10166=CARTESIAN_POINT('',(0.006753676823466,0.0117008570899637,-0.0071683505433829));
#10167=CARTESIAN_POINT('',(0.007753676823466,0.0117008570899637,-0.0071683505433829));
#10168=CARTESIAN_POINT('',(0.006753676823466,0.0147508570899637,-0.0071683505433829));
#10169=CARTESIAN_POINT('',(0.006753676823466,0.0130508570899637,-0.0071683505433829));
#10170=CARTESIAN_POINT('',(0.005003676823466,0.0130508570899637,-0.0071683505433829));
#10171=CARTESIAN_POINT('',(0.007753676823466,0.0130508570899637,-0.0071683505433829));
#10172=CARTESIAN_POINT('',(0.007753676823466,0.0147508570899637,-0.0071683505433829));
#10173=CARTESIAN_POINT('',(0.006653676823466,0.0147508570899637,-0.0075183505433829));
#10174=CARTESIAN_POINT('',(0.006653676823466,0.0130508570899637,-0.0075183505433829));
#10175=CARTESIAN_POINT('',(0.006653676823466,0.0130508570899637,-0.0077683505433829));
#10176=CARTESIAN_POINT('',(0.006653676823466,0.0130508570899637,-0.0072683505433829));
#10177=CARTESIAN_POINT('',(0.006653676823466,0.0147508570899637,-0.0072683505433829));
#10178=CARTESIAN_POINT('',(0.006653676823466,0.0117008570899637,-0.0072683505433829));
#10179=CARTESIAN_POINT('',(0.006653676823466,0.0117008570899637,-0.0075183505433829));
#10180=CARTESIAN_POINT('',(0.006653676823466,0.0117008570899637,-0.0077683505433829));
#10181=CARTESIAN_POINT('',(0.006653676823466,0.0147508570899637,-0.0077683505433829));
#10182=CARTESIAN_POINT('',(0.005003676823466,0.0147508570899637,-0.0099483505433829));
#10183=CARTESIAN_POINT('',(0.009053676823466,0.0147508570899637,-0.0099483505433829));
#10184=CARTESIAN_POINT('',(0.009053676823466,0.0129508570899637,-0.0099483505433829));
#10185=CARTESIAN_POINT('',(0.005003676823466,0.0129508570899637,-0.0099483505433829));
#10186=CARTESIAN_POINT('',(0.004223676823466,0.0129508570899637,-0.0099483505433829));
#10187=CARTESIAN_POINT('',(0.004223676823466,0.0147508570899637,-0.0099483505433829));
#10188=CARTESIAN_POINT('',(0.00414367606438095,0.0147508570899637,-0.0118366566304741));
#10189=CARTESIAN_POINT('',(0.00414367606438095,0.0129508570899637,-0.0118366566304741));
#10190=CARTESIAN_POINT('',(0.00228248434038074,0.0129508570899637,-0.011507923659032));
#10191=CARTESIAN_POINT('',(0.00228248434038074,0.0147508570899637,-0.011507923659032));
#10192=CARTESIAN_POINT('',(0.005003676823466,0.0147508570899637,-0.0118383505433829));
#10193=CARTESIAN_POINT('',(0.00188858133001033,0.0147508570899637,-0.0118383505433829));
#10194=CARTESIAN_POINT('',(0.00188858133001033,0.0129508570899637,-0.0118383505433829));
#10195=CARTESIAN_POINT('',(0.005003676823466,0.0129508570899637,-0.0118383505433829));
#10196=CARTESIAN_POINT('',(0.000553676823466,0.0147508570899637,-0.0079483505433829));
#10197=CARTESIAN_POINT('',(0.000553676823466,0.0129508570899637,-0.0079483505433829));
#10198=CARTESIAN_POINT('',(0.000553676823466,0.0129508570899637,-0.0059483505433829));
#10199=CARTESIAN_POINT('',(0.000553676823466,0.0147508570899637,-0.0059483505433829));
#10200=CARTESIAN_POINT('',(0.005003676823466,0.0147508570899637,-0.0078683505433829));
#10201=CARTESIAN_POINT('',(0.005003676823466,0.0130508570899637,-0.0078683505433829));
#10202=CARTESIAN_POINT('',(0.007753676823466,0.0130508570899637,-0.0078683505433829));
#10203=CARTESIAN_POINT('',(0.006753676823466,0.0130508570899637,-0.0078683505433829));
#10204=CARTESIAN_POINT('',(0.006753676823466,0.0147508570899637,-0.0078683505433829));
#10205=CARTESIAN_POINT('',(0.006753676823466,0.0117008570899637,-0.0078683505433829));
#10206=CARTESIAN_POINT('',(0.005003676823466,0.0117008570899637,-0.0078683505433829));
#10207=CARTESIAN_POINT('',(0.007753676823466,0.0117008570899637,-0.0078683505433829));
#10208=CARTESIAN_POINT('',(0.007753676823466,0.0147508570899637,-0.0078683505433829));
#10209=CARTESIAN_POINT('',(0.005003676823466,0.0147508570899637,-0.0059483505433829));
#10210=CARTESIAN_POINT('',(0.005003676823466,0.0129508570899637,-0.0059483505433829));
#10211=CARTESIAN_POINT('',(0.005003676823466,0.0129508570899637,-0.0075183505433829));
#10212=CARTESIAN_POINT('',(0.009053676823466,0.0129508570899637,-0.0095483505433829));
#10213=CARTESIAN_POINT('',(0.00188858133001033,0.0129508570899637,-0.0114383505433829));
#10214=CARTESIAN_POINT('',(0.006153676823466,0.0130508570899637,-0.0075183505433829));
#10215=CARTESIAN_POINT('',(0.006153676823466,0.0130508570899637,-0.0062683505433829));
#10216=CARTESIAN_POINT('',(0.006153676823466,0.0130508570899637,-0.0062683505433829));
#10217=CARTESIAN_POINT('',(0.006153676823466,0.0130508570899637,-0.0075183505433829));
#10218=CARTESIAN_POINT('',(0.006153676823466,0.0130508570899637,-0.0087683505433829));
#10219=CARTESIAN_POINT('',(0.006153676823466,0.0130508570899637,-0.0087683505433829));
#10220=CARTESIAN_POINT('',(0.005003676823466,0.0130508570899637,-0.0087683505433829));
#10221=CARTESIAN_POINT('',(0.005003676823466,0.0130508570899637,-0.0087683505433829));
#10222=CARTESIAN_POINT('',(0.005003676823466,0.0130508570899637,-0.0062683505433829));
#10223=CARTESIAN_POINT('',(0.005003676823466,0.0130508570899637,-0.0062683505433829));
#10224=CARTESIAN_POINT('',(0.005003676823466,0.0130508570899637,-0.0075183505433829));
#10225=CARTESIAN_POINT('',(0.006753676823466,0.0130508570899637,-0.0077683505433829));
#10226=CARTESIAN_POINT('',(0.007753676823466,0.0130508570899637,-0.0077683505433829));
#10227=CARTESIAN_POINT('',(0.007753676823466,0.0130508570899637,-0.0072683505433829));
#10228=CARTESIAN_POINT('',(0.006753676823466,0.0130508570899637,-0.0072683505433829));
#10229=CARTESIAN_POINT('',(0.005003676823466,0.0130508570899637,-0.0113083505433829));
#10230=CARTESIAN_POINT('',(0.005003676823466,0.0130508570899637,-0.0113083505433829));
#10231=CARTESIAN_POINT('',(0.001853676823466,0.0130508570899637,-0.0113083505433829));
#10232=CARTESIAN_POINT('',(0.001853676823466,0.0130508570899637,-0.0113083505433829));
#10233=CARTESIAN_POINT('',(0.001853676823466,0.0130508570899637,-0.0075183505433829));
#10234=CARTESIAN_POINT('',(0.001853676823466,0.0130508570899637,-0.0075183505433829));
#10235=CARTESIAN_POINT('',(0.001853676823466,0.0130508570899637,-0.0088083505433829));
#10236=CARTESIAN_POINT('',(0.001853676823466,0.0130508570899637,-0.0088083505433829));
#10237=CARTESIAN_POINT('',(0.005003676823466,0.0130508570899637,-0.0088083505433829));
#10238=CARTESIAN_POINT('',(0.005003676823466,0.0130508570899637,-0.0088083505433829));
#10239=CARTESIAN_POINT('',(0.005003676823466,0.0130508570899637,-0.0075183505433829));
#10240=CARTESIAN_POINT('',(0.001403676823466,0.0130508570899637,-0.0103083505433829));
#10241=CARTESIAN_POINT('',(0.001403676823466,0.0130508570899637,-0.0098083505433829));
#10242=CARTESIAN_POINT('',(0.000403676823466,0.0130508570899637,-0.0098083505433829));
#10243=CARTESIAN_POINT('',(0.000403676823466,0.0130508570899637,-0.0103083505433829));
#10244=CARTESIAN_POINT('',(0.005003676823466,0.0117008570899637,-0.0075183505433829));
#10245=CARTESIAN_POINT('',(0.001403676823466,0.0117008570899637,-0.0098083505433829));
#10246=CARTESIAN_POINT('',(0.001403676823466,0.0117008570899637,-0.0103083505433829));
#10247=CARTESIAN_POINT('',(0.000403676823466,0.0117008570899637,-0.0103083505433829));
#10248=CARTESIAN_POINT('',(0.000403676823466,0.0117008570899637,-0.0098083505433829));
#10249=CARTESIAN_POINT('',(0.005003676823466,0.0117008570899637,-0.0075183505433829));
#10250=CARTESIAN_POINT('',(0.007753676823466,0.0117008570899637,-0.0072683505433829));
#10251=CARTESIAN_POINT('',(0.007753676823466,0.0117008570899637,-0.0077683505433829));
#10252=CARTESIAN_POINT('',(0.006753676823466,0.0117008570899637,-0.0077683505433829));
#10253=CARTESIAN_POINT('',(0.006753676823466,0.0117008570899637,-0.0072683505433829));
#10254=CARTESIAN_POINT('',(0.00188858133001033,0.0147508570899637,-0.0114383505433829));
#10255=CARTESIAN_POINT('',(0.009053676823466,0.0147508570899637,-0.0095483505433829));
#10256=CARTESIAN_POINT('',(0.006753676823466,0.0147508570899637,-0.0072683505433829));
#10257=CARTESIAN_POINT('',(0.007753676823466,0.0147508570899637,-0.0072683505433829));
#10258=CARTESIAN_POINT('',(0.006753676823466,0.0147508570899637,-0.0077683505433829));
#10259=CARTESIAN_POINT('',(0.007753676823466,0.0147508570899637,-0.0077683505433829));
#10260=CARTESIAN_POINT('',(0.001403676823466,0.0147508570899637,-0.0103083505433829));
#10261=CARTESIAN_POINT('',(0.000403676823466,0.0147508570899637,-0.0103083505433829));
#10262=CARTESIAN_POINT('',(0.000403676823466,0.0147508570899637,-0.0098083505433829));
#10263=CARTESIAN_POINT('',(0.001403676823466,0.0147508570899637,-0.0098083505433829));
#10264=CARTESIAN_POINT('',(0.005003676823466,0.0129008570899637,-0.0075183505433829));
#10265=CARTESIAN_POINT('',(0.005003676823466,0.0129008570899637,-0.0075183505433829));
#10266=CARTESIAN_POINT('',(0.005003676823466,0.0129008570899637,-0.0075183505433829));
#10267=CARTESIAN_POINT('',(0.005003676823466,0.0129008570899637,-0.0075183505433829));
#10268=CARTESIAN_POINT('',(0.005003676823466,0.0129008570899637,-0.0075183505433829));
#10269=CARTESIAN_POINT('',(0.005003676823466,0.0129008570899637,-0.0075183505433829));
#10270=CARTESIAN_POINT('',(-0.000746323176534,0.0130008570899637,-0.0076483505433829));
#10271=CARTESIAN_POINT('',(0.00338954369081059,0.0129508570899637,0.00827464069839998));
#10272=CARTESIAN_POINT('',(0.,0.00718,0.));
#10273=CARTESIAN_POINT('',(0.,0.00718,0.00462121658410121));
#10274=CARTESIAN_POINT('',(0.000628657093080089,0.00718,0.00614784399749326));
#10275=CARTESIAN_POINT('',(0.000797883678792332,0.00718,0.00317581607382151));
#10276=CARTESIAN_POINT('',(0.00062865709308009,0.00718,0.00614784399749326));
#10277=CARTESIAN_POINT('',(0.00062865709308009,0.00718,0.00617282307474581));
#10278=CARTESIAN_POINT('',(0.,0.00718,0.00617282307474582));
#10279=CARTESIAN_POINT('',(0.00382357085402463,0.00718,0.00617282307474581));
#10280=CARTESIAN_POINT('',(0.00382357085402463,0.00718,0.00813779905719866));
#10281=CARTESIAN_POINT('',(0.00382357085402463,0.00718,0.00317581607382151));
#10282=CARTESIAN_POINT('',(0.00382357085402463,0.00718,0.00317581607382151));
#10283=CARTESIAN_POINT('',(0.00382357085402463,-0.0019359229609684,0.00317581607382151));
#10284=CARTESIAN_POINT('',(0.00382357085402463,0.00718,0.00317581607382151));
#10285=CARTESIAN_POINT('',(-0.00382357085402463,0.00718,0.00317581607382151));
#10286=CARTESIAN_POINT('',(-0.000797883678792331,0.00718,0.00317581607382151));
#10287=CARTESIAN_POINT('',(-0.000797883678792331,-0.0019359229609684,0.00317581607382151));
#10288=CARTESIAN_POINT('',(-0.000797883678792331,0.01118,0.00317581607382151));
#10289=CARTESIAN_POINT('',(0.00382357085402463,0.01118,0.00317581607382151));
#10290=CARTESIAN_POINT('',(-0.00382357085402463,0.01118,0.00317581607382151));
#10291=CARTESIAN_POINT('',(-0.00382357085402463,-0.0019359229609684,0.00317581607382151));
#10292=CARTESIAN_POINT('',(-0.006997,0.00608,0.006997));
#10293=CARTESIAN_POINT('',(-0.00655257115158133,0.00718,0.));
#10294=CARTESIAN_POINT('',(-0.00655257115158133,0.00718,-0.0058108240679279));
#10295=CARTESIAN_POINT('',(-0.00655257115158133,0.00718,-0.002997));
#10296=CARTESIAN_POINT('',(-0.00655257115158133,0.00718,-0.00581082406792789));
#10297=CARTESIAN_POINT('',(-0.006997,0.00608,-0.00625525291634657));
#10298=CARTESIAN_POINT('',(-0.006997,0.00608,0.006997));
#10299=CARTESIAN_POINT('',(-0.006997,0.00608,0.00622189876179691));
#10300=CARTESIAN_POINT('',(-0.006997,0.00608,0.00622189876179691));
#10301=CARTESIAN_POINT('',(-0.00655257115158133,0.00718,0.00539772183654273));
#10302=CARTESIAN_POINT('',(-0.00655257115158133,0.00718,0.));
#10303=CARTESIAN_POINT('',(-0.00655257115158133,0.00718,0.002997));
#10304=CARTESIAN_POINT('',(-0.006997,0.00608,0.002997));
#10305=CARTESIAN_POINT('',(-0.00513860651842018,0.0106796852747327,0.002997));
#10306=CARTESIAN_POINT('',(-0.00513860651842018,0.0106796852747327,0.006997));
#10307=CARTESIAN_POINT('',(-0.00513860651842018,0.0106796852747327,-0.002997));
#10308=CARTESIAN_POINT('',(-0.006997,0.00608,-0.002997));
#10309=CARTESIAN_POINT('',(0.006997,0.00608,0.006997));
#10310=CARTESIAN_POINT('',(0.006997,0.00608,0.006997));
#10311=CARTESIAN_POINT('',(0.006997,0.00608,0.00622189876179691));
#10312=CARTESIAN_POINT('',(0.006997,0.00608,-0.00625525291634657));
#10313=CARTESIAN_POINT('',(0.006997,0.00608,-0.00625525291634657));
#10314=CARTESIAN_POINT('',(0.00655257115158133,0.00718,-0.0058108240679279));
#10315=CARTESIAN_POINT('',(0.00655257115158133,0.00718,0.));
#10316=CARTESIAN_POINT('',(0.00655257115158133,0.00718,-0.002997));
#10317=CARTESIAN_POINT('',(0.006997,0.00608,-0.002997));
#10318=CARTESIAN_POINT('',(0.00513860651842018,0.0106796852747327,-0.002997));
#10319=CARTESIAN_POINT('',(0.00513860651842018,0.0106796852747327,0.006997));
#10320=CARTESIAN_POINT('',(0.00513860651842018,0.0106796852747327,0.002997));
#10321=CARTESIAN_POINT('',(0.006997,0.00608,0.002997));
#10322=CARTESIAN_POINT('',(0.00655257115158133,0.00718,0.002997));
#10323=CARTESIAN_POINT('',(0.00655257115158133,0.00718,0.));
#10324=CARTESIAN_POINT('',(0.00655257115158133,0.00718,0.00539772183654273));
#10325=CARTESIAN_POINT('',(0.00655257115158133,0.00718,0.00539772183654273));
#10326=CARTESIAN_POINT('',(0.006997,0.00608,-0.006997));
#10327=CARTESIAN_POINT('',(0.,0.00718,-0.00655257115158133));
#10328=CARTESIAN_POINT('',(0.0058108240679279,0.00718,-0.00655257115158133));
#10329=CARTESIAN_POINT('',(0.004247,0.00718,-0.00655257115158133));
#10330=CARTESIAN_POINT('',(0.0058108240679279,0.00718,-0.00655257115158133));
#10331=CARTESIAN_POINT('',(0.00625525291634657,0.00608,-0.006997));
#10332=CARTESIAN_POINT('',(0.006997,0.00608,-0.006997));
#10333=CARTESIAN_POINT('',(-0.00625525291634657,0.00608,-0.006997));
#10334=CARTESIAN_POINT('',(-0.00625525291634657,0.00608,-0.006997));
#10335=CARTESIAN_POINT('',(-0.00581082406792789,0.00718,-0.00655257115158133));
#10336=CARTESIAN_POINT('',(0.,0.00718,-0.00655257115158133));
#10337=CARTESIAN_POINT('',(-0.004247,0.00718,-0.00655257115158133));
#10338=CARTESIAN_POINT('',(-0.004247,0.00608,-0.006997));
#10339=CARTESIAN_POINT('',(-0.004247,0.0106796852747327,-0.00513860651842018));
#10340=CARTESIAN_POINT('',(0.006997,0.0106796852747327,-0.00513860651842018));
#10341=CARTESIAN_POINT('',(0.004247,0.0106796852747327,-0.00513860651842018));
#10342=CARTESIAN_POINT('',(0.004247,0.00608,-0.006997));
#10343=CARTESIAN_POINT('',(0.,0.01118,0.));
#10344=CARTESIAN_POINT('',(0.,0.01118,0.00462121658410121));
#10345=CARTESIAN_POINT('',(0.000797883678792332,0.01118,0.00317581607382151));
#10346=CARTESIAN_POINT('',(0.00382357085402463,0.01118,0.00317581607382151));
#10347=CARTESIAN_POINT('',(0.00382357085402463,0.01118,0.00317581607382151));
#10348=CARTESIAN_POINT('',(0.,0.01118,0.00317581607382151));
#10349=CARTESIAN_POINT('',(0.004247,0.01118,0.00317581607382151));
#10350=CARTESIAN_POINT('',(0.004247,0.01118,0.006997));
#10351=CARTESIAN_POINT('',(0.004247,0.01118,0.002997));
#10352=CARTESIAN_POINT('',(0.006997,0.01118,0.002997));
#10353=CARTESIAN_POINT('',(0.00439685943476676,0.01118,0.002997));
#10354=CARTESIAN_POINT('',(0.00439685943476676,0.01118,0.));
#10355=CARTESIAN_POINT('',(0.00439685943476676,0.01118,-0.002997));
#10356=CARTESIAN_POINT('',(0.006997,0.01118,-0.002997));
#10357=CARTESIAN_POINT('',(0.004247,0.01118,-0.002997));
#10358=CARTESIAN_POINT('',(0.004247,0.01118,-0.006997));
#10359=CARTESIAN_POINT('',(0.004247,0.01118,-0.00439685943476676));
#10360=CARTESIAN_POINT('',(0.,0.01118,-0.00439685943476676));
#10361=CARTESIAN_POINT('',(-0.004247,0.01118,-0.00439685943476676));
#10362=CARTESIAN_POINT('',(-0.004247,0.01118,-0.006997));
#10363=CARTESIAN_POINT('',(-0.004247,0.01118,-0.002997));
#10364=CARTESIAN_POINT('',(-0.006997,0.01118,-0.002997));
#10365=CARTESIAN_POINT('',(-0.00439685943476676,0.01118,-0.002997));
#10366=CARTESIAN_POINT('',(-0.00439685943476676,0.01118,0.));
#10367=CARTESIAN_POINT('',(-0.00439685943476676,0.01118,0.002997));
#10368=CARTESIAN_POINT('',(-0.006997,0.01118,0.002997));
#10369=CARTESIAN_POINT('',(-0.004247,0.01118,0.002997));
#10370=CARTESIAN_POINT('',(-0.004247,0.01118,0.006997));
#10371=CARTESIAN_POINT('',(-0.004247,0.01118,0.00317581607382151));
#10372=CARTESIAN_POINT('',(0.,0.01118,0.00317581607382151));
#10373=CARTESIAN_POINT('',(0.,0.00608,0.));
#10374=CARTESIAN_POINT('',(0.00625525291634657,0.00608,-0.006997));
#10375=CARTESIAN_POINT('',(0.00644194886291511,0.00608,-0.006997));
#10376=CARTESIAN_POINT('',(0.00685189999118525,0.00608,-0.00685189999118526));
#10377=CARTESIAN_POINT('',(0.006997,0.00608,-0.00644194886291511));
#10378=CARTESIAN_POINT('',(0.006997,0.00608,-0.00625525291634657));
#10379=CARTESIAN_POINT('',(0.006997,0.00608,0.00622189876179691));
#10380=CARTESIAN_POINT('',(0.006997,0.00608,0.0064240716506857));
#10381=CARTESIAN_POINT('',(0.0068689322747187,0.00608,0.00684862538336112));
#10382=CARTESIAN_POINT('',(0.00650248394255039,0.00608,0.006997));
#10383=CARTESIAN_POINT('',(0.00632798090031808,0.00608,0.006997));
#10384=CARTESIAN_POINT('',(0.00632798090031808,0.00608,0.006997));
#10385=CARTESIAN_POINT('',(-0.01,0.00608,0.006997));
#10386=CARTESIAN_POINT('',(-0.00632798090031808,0.00608,0.006997));
#10387=CARTESIAN_POINT('',(-0.00632798090031807,0.00608,0.006997));
#10388=CARTESIAN_POINT('',(-0.00650248394255039,0.00608,0.006997));
#10389=CARTESIAN_POINT('',(-0.0068689322747187,0.00608,0.00684862538336112));
#10390=CARTESIAN_POINT('',(-0.006997,0.00608,0.0064240716506857));
#10391=CARTESIAN_POINT('',(-0.006997,0.00608,0.00622189876179691));
#10392=CARTESIAN_POINT('',(-0.006997,0.00608,-0.00625525291634657));
#10393=CARTESIAN_POINT('',(-0.006997,0.00608,-0.00644194886291511));
#10394=CARTESIAN_POINT('',(-0.00685189999118526,0.00608,-0.00685189999118525));
#10395=CARTESIAN_POINT('',(-0.0064419488629151,0.00608,-0.006997));
#10396=CARTESIAN_POINT('',(-0.00625525291634657,0.00608,-0.006997));
#10397=CARTESIAN_POINT('',(0.,0.00718,0.));
#10398=CARTESIAN_POINT('',(-0.00558874464987865,0.00718,-0.002997));
#10399=CARTESIAN_POINT('',(-0.00558874464987865,0.00718,-0.0057553415032572));
#10400=CARTESIAN_POINT('',(-0.00558874464987865,0.00718,-0.002997));
#10401=CARTESIAN_POINT('',(-0.004247,0.00718,-0.0057553415032572));
#10402=CARTESIAN_POINT('',(-0.004247,0.00718,-0.0057553415032572));
#10403=CARTESIAN_POINT('',(-0.004247,0.00718,0.));
#10404=CARTESIAN_POINT('',(-0.0058108240679279,0.00718,-0.00655257115158133));
#10405=CARTESIAN_POINT('',(-0.00599752001449644,0.00718,-0.00655257115158133));
#10406=CARTESIAN_POINT('',(-0.00640747114276658,0.00718,-0.00640747114276659));
#10407=CARTESIAN_POINT('',(-0.00655257115158133,0.00718,-0.00599752001449643));
#10408=CARTESIAN_POINT('',(-0.00655257115158133,0.00718,-0.0058108240679279));
#10409=CARTESIAN_POINT('',(0.,0.00718,-0.002997));
#10410=CARTESIAN_POINT('',(-0.004247,0.00718,-0.006997));
#10411=CARTESIAN_POINT('',(-0.004247,0.01038,-0.00439685943476676));
#10412=CARTESIAN_POINT('',(-0.004247,0.00311263524274187,-0.0057553415032572));
#10413=CARTESIAN_POINT('',(-0.004247,0.00618,-0.0057553415032572));
#10414=CARTESIAN_POINT('',(-0.004247,0.00618,-0.006997));
#10415=CARTESIAN_POINT('',(-0.004247,0.00618,-0.002997));
#10416=CARTESIAN_POINT('',(-0.004247,0.00718,-0.002997));
#10417=CARTESIAN_POINT('',(-0.006997,0.00718,-0.002997));
#10418=CARTESIAN_POINT('',(-0.00439685943476676,0.01038,-0.002997));
#10419=CARTESIAN_POINT('',(-0.006997,0.00618,-0.002997));
#10420=CARTESIAN_POINT('',(-0.00558874464987865,0.00618,-0.002997));
#10421=CARTESIAN_POINT('',(-0.00558874464987865,0.00718,-0.002997));
#10422=CARTESIAN_POINT('',(0.,0.00718,0.));
#10423=CARTESIAN_POINT('',(-0.004247,0.00718,0.0057553415032572));
#10424=CARTESIAN_POINT('',(-0.00558874464987865,0.00718,0.0057553415032572));
#10425=CARTESIAN_POINT('',(-0.004247,0.00718,0.0057553415032572));
#10426=CARTESIAN_POINT('',(-0.00558874464987865,0.00718,0.002997));
#10427=CARTESIAN_POINT('',(-0.00558874464987865,0.00718,0.002997));
#10428=CARTESIAN_POINT('',(0.,0.00718,0.002997));
#10429=CARTESIAN_POINT('',(-0.00655257115158133,0.00718,0.00539772183654273));
#10430=CARTESIAN_POINT('',(-0.00655257115158133,0.00718,0.00559989472543152));
#10431=CARTESIAN_POINT('',(-0.00642450342630002,0.00718,0.00602444845810694));
#10432=CARTESIAN_POINT('',(-0.00605805509413172,0.00718,0.00617282307474581));
#10433=CARTESIAN_POINT('',(-0.0058835520518994,0.00718,0.00617282307474581));
#10434=CARTESIAN_POINT('',(-0.0058835520518994,0.00718,0.00617282307474581));
#10435=CARTESIAN_POINT('',(-0.01,0.00718,0.00617282307474581));
#10436=CARTESIAN_POINT('',(-0.004247,0.00718,0.00617282307474581));
#10437=CARTESIAN_POINT('',(-0.004247,0.00718,0.));
#10438=CARTESIAN_POINT('',(-0.006997,0.00718,0.002997));
#10439=CARTESIAN_POINT('',(-0.00439685943476676,0.01038,0.002997));
#10440=CARTESIAN_POINT('',(-0.00558874464987865,0.00311263524274187,0.002997));
#10441=CARTESIAN_POINT('',(-0.00558874464987865,0.00618,0.002997));
#10442=CARTESIAN_POINT('',(-0.006997,0.00618,0.002997));
#10443=CARTESIAN_POINT('',(-0.004247,0.00618,0.002997));
#10444=CARTESIAN_POINT('',(-0.004247,0.00718,0.002997));
#10445=CARTESIAN_POINT('',(-0.004247,0.00718,0.006997));
#10446=CARTESIAN_POINT('',(-0.004247,0.00718,0.00617282307474582));
#10447=CARTESIAN_POINT('',(-0.004247,0.00618,0.006997));
#10448=CARTESIAN_POINT('',(-0.004247,0.00618,0.0057553415032572));
#10449=CARTESIAN_POINT('',(-0.004247,0.00718,0.0057553415032572));
#10450=CARTESIAN_POINT('',(0.,0.00718,0.));
#10451=CARTESIAN_POINT('',(0.00558874464987865,0.00718,0.002997));
#10452=CARTESIAN_POINT('',(0.00558874464987865,0.00718,0.0057553415032572));
#10453=CARTESIAN_POINT('',(0.00558874464987865,0.00718,0.002997));
#10454=CARTESIAN_POINT('',(0.004247,0.00718,0.0057553415032572));
#10455=CARTESIAN_POINT('',(0.004247,0.00718,0.0057553415032572));
#10456=CARTESIAN_POINT('',(0.004247,0.00718,0.));
#10457=CARTESIAN_POINT('',(0.004247,0.00718,0.00617282307474581));
#10458=CARTESIAN_POINT('',(-0.01,0.00718,0.00617282307474581));
#10459=CARTESIAN_POINT('',(0.0058835520518994,0.00718,0.00617282307474581));
#10460=CARTESIAN_POINT('',(0.0058835520518994,0.00718,0.00617282307474581));
#10461=CARTESIAN_POINT('',(0.00605805509413172,0.00718,0.00617282307474581));
#10462=CARTESIAN_POINT('',(0.00642450342630002,0.00718,0.00602444845810694));
#10463=CARTESIAN_POINT('',(0.00655257115158133,0.00718,0.00559989472543152));
#10464=CARTESIAN_POINT('',(0.00655257115158133,0.00718,0.00539772183654273));
#10465=CARTESIAN_POINT('',(0.,0.00718,0.002997));
#10466=CARTESIAN_POINT('',(0.004247,0.00718,0.006997));
#10467=CARTESIAN_POINT('',(0.004247,0.01118,0.00317581607382151));
#10468=CARTESIAN_POINT('',(0.004247,0.00311263524274187,0.0057553415032572));
#10469=CARTESIAN_POINT('',(0.004247,0.00618,0.0057553415032572));
#10470=CARTESIAN_POINT('',(0.004247,0.00618,0.006997));
#10471=CARTESIAN_POINT('',(0.004247,0.00618,0.002997));
#10472=CARTESIAN_POINT('',(0.004247,0.00718,0.002997));
#10473=CARTESIAN_POINT('',(0.006997,0.00718,0.002997));
#10474=CARTESIAN_POINT('',(0.00439685943476676,0.01038,0.002997));
#10475=CARTESIAN_POINT('',(0.006997,0.00618,0.002997));
#10476=CARTESIAN_POINT('',(0.00558874464987865,0.00618,0.002997));
#10477=CARTESIAN_POINT('',(0.00558874464987865,0.00718,0.002997));
#10478=CARTESIAN_POINT('',(0.,0.00718,0.));
#10479=CARTESIAN_POINT('',(0.004247,0.00718,-0.0057553415032572));
#10480=CARTESIAN_POINT('',(0.00558874464987865,0.00718,-0.0057553415032572));
#10481=CARTESIAN_POINT('',(0.004247,0.00718,-0.0057553415032572));
#10482=CARTESIAN_POINT('',(0.00558874464987865,0.00718,-0.002997));
#10483=CARTESIAN_POINT('',(0.00558874464987865,0.00718,-0.002997));
#10484=CARTESIAN_POINT('',(0.,0.00718,-0.002997));
#10485=CARTESIAN_POINT('',(0.00655257115158133,0.00718,-0.0058108240679279));
#10486=CARTESIAN_POINT('',(0.00655257115158133,0.00718,-0.00599752001449643));
#10487=CARTESIAN_POINT('',(0.00640747114276658,0.00718,-0.00640747114276657));
#10488=CARTESIAN_POINT('',(0.00599752001449643,0.00718,-0.00655257115158133));
#10489=CARTESIAN_POINT('',(0.0058108240679279,0.00718,-0.00655257115158133));
#10490=CARTESIAN_POINT('',(0.004247,0.00718,0.));
#10491=CARTESIAN_POINT('',(0.006997,0.00718,-0.002997));
#10492=CARTESIAN_POINT('',(0.00439685943476676,0.01038,-0.002997));
#10493=CARTESIAN_POINT('',(0.00558874464987865,0.00311263524274187,-0.002997));
#10494=CARTESIAN_POINT('',(0.00558874464987865,0.00618,-0.002997));
#10495=CARTESIAN_POINT('',(0.006997,0.00618,-0.002997));
#10496=CARTESIAN_POINT('',(0.004247,0.00618,-0.002997));
#10497=CARTESIAN_POINT('',(0.004247,0.00718,-0.002997));
#10498=CARTESIAN_POINT('',(0.004247,0.00718,-0.006997));
#10499=CARTESIAN_POINT('',(0.004247,0.01038,-0.00439685943476676));
#10500=CARTESIAN_POINT('',(0.004247,0.00618,-0.006997));
#10501=CARTESIAN_POINT('',(0.004247,0.00618,-0.0057553415032572));
#10502=CARTESIAN_POINT('',(0.004247,0.00718,-0.0057553415032572));
#10503=CARTESIAN_POINT('',(-0.01,0.00608,0.006997));
#10504=CARTESIAN_POINT('',(0.00062865709308009,0.00608,0.006997));
#10505=CARTESIAN_POINT('',(0.00062865709308009,0.00678308932564429,0.00647020909219222));
#10506=CARTESIAN_POINT('',(-0.01,0.00678308932564429,0.00647020909219222));
#10507=CARTESIAN_POINT('',(-0.00062865709308009,0.00678308932564429,0.00647020909219222));
#10508=CARTESIAN_POINT('',(-0.00062865709308009,0.00608,0.006997));
#10509=CARTESIAN_POINT('',(-0.000628657093080089,0.00718,0.00617282307474581));
#10510=CARTESIAN_POINT('',(0.,0.00718,0.00617282307474582));
#10511=CARTESIAN_POINT('',(-0.00382357085402463,0.00718,0.00617282307474581));
#10512=CARTESIAN_POINT('',(-0.00382357085402463,0.00608,0.006997));
#10513=CARTESIAN_POINT('',(-0.0058835520518994,0.00718,0.00617282307474581));
#10514=CARTESIAN_POINT('',(0.00632798090031808,0.00608,0.006997));
#10515=CARTESIAN_POINT('',(0.00382357085402463,0.00608,0.006997));
#10516=CARTESIAN_POINT('',(0.00634653301349884,0.00555438855682713,-0.00634653301349884));
#10517=CARTESIAN_POINT('',(0.00639130446808946,0.00544357531816155,0.00647420135194265));
#10518=CARTESIAN_POINT('',(-0.00462441814752971,0.00981677242166008,-0.00462441814752971));
#10519=CARTESIAN_POINT('',(-0.00639130446808946,0.00544357531816155,0.00647420135194265));
#10520=CARTESIAN_POINT('',(-0.00439685943476676,0.01038,0.));
#10521=CARTESIAN_POINT('',(0.,0.01038,-0.00439685943476676));
#10522=CARTESIAN_POINT('',(0.00439685943476676,0.01038,0.));
#10523=CARTESIAN_POINT('',(-0.00382357085402463,-0.0019359229609684,0.00813779905719866));
#10524=CARTESIAN_POINT('',(-0.00382357085402463,0.00718,0.00813779905719866));
#10525=CARTESIAN_POINT('',(0.00382357085402463,-0.0019359229609684,0.00813779905719866));
#10526=CARTESIAN_POINT('',(0.00382357085402463,-0.0019359229609684,0.00317581607382151));
#10527=CARTESIAN_POINT('',(0.,0.00718,0.));
#10528=CARTESIAN_POINT('',(0.,0.00718,0.00462121658410121));
#10529=CARTESIAN_POINT('',(-0.000628657093080089,0.00718,0.00614784399749326));
#10530=CARTESIAN_POINT('',(-0.000628657093080089,0.00718,0.00614784399749326));
#10531=CARTESIAN_POINT('',(0.00382357085402463,-0.0019359229609684,0.00317581607382151));
#10532=CARTESIAN_POINT('',(0.000797883678792332,-0.0019359229609684,0.00317581607382151));
#10533=CARTESIAN_POINT('',(-0.000628657093080089,0.000368227815378909,0.00647020909219222));
#10534=CARTESIAN_POINT('',(0.000628657093080089,0.000368227815378909,0.00647020909219222));
#10535=CARTESIAN_POINT('',(0.000628657093080089,0.00618,0.00647020909219222));
#10536=CARTESIAN_POINT('',(-0.000628657093080089,0.00618,0.00647020909219222));
#10537=CARTESIAN_POINT('',(-0.000628657093080089,0.00618,0.00647020909219222));
#10538=CARTESIAN_POINT('',(-0.000628657093080089,0.000368227815378909,0.00647020909219222));
#10539=CARTESIAN_POINT('',(0.00062865709308009,0.000368227815378909,0.00614784399749326));
#10540=CARTESIAN_POINT('',(0.000628657093080088,0.000368227815378909,0.00614784399749326));
#10541=CARTESIAN_POINT('',(0.000628657093080089,0.00618,0.00614784399749326));
#10542=CARTESIAN_POINT('',(0.00062865709308009,0.00618,0.00614784399749326));
#10543=CARTESIAN_POINT('',(-0.000628657093080089,0.000368227815378909,0.00614784399749326));
#10544=CARTESIAN_POINT('',(-0.000628657093080089,0.00618,0.00614784399749326));
#10545=CARTESIAN_POINT('',(-0.000628657093080089,0.00618,0.00614784399749326));
#10546=CARTESIAN_POINT('',(-0.000628657093080089,0.000368227815378909,0.00614784399749326));
#10547=CARTESIAN_POINT('',(0.,0.000368227815378909,0.00462121658410121));
#10548=CARTESIAN_POINT('',(0.,0.00618,0.00462121658410121));
#10549=CARTESIAN_POINT('',(0.,0.00618,0.));
#10550=CARTESIAN_POINT('',(0.004247,0.00311263524274187,-0.0057553415032572));
#10551=CARTESIAN_POINT('',(0.004247,0.00618,-0.0057553415032572));
#10552=CARTESIAN_POINT('',(0.00558874464987865,0.00618,-0.0057553415032572));
#10553=CARTESIAN_POINT('',(0.00558874464987865,0.00311263524274187,-0.0057553415032572));
#10554=CARTESIAN_POINT('',(0.00558874464987865,0.00311263524274187,-0.002997));
#10555=CARTESIAN_POINT('',(0.00558874464987865,0.00618,-0.002997));
#10556=CARTESIAN_POINT('',(0.,0.00618,0.));
#10557=CARTESIAN_POINT('',(0.00558874464987865,0.00311263524274187,0.002997));
#10558=CARTESIAN_POINT('',(0.00558874464987865,0.00618,0.002997));
#10559=CARTESIAN_POINT('',(0.00558874464987865,0.00618,0.0057553415032572));
#10560=CARTESIAN_POINT('',(0.00558874464987865,0.00311263524274187,0.0057553415032572));
#10561=CARTESIAN_POINT('',(0.004247,0.00311263524274187,0.0057553415032572));
#10562=CARTESIAN_POINT('',(0.004247,0.00618,0.0057553415032572));
#10563=CARTESIAN_POINT('',(0.,0.00618,0.));
#10564=CARTESIAN_POINT('',(-0.004247,0.00311263524274187,0.0057553415032572));
#10565=CARTESIAN_POINT('',(-0.004247,0.00618,0.0057553415032572));
#10566=CARTESIAN_POINT('',(-0.00558874464987865,0.00618,0.0057553415032572));
#10567=CARTESIAN_POINT('',(-0.00558874464987865,0.00311263524274187,0.0057553415032572));
#10568=CARTESIAN_POINT('',(-0.00558874464987865,0.00311263524274187,0.002997));
#10569=CARTESIAN_POINT('',(-0.00558874464987865,0.00618,0.002997));
#10570=CARTESIAN_POINT('',(0.,0.00618,0.));
#10571=CARTESIAN_POINT('',(-0.00558874464987865,0.00311263524274187,-0.002997));
#10572=CARTESIAN_POINT('',(-0.00558874464987865,0.00618,-0.002997));
#10573=CARTESIAN_POINT('',(-0.00558874464987865,0.00618,-0.0057553415032572));
#10574=CARTESIAN_POINT('',(-0.00558874464987865,0.00311263524274187,-0.0057553415032572));
#10575=CARTESIAN_POINT('',(-0.004247,0.00311263524274187,-0.0057553415032572));
#10576=CARTESIAN_POINT('',(-0.004247,0.00618,-0.0057553415032572));
#10577=CARTESIAN_POINT('',(0.,0.00618,0.));
#10578=CARTESIAN_POINT('',(-0.00132413313265541,0.000902,-0.00432370984498292));
#10579=CARTESIAN_POINT('',(0.00185367682346593,0.0131508570899637,-0.00985835054338292));
#10580=CARTESIAN_POINT('',(0.00150367682346593,0.0131508570899637,-0.00985835054338292));
#10581=CARTESIAN_POINT('',(0.00150367682346593,0.0130508570899637,-0.00985835054338292));
#10582=CARTESIAN_POINT('',(0.00150367682346593,0.0131379380823991,-0.00995751252825387));
#10583=CARTESIAN_POINT('',(0.00185367682346593,0.0131379380823991,-0.00995751252825388));
#10584=CARTESIAN_POINT('',(0.00185367682346593,0.0131379380823991,-0.00995751252825388));
#10585=CARTESIAN_POINT('',(0.00185367682346593,0.0131508570899637,-0.00985835054338292));
#10586=CARTESIAN_POINT('',(0.00185367682346593,0.0130508570899637,-0.00985835054338292));
#10587=CARTESIAN_POINT('',(-0.00107132317653407,0.0130508570899637,-0.0098583505433829));
#10588=CARTESIAN_POINT('',(0.00185367682346593,0.0131508570899637,-0.0102583505433829));
#10589=CARTESIAN_POINT('',(0.000303676823465924,0.0131508570899637,-0.0102583505433829));
#10590=CARTESIAN_POINT('',(0.000303676823465924,0.0130508570899637,-0.0102583505433829));
#10591=CARTESIAN_POINT('',(0.000303676823465925,0.0131379380823991,-0.0101591885585119));
#10592=CARTESIAN_POINT('',(0.00185367682346593,0.0131379380823991,-0.010159188558512));
#10593=CARTESIAN_POINT('',(-0.00399632317653408,0.0131379380823991,-0.0101591885585119));
#10594=CARTESIAN_POINT('',(-0.00399632317653408,0.0131508570899637,-0.0102583505433829));
#10595=CARTESIAN_POINT('',(-0.00399632317653408,0.0130508570899637,-0.0102583505433829));
#10596=CARTESIAN_POINT('',(-0.00107132317653408,0.0130508570899637,-0.0102583505433829));
#10597=CARTESIAN_POINT('',(-0.00107132317653407,0.0131508570899637,-0.0100583505433829));
#10598=CARTESIAN_POINT('',(0.00185367682346593,0.0131508570899637,-0.0100583505433829));
#10599=CARTESIAN_POINT('',(0.00185367682346594,0.0131508570899637,-0.00890835054338292));
#10600=CARTESIAN_POINT('',(0.00185367682346593,0.0131508570899637,-0.00990835054338292));
#10601=CARTESIAN_POINT('',(-0.00107132317653407,0.0131508570899637,-0.0099083505433829));
#10602=CARTESIAN_POINT('',(-0.00399632317653408,0.0131508570899637,-0.00990835054338288));
#10603=CARTESIAN_POINT('',(-0.00399632317653408,0.0131508570899637,-0.0100583505433829));
#10604=CARTESIAN_POINT('',(-0.00399632317653406,0.0131508570899637,-0.00890835054338288));
#10605=CARTESIAN_POINT('',(-0.00107132317653407,0.0131508570899637,-0.0089083505433829));
#10606=CARTESIAN_POINT('',(0.00185367682346594,0.0131508570899637,-0.00880835054338292));
#10607=CARTESIAN_POINT('',(0.00185367682346593,0.0130508570899637,-0.00990835054338292));
#10608=CARTESIAN_POINT('',(0.00185367682346594,0.0147508570899637,-0.00890835054338292));
#10609=CARTESIAN_POINT('',(0.00185367682346594,0.0147508570899637,-0.00890835054338292));
#10610=CARTESIAN_POINT('',(0.00185367682346593,0.0147508570899637,-0.0100583505433829));
#10611=CARTESIAN_POINT('',(0.00185367682346594,0.0147508570899637,-0.00880835054338292));
#10612=CARTESIAN_POINT('',(0.00185367682346594,0.0131508570899637,-0.00880835054338292));
#10613=CARTESIAN_POINT('',(0.00185367682346594,0.0131508570899637,-0.00880835054338292));
#10614=CARTESIAN_POINT('',(0.00185367682346594,0.0131508570899637,-0.00890835054338292));
#10615=CARTESIAN_POINT('',(0.00185367682346594,0.0130508570899637,-0.00890835054338292));
#10616=CARTESIAN_POINT('',(0.00185367682346594,0.0130508570899637,-0.00880835054338292));
#10617=CARTESIAN_POINT('',(-0.00399632317653406,0.0131508570899637,-0.00880835054338288));
#10618=CARTESIAN_POINT('',(-0.00399632317653408,0.0130508570899637,-0.00990835054338288));
#10619=CARTESIAN_POINT('',(-0.00399632317653408,0.0131379380823991,-0.00995751252825384));
#10620=CARTESIAN_POINT('',(-0.00399632317653408,0.0131508570899637,-0.00985835054338288));
#10621=CARTESIAN_POINT('',(-0.00399632317653408,0.0130508570899637,-0.00985835054338288));
#10622=CARTESIAN_POINT('',(-0.00399632317653406,0.0130508570899637,-0.00880835054338288));
#10623=CARTESIAN_POINT('',(-0.00399632317653406,0.0130508570899637,-0.00890835054338288));
#10624=CARTESIAN_POINT('',(-0.00399632317653406,0.0131508570899637,-0.00890835054338288));
#10625=CARTESIAN_POINT('',(-0.00399632317653406,0.0131508570899637,-0.00880835054338288));
#10626=CARTESIAN_POINT('',(-0.00399632317653406,0.0131508570899637,-0.00880835054338288));
#10627=CARTESIAN_POINT('',(-0.00399632317653406,0.0147508570899637,-0.00880835054338288));
#10628=CARTESIAN_POINT('',(-0.00399632317653408,0.0147508570899637,-0.0100583505433829));
#10629=CARTESIAN_POINT('',(-0.00399632317653406,0.0147508570899637,-0.00890835054338288));
#10630=CARTESIAN_POINT('',(-0.00399632317653406,0.0131508570899637,-0.00890835054338288));
#10631=CARTESIAN_POINT('',(-0.00107132317653407,0.0130508570899637,-0.0100583505433829));
#10632=CARTESIAN_POINT('',(-0.00107132317653407,0.0130508570899637,-0.0097083505433829));
#10633=CARTESIAN_POINT('',(0.00140367682346593,0.0130508570899637,-0.00970835054338292));
#10634=CARTESIAN_POINT('',(0.000403676823465928,0.0130508570899637,-0.00970835054338291));
#10635=CARTESIAN_POINT('',(0.00140367682346593,0.0130508570899637,-0.00980835054338292));
#10636=CARTESIAN_POINT('',(0.00150367682346593,0.0130508570899637,-0.00980835054338292));
#10637=CARTESIAN_POINT('',(0.00150367682346593,0.0130508570899637,-0.0100583505433829));
#10638=CARTESIAN_POINT('',(-0.00107132317653407,0.0130508570899637,-0.0089083505433829));
#10639=CARTESIAN_POINT('',(-0.00107132317653407,0.0130508570899637,-0.0098583505433829));
#10640=CARTESIAN_POINT('',(0.000303676823465927,0.0130508570899637,-0.00985835054338291));
#10641=CARTESIAN_POINT('',(0.000303676823465926,0.0130508570899637,-0.0100583505433829));
#10642=CARTESIAN_POINT('',(0.000303676823465927,0.0130508570899637,-0.00980835054338291));
#10643=CARTESIAN_POINT('',(0.000403676823465928,0.0130508570899637,-0.00980835054338291));
#10644=CARTESIAN_POINT('',(-0.00107132317653407,0.0131508570899637,-0.0100583505433829));
#10645=CARTESIAN_POINT('',(-0.00399632317653408,0.0131508570899637,-0.0100583505433829));
#10646=CARTESIAN_POINT('',(-0.00399632317653408,0.0131508570899637,-0.0112083505433829));
#10647=CARTESIAN_POINT('',(-0.00399632317653408,0.0131508570899637,-0.0102083505433829));
#10648=CARTESIAN_POINT('',(-0.00107132317653407,0.0131508570899637,-0.0102083505433829));
#10649=CARTESIAN_POINT('',(0.00185367682346593,0.0131508570899637,-0.0102083505433829));
#10650=CARTESIAN_POINT('',(0.00185367682346593,0.0131508570899637,-0.0100583505433829));
#10651=CARTESIAN_POINT('',(0.00185367682346592,0.0131508570899637,-0.0112083505433829));
#10652=CARTESIAN_POINT('',(-0.00107132317653408,0.0131508570899637,-0.0112083505433829));
#10653=CARTESIAN_POINT('',(0.00185367682346594,0.0131508570899637,-0.00880835054338292));
#10654=CARTESIAN_POINT('',(0.00185367682346593,0.0130508570899637,-0.0102083505433829));
#10655=CARTESIAN_POINT('',(0.00185367682346593,0.0131379380823991,-0.010159188558512));
#10656=CARTESIAN_POINT('',(0.00185367682346593,0.0131508570899637,-0.0102583505433829));
#10657=CARTESIAN_POINT('',(0.00185367682346593,0.0130508570899637,-0.0102583505433829));
#10658=CARTESIAN_POINT('',(0.00185367682346594,0.0130508570899637,-0.00880835054338292));
#10659=CARTESIAN_POINT('',(0.00185367682346592,0.0130508570899637,-0.0112083505433829));
#10660=CARTESIAN_POINT('',(0.00185367682346592,0.0131508570899637,-0.0112083505433829));
#10661=CARTESIAN_POINT('',(0.00185367682346592,0.0131508570899637,-0.0113083505433829));
#10662=CARTESIAN_POINT('',(0.00185367682346592,0.0131508570899637,-0.0113083505433829));
#10663=CARTESIAN_POINT('',(0.00185367682346592,0.0147508570899637,-0.0113083505433829));
#10664=CARTESIAN_POINT('',(0.00185367682346593,0.0147508570899637,-0.0100583505433829));
#10665=CARTESIAN_POINT('',(0.00185367682346592,0.0147508570899637,-0.0112083505433829));
#10666=CARTESIAN_POINT('',(0.00185367682346592,0.0131508570899637,-0.0112083505433829));
#10667=CARTESIAN_POINT('',(0.00185367682346592,0.0131508570899637,-0.0113083505433829));
#10668=CARTESIAN_POINT('',(0.00185367682346592,0.0131508570899637,-0.0113083505433829));
#10669=CARTESIAN_POINT('',(-0.00399632317653408,0.0131508570899637,-0.0113083505433829));
#10670=CARTESIAN_POINT('',(-0.00399632317653408,0.0131508570899637,-0.0113083505433829));
#10671=CARTESIAN_POINT('',(-0.00399632317653408,0.0147508570899637,-0.0113083505433829));
#10672=CARTESIAN_POINT('',(-0.00107132317653408,0.0147508570899637,-0.0113083505433829));
#10673=CARTESIAN_POINT('',(-0.00399632317653406,0.0131508570899637,-0.00880835054338288));
#10674=CARTESIAN_POINT('',(-0.00399632317653408,0.0130508570899637,-0.0102083505433829));
#10675=CARTESIAN_POINT('',(-0.00399632317653408,0.0147508570899637,-0.0112083505433829));
#10676=CARTESIAN_POINT('',(-0.00399632317653408,0.0147508570899637,-0.0112083505433829));
#10677=CARTESIAN_POINT('',(-0.00399632317653408,0.0147508570899637,-0.0100583505433829));
#10678=CARTESIAN_POINT('',(-0.00399632317653408,0.0131508570899637,-0.0112083505433829));
#10679=CARTESIAN_POINT('',(-0.00399632317653408,0.0130508570899637,-0.0112083505433829));
#10680=CARTESIAN_POINT('',(-0.00399632317653406,0.0130508570899637,-0.00880835054338288));
#10681=CARTESIAN_POINT('',(0.00185367682346594,0.0131508570899637,-0.00880835054338292));
#10682=CARTESIAN_POINT('',(0.00185367682346594,0.0131508570899637,-0.00880835054338292));
#10683=CARTESIAN_POINT('',(-0.00107132317653407,0.0147508570899637,-0.0088083505433829));
#10684=CARTESIAN_POINT('',(-0.00107132317653407,0.0130508570899637,-0.0100583505433829));
#10685=CARTESIAN_POINT('',(0.00150367682346593,0.0130508570899637,-0.0100583505433829));
#10686=CARTESIAN_POINT('',(0.00150367682346593,0.0130508570899637,-0.0103083505433829));
#10687=CARTESIAN_POINT('',(0.00150367682346593,0.0130508570899637,-0.0102583505433829));
#10688=CARTESIAN_POINT('',(0.00140367682346592,0.0130508570899637,-0.0103083505433829));
#10689=CARTESIAN_POINT('',(0.00140367682346592,0.0130508570899637,-0.0104083505433829));
#10690=CARTESIAN_POINT('',(-0.00107132317653408,0.0130508570899637,-0.0104083505433829));
#10691=CARTESIAN_POINT('',(0.000403676823465924,0.0130508570899637,-0.0104083505433829));
#10692=CARTESIAN_POINT('',(0.000403676823465924,0.0130508570899637,-0.0103083505433829));
#10693=CARTESIAN_POINT('',(0.000303676823465924,0.0130508570899637,-0.0103083505433829));
#10694=CARTESIAN_POINT('',(0.000303676823465926,0.0130508570899637,-0.0100583505433829));
#10695=CARTESIAN_POINT('',(-0.00107132317653408,0.0130508570899637,-0.0112083505433829));
#10696=CARTESIAN_POINT('',(-0.00107132317653408,0.0130508570899637,-0.0102583505433829));
#10697=CARTESIAN_POINT('',(-0.00107132317653407,0.0147508570899637,-0.0089083505433829));
#10698=CARTESIAN_POINT('',(-0.00107132317653407,0.0146508570899637,-0.0089083505433829));
#10699=CARTESIAN_POINT('',(0.000253676823465934,0.0146508570899637,-0.00890835054338291));
#10700=CARTESIAN_POINT('',(-0.00144632317653407,0.0146508570899637,-0.0089083505433829));
#10701=CARTESIAN_POINT('',(0.000253676823465934,0.0147508570899637,-0.00890835054338291));
#10702=CARTESIAN_POINT('',(0.000253676823465934,0.0147508570899637,-0.00890835054338291));
#10703=CARTESIAN_POINT('',(-0.00107132317653407,0.0147508570899637,-0.0089083505433829));
#10704=CARTESIAN_POINT('',(-0.00107132317653407,0.0147508570899637,-0.0089083505433829));
#10705=CARTESIAN_POINT('',(-0.00144632317653407,0.0147508570899637,-0.0089083505433829));
#10706=CARTESIAN_POINT('',(-0.00144632317653407,0.0147508570899637,-0.0089083505433829));
#10707=CARTESIAN_POINT('',(-0.00107132317653407,0.0147508570899637,-0.0100583505433829));
#10708=CARTESIAN_POINT('',(0.000253676823465926,0.0147508570899637,-0.0100583505433829));
#10709=CARTESIAN_POINT('',(0.000253676823465918,0.0147508570899637,-0.0112083505433829));
#10710=CARTESIAN_POINT('',(-0.00107132317653408,0.0147508570899637,-0.0112083505433829));
#10711=CARTESIAN_POINT('',(-0.00107132317653408,0.0147508570899637,-0.0112083505433829));
#10712=CARTESIAN_POINT('',(-0.00144632317653408,0.0147508570899637,-0.0112083505433829));
#10713=CARTESIAN_POINT('',(-0.00144632317653407,0.0147508570899637,-0.0100583505433829));
#10714=CARTESIAN_POINT('',(-0.00107132317653408,0.0147508570899637,-0.0112083505433829));
#10715=CARTESIAN_POINT('',(0.000253676823465918,0.0147508570899637,-0.0112083505433829));
#10716=CARTESIAN_POINT('',(0.000253676823465918,0.0146508570899637,-0.0112083505433829));
#10717=CARTESIAN_POINT('',(-0.00107132317653408,0.0146508570899637,-0.0112083505433829));
#10718=CARTESIAN_POINT('',(-0.00144632317653408,0.0146508570899637,-0.0112083505433829));
#10719=CARTESIAN_POINT('',(-0.00144632317653408,0.0147508570899637,-0.0112083505433829));
#10720=CARTESIAN_POINT('',(-0.00107132317653407,0.0146508570899637,-0.0100583505433829));
#10721=CARTESIAN_POINT('',(0.000253676823465934,0.0146508570899637,-0.00880835054338291));
#10722=CARTESIAN_POINT('',(-0.00144632317653406,0.0146508570899637,-0.0088083505433829));
#10723=CARTESIAN_POINT('',(0.000253676823465934,0.0146508570899637,-0.00880835054338291));
#10724=CARTESIAN_POINT('',(-0.00144632317653406,0.0146508570899637,-0.0088083505433829));
#10725=CARTESIAN_POINT('',(0.00185367682346593,0.0131508570899637,-0.0102583505433829));
#10726=CARTESIAN_POINT('',(0.00185367682346593,0.0131379380823991,-0.010159188558512));
#10727=CARTESIAN_POINT('',(0.00150367682346593,0.0131379380823991,-0.010159188558512));
#10728=CARTESIAN_POINT('',(0.00150367682346593,0.0131508570899637,-0.0102583505433829));
#10729=CARTESIAN_POINT('',(0.00185367682346593,0.0131508570899637,-0.00985835054338292));
#10730=CARTESIAN_POINT('',(0.00185367682346593,0.0131379380823991,-0.00995751252825388));
#10731=CARTESIAN_POINT('',(0.000303676823465926,0.0131379380823991,-0.00995751252825387));
#10732=CARTESIAN_POINT('',(0.000303676823465927,0.0131508570899637,-0.00985835054338291));
#10733=CARTESIAN_POINT('',(0.00185367682346592,0.0131508570899637,-0.0112083505433829));
#10734=CARTESIAN_POINT('',(0.00185367682346594,0.0131508570899637,-0.00890835054338292));
#10735=CARTESIAN_POINT('',(0.00150367682346593,0.0143601957522084,-0.0100583505433829));
#10736=CARTESIAN_POINT('',(0.00150367682346593,0.0121508570899637,-0.0100583505433829));
#10737=CARTESIAN_POINT('',(0.00150367682346593,0.0121508570899637,-0.0103083505433829));
#10738=CARTESIAN_POINT('',(0.00150367682346593,0.0121508570899637,-0.0102083505433829));
#10739=CARTESIAN_POINT('',(0.00150367682346593,0.0143601957522084,-0.0103083505433829));
#10740=CARTESIAN_POINT('',(0.00150367682346593,0.0130508570899637,-0.0102083505433829));
#10741=CARTESIAN_POINT('',(0.00150367682346593,0.0130508570899637,-0.0101083505433829));
#10742=CARTESIAN_POINT('',(0.00150367682346593,0.0143601957522084,-0.0101083505433829));
#10743=CARTESIAN_POINT('',(0.00150367682346593,0.0122508570899637,-0.0101083505433829));
#10744=CARTESIAN_POINT('',(0.00150367682346593,0.0122508570899637,-0.0101083505433829));
#10745=CARTESIAN_POINT('',(-0.00107132317653407,0.0143601957522084,-0.0101083505433829));
#10746=CARTESIAN_POINT('',(-0.00107132317653407,0.0130508570899637,-0.0101083505433829));
#10747=CARTESIAN_POINT('',(0.000303676823465925,0.0130508570899637,-0.0101083505433829));
#10748=CARTESIAN_POINT('',(0.000303676823465925,0.0143601957522084,-0.0101083505433829));
#10749=CARTESIAN_POINT('',(0.000303676823465925,0.0122508570899637,-0.0101083505433829));
#10750=CARTESIAN_POINT('',(-0.00107132317653407,0.0122508570899637,-0.0101083505433829));
#10751=CARTESIAN_POINT('',(0.000303676823465926,0.0143601957522084,-0.0100583505433829));
#10752=CARTESIAN_POINT('',(0.000303676823465924,0.0143601957522084,-0.0103083505433829));
#10753=CARTESIAN_POINT('',(0.000303676823465924,0.0121508570899637,-0.0103083505433829));
#10754=CARTESIAN_POINT('',(0.000303676823465926,0.0121508570899637,-0.0100583505433829));
#10755=CARTESIAN_POINT('',(0.000303676823465924,0.0121508570899637,-0.0102083505433829));
#10756=CARTESIAN_POINT('',(0.000303676823465924,0.0121508570899637,-0.0102083505433829));
#10757=CARTESIAN_POINT('',(0.000303676823465924,0.0130508570899637,-0.0102083505433829));
#10758=CARTESIAN_POINT('',(-0.00107132317653408,0.0121508570899637,-0.0104083505433829));
#10759=CARTESIAN_POINT('',(-0.00107132317653408,0.0121508570899637,-0.0104083505433829));
#10760=CARTESIAN_POINT('',(0.00140367682346592,0.0121508570899637,-0.0104083505433829));
#10761=CARTESIAN_POINT('',(0.000403676823465924,0.0121508570899637,-0.0104083505433829));
#10762=CARTESIAN_POINT('',(0.000403676823465924,0.0121508570899637,-0.0104083505433829));
#10763=CARTESIAN_POINT('',(0.00140367682346592,0.0121508570899637,-0.0104083505433829));
#10764=CARTESIAN_POINT('',(-0.00107132317653407,0.0121508570899637,-0.0100583505433829));
#10765=CARTESIAN_POINT('',(0.000403676823465924,0.0121508570899637,-0.0103083505433829));
#10766=CARTESIAN_POINT('',(0.00140367682346592,0.0121508570899637,-0.0103083505433829));
#10767=CARTESIAN_POINT('',(-0.00107132317653407,0.0121508570899637,-0.0102083505433829));
#10768=CARTESIAN_POINT('',(-0.00107132317653407,0.0122508570899637,-0.0101083505433829));
#10769=CARTESIAN_POINT('',(0.00150367682346593,0.0121508570899637,-0.0100583505433829));
#10770=CARTESIAN_POINT('',(0.00150367682346593,0.0121508570899637,-0.00980835054338292));
#10771=CARTESIAN_POINT('',(0.00150367682346593,0.0121508570899637,-0.00980835054338292));
#10772=CARTESIAN_POINT('',(0.00150367682346593,0.0121508570899637,-0.0100583505433829));
#10773=CARTESIAN_POINT('',(0.00150367682346593,0.0121508570899637,-0.00990835054338292));
#10774=CARTESIAN_POINT('',(0.00150367682346593,0.0121508570899637,-0.00990835054338292));
#10775=CARTESIAN_POINT('',(0.00150367682346593,0.0122508570899637,-0.0100083505433829));
#10776=CARTESIAN_POINT('',(0.00150367682346593,0.0121508570899637,-0.0100083505433829));
#10777=CARTESIAN_POINT('',(0.00150367682346593,0.0130508570899637,-0.0100083505433829));
#10778=CARTESIAN_POINT('',(0.00150367682346593,0.0130508570899637,-0.00990835054338292));
#10779=CARTESIAN_POINT('',(-0.00107132317653407,0.0121508570899637,-0.0097083505433829));
#10780=CARTESIAN_POINT('',(0.000403676823465928,0.0121508570899637,-0.00970835054338291));
#10781=CARTESIAN_POINT('',(0.000403676823465928,0.0121508570899637,-0.00970835054338291));
#10782=CARTESIAN_POINT('',(-0.00107132317653407,0.0121508570899637,-0.0097083505433829));
#10783=CARTESIAN_POINT('',(0.00140367682346593,0.0121508570899637,-0.00970835054338292));
#10784=CARTESIAN_POINT('',(0.00140367682346593,0.0121508570899637,-0.00970835054338292));
#10785=CARTESIAN_POINT('',(0.000303676823465926,0.0121508570899637,-0.0100583505433829));
#10786=CARTESIAN_POINT('',(0.000303676823465926,0.0121508570899637,-0.0100583505433829));
#10787=CARTESIAN_POINT('',(0.000303676823465927,0.0121508570899637,-0.00980835054338291));
#10788=CARTESIAN_POINT('',(0.000303676823465927,0.0121508570899637,-0.00990835054338291));
#10789=CARTESIAN_POINT('',(0.000303676823465927,0.0121508570899637,-0.00980835054338291));
#10790=CARTESIAN_POINT('',(0.000303676823465927,0.0130508570899637,-0.00990835054338291));
#10791=CARTESIAN_POINT('',(0.000303676823465926,0.0130508570899637,-0.0100083505433829));
#10792=CARTESIAN_POINT('',(0.000303676823465926,0.0121508570899637,-0.0100083505433829));
#10793=CARTESIAN_POINT('',(0.000303676823465926,0.0122508570899637,-0.0100083505433829));
#10794=CARTESIAN_POINT('',(0.000303676823465926,0.0122508570899637,-0.0100083505433829));
#10795=CARTESIAN_POINT('',(-0.00107132317653407,0.0121508570899637,-0.0100083505433829));
#10796=CARTESIAN_POINT('',(-0.00107132317653407,0.0130508570899637,-0.0100083505433829));
#10797=CARTESIAN_POINT('',(-0.00107132317653407,0.0122508570899637,-0.0100083505433829));
#10798=CARTESIAN_POINT('',(-0.00107132317653407,0.0121508570899637,-0.0100583505433829));
#10799=CARTESIAN_POINT('',(0.000403676823465928,0.0121508570899637,-0.00980835054338291));
#10800=CARTESIAN_POINT('',(-0.00107132317653407,0.0121508570899637,-0.0099083505433829));
#10801=CARTESIAN_POINT('',(0.00140367682346593,0.0121508570899637,-0.00980835054338292));
#10802=CARTESIAN_POINT('',(-0.00107132317653407,0.0121508570899637,-0.0099083505433829));
#10803=CARTESIAN_POINT('',(-0.00107132317653407,0.0130508570899637,-0.0102083505433829));
#10804=CARTESIAN_POINT('',(-0.00107132317653407,0.0130508570899637,-0.0099083505433829));
#10805=CARTESIAN_POINT('',(0.000403676823465928,0.0121508570899637,-0.00980835054338291));
#10806=CARTESIAN_POINT('',(0.000403676823465924,0.0121508570899637,-0.0103083505433829));
#10807=CARTESIAN_POINT('',(0.00140367682346592,0.0143601957522084,-0.0103083505433829));
#10808=CARTESIAN_POINT('',(0.00140367682346593,0.0121508570899637,-0.00980835054338292));
#10809=CARTESIAN_POINT('',(0.00338954369081059,0.0129508570899637,0.00827464069839998));
#10810=MECHANICAL_DESIGN_GEOMETRIC_PRESENTATION_REPRESENTATION('',(#6518,
#6519,#6520,#6521,#6522,#6523,#6524,#6525),#10811);
#10811=(
GEOMETRIC_REPRESENTATION_CONTEXT(3)
GLOBAL_UNCERTAINTY_ASSIGNED_CONTEXT((#10820))
GLOBAL_UNIT_ASSIGNED_CONTEXT((#10831,#10830,#10829))
REPRESENTATION_CONTEXT('Assembly 1','TOP_LEVEL_ASSEMBLY_PART')
);
#10812=(
GEOMETRIC_REPRESENTATION_CONTEXT(3)
GLOBAL_UNCERTAINTY_ASSIGNED_CONTEXT((#10821))
GLOBAL_UNIT_ASSIGNED_CONTEXT((#10831,#10830,#10829))
REPRESENTATION_CONTEXT('Kailh Hotswap MX Inlay 2__Fillet3',
'COMPONENT_PART')
);
#10813=(
GEOMETRIC_REPRESENTATION_CONTEXT(3)
GLOBAL_UNCERTAINTY_ASSIGNED_CONTEXT((#10822))
GLOBAL_UNIT_ASSIGNED_CONTEXT((#10831,#10830,#10829))
REPRESENTATION_CONTEXT('Mirror1','COMPONENT_PART')
);
#10814=(
GEOMETRIC_REPRESENTATION_CONTEXT(3)
GLOBAL_UNCERTAINTY_ASSIGNED_CONTEXT((#10823))
GLOBAL_UNIT_ASSIGNED_CONTEXT((#10831,#10830,#10829))
REPRESENTATION_CONTEXT('Revolve2','COMPONENT_PART')
);
#10815=(
GEOMETRIC_REPRESENTATION_CONTEXT(3)
GLOBAL_UNCERTAINTY_ASSIGNED_CONTEXT((#10824))
GLOBAL_UNIT_ASSIGNED_CONTEXT((#10831,#10830,#10829))
REPRESENTATION_CONTEXT('Chamfer4','COMPONENT_PART')
);
#10816=(
GEOMETRIC_REPRESENTATION_CONTEXT(3)
GLOBAL_UNCERTAINTY_ASSIGNED_CONTEXT((#10825))
GLOBAL_UNIT_ASSIGNED_CONTEXT((#10831,#10830,#10829))
REPRESENTATION_CONTEXT('Chamfer3','COMPONENT_PART')
);
#10817=(
GEOMETRIC_REPRESENTATION_CONTEXT(3)
GLOBAL_UNCERTAINTY_ASSIGNED_CONTEXT((#10826))
GLOBAL_UNIT_ASSIGNED_CONTEXT((#10831,#10830,#10829))
REPRESENTATION_CONTEXT('Kailh Hotswap MX__Cut-Extrude2',
'COMPONENT_PART')
);
#10818=(
GEOMETRIC_REPRESENTATION_CONTEXT(3)
GLOBAL_UNCERTAINTY_ASSIGNED_CONTEXT((#10827))
GLOBAL_UNIT_ASSIGNED_CONTEXT((#10831,#10830,#10829))
REPRESENTATION_CONTEXT('Cut-Extrude5','COMPONENT_PART')
);
#10819=(
GEOMETRIC_REPRESENTATION_CONTEXT(3)
GLOBAL_UNCERTAINTY_ASSIGNED_CONTEXT((#10828))
GLOBAL_UNIT_ASSIGNED_CONTEXT((#10831,#10830,#10829))
REPRESENTATION_CONTEXT('Kailh Hotswap MX Inlay__Fillet3',
'COMPONENT_PART')
);
#10820=UNCERTAINTY_MEASURE_WITH_UNIT(LENGTH_MEASURE(1.E-8),#10831,
'DISTANCE_ACCURACY_VALUE','Maximum Tolerance applied to model');
#10821=UNCERTAINTY_MEASURE_WITH_UNIT(LENGTH_MEASURE(1.E-8),#10831,
'DISTANCE_ACCURACY_VALUE','Maximum Tolerance applied to model');
#10822=UNCERTAINTY_MEASURE_WITH_UNIT(LENGTH_MEASURE(1.E-8),#10831,
'DISTANCE_ACCURACY_VALUE','Maximum Tolerance applied to model');
#10823=UNCERTAINTY_MEASURE_WITH_UNIT(LENGTH_MEASURE(2.E-5),#10831,
'DISTANCE_ACCURACY_VALUE','Maximum Tolerance applied to model');
#10824=UNCERTAINTY_MEASURE_WITH_UNIT(LENGTH_MEASURE(1.E-8),#10831,
'DISTANCE_ACCURACY_VALUE','Maximum Tolerance applied to model');
#10825=UNCERTAINTY_MEASURE_WITH_UNIT(LENGTH_MEASURE(1.E-8),#10831,
'DISTANCE_ACCURACY_VALUE','Maximum Tolerance applied to model');
#10826=UNCERTAINTY_MEASURE_WITH_UNIT(LENGTH_MEASURE(1.E-8),#10831,
'DISTANCE_ACCURACY_VALUE','Maximum Tolerance applied to model');
#10827=UNCERTAINTY_MEASURE_WITH_UNIT(LENGTH_MEASURE(2.E-5),#10831,
'DISTANCE_ACCURACY_VALUE','Maximum Tolerance applied to model');
#10828=UNCERTAINTY_MEASURE_WITH_UNIT(LENGTH_MEASURE(1.E-8),#10831,
'DISTANCE_ACCURACY_VALUE','Maximum Tolerance applied to model');
#10829=(
NAMED_UNIT(*)
SI_UNIT($,.STERADIAN.)
SOLID_ANGLE_UNIT()
);
#10830=(
NAMED_UNIT(*)
PLANE_ANGLE_UNIT()
SI_UNIT($,.RADIAN.)
);
#10831=(
LENGTH_UNIT()
NAMED_UNIT(*)
SI_UNIT($,.METRE.)
);
#10832=PRODUCT_DEFINITION_SHAPE('','',#10849);
#10833=PRODUCT_DEFINITION_SHAPE('','',#10850);
#10834=PRODUCT_DEFINITION_SHAPE(' ','NAUO PRDDFN',#57);
#10835=PRODUCT_DEFINITION_SHAPE('','',#10851);
#10836=PRODUCT_DEFINITION_SHAPE(' ','NAUO PRDDFN',#58);
#10837=PRODUCT_DEFINITION_SHAPE('','',#10852);
#10838=PRODUCT_DEFINITION_SHAPE(' ','NAUO PRDDFN',#59);
#10839=PRODUCT_DEFINITION_SHAPE('','',#10853);
#10840=PRODUCT_DEFINITION_SHAPE(' ','NAUO PRDDFN',#60);
#10841=PRODUCT_DEFINITION_SHAPE('','',#10854);
#10842=PRODUCT_DEFINITION_SHAPE(' ','NAUO PRDDFN',#61);
#10843=PRODUCT_DEFINITION_SHAPE('','',#10855);
#10844=PRODUCT_DEFINITION_SHAPE(' ','NAUO PRDDFN',#62);
#10845=PRODUCT_DEFINITION_SHAPE('','',#10856);
#10846=PRODUCT_DEFINITION_SHAPE(' ','NAUO PRDDFN',#63);
#10847=PRODUCT_DEFINITION_SHAPE('','',#10857);
#10848=PRODUCT_DEFINITION_SHAPE(' ','NAUO PRDDFN',#64);
#10849=PRODUCT_DEFINITION('','',#10867,#10858);
#10850=PRODUCT_DEFINITION('','',#10868,#10859);
#10851=PRODUCT_DEFINITION('','',#10869,#10860);
#10852=PRODUCT_DEFINITION('','',#10870,#10861);
#10853=PRODUCT_DEFINITION('','',#10871,#10862);
#10854=PRODUCT_DEFINITION('','',#10872,#10863);
#10855=PRODUCT_DEFINITION('','',#10873,#10864);
#10856=PRODUCT_DEFINITION('','',#10874,#10865);
#10857=PRODUCT_DEFINITION('','',#10875,#10866);
#10858=PRODUCT_DEFINITION_CONTEXT('',#10913,'design');
#10859=PRODUCT_DEFINITION_CONTEXT('',#10913,'design');
#10860=PRODUCT_DEFINITION_CONTEXT('',#10913,'design');
#10861=PRODUCT_DEFINITION_CONTEXT('',#10913,'design');
#10862=PRODUCT_DEFINITION_CONTEXT('',#10913,'design');
#10863=PRODUCT_DEFINITION_CONTEXT('',#10913,'design');
#10864=PRODUCT_DEFINITION_CONTEXT('',#10913,'design');
#10865=PRODUCT_DEFINITION_CONTEXT('',#10913,'design');
#10866=PRODUCT_DEFINITION_CONTEXT('',#10913,'design');
#10867=PRODUCT_DEFINITION_FORMATION_WITH_SPECIFIED_SOURCE('','',#10885,
 .NOT_KNOWN.);
#10868=PRODUCT_DEFINITION_FORMATION_WITH_SPECIFIED_SOURCE('','',#10886,
 .NOT_KNOWN.);
#10869=PRODUCT_DEFINITION_FORMATION_WITH_SPECIFIED_SOURCE('','',#10887,
 .NOT_KNOWN.);
#10870=PRODUCT_DEFINITION_FORMATION_WITH_SPECIFIED_SOURCE('','',#10888,
 .NOT_KNOWN.);
#10871=PRODUCT_DEFINITION_FORMATION_WITH_SPECIFIED_SOURCE('','',#10889,
 .NOT_KNOWN.);
#10872=PRODUCT_DEFINITION_FORMATION_WITH_SPECIFIED_SOURCE('','',#10890,
 .NOT_KNOWN.);
#10873=PRODUCT_DEFINITION_FORMATION_WITH_SPECIFIED_SOURCE('','',#10891,
 .NOT_KNOWN.);
#10874=PRODUCT_DEFINITION_FORMATION_WITH_SPECIFIED_SOURCE('','',#10892,
 .NOT_KNOWN.);
#10875=PRODUCT_DEFINITION_FORMATION_WITH_SPECIFIED_SOURCE('','',#10893,
 .NOT_KNOWN.);
#10876=PRODUCT_RELATED_PRODUCT_CATEGORY('','',(#10885));
#10877=PRODUCT_RELATED_PRODUCT_CATEGORY('','',(#10886));
#10878=PRODUCT_RELATED_PRODUCT_CATEGORY('','',(#10887));
#10879=PRODUCT_RELATED_PRODUCT_CATEGORY('','',(#10888));
#10880=PRODUCT_RELATED_PRODUCT_CATEGORY('','',(#10889));
#10881=PRODUCT_RELATED_PRODUCT_CATEGORY('','',(#10890));
#10882=PRODUCT_RELATED_PRODUCT_CATEGORY('','',(#10891));
#10883=PRODUCT_RELATED_PRODUCT_CATEGORY('','',(#10892));
#10884=PRODUCT_RELATED_PRODUCT_CATEGORY('','',(#10893));
#10885=PRODUCT('Assembly 1','Assembly 1','Assembly 1',(#10903));
#10886=PRODUCT('Kailh Hotswap MX Inlay 2__Fillet3',
'Kailh Hotswap MX Inlay 2__Fillet3','Kailh Hotswap MX Inlay 2__Fillet3',
(#10904));
#10887=PRODUCT('Mirror1','Mirror1','Mirror1',(#10905));
#10888=PRODUCT('Revolve2','Revolve2','Revolve2',(#10906));
#10889=PRODUCT('Chamfer4','Chamfer4','Chamfer4',(#10907));
#10890=PRODUCT('Chamfer3','Chamfer3','Chamfer3',(#10908));
#10891=PRODUCT('Kailh Hotswap MX__Cut-Extrude2',
'Kailh Hotswap MX__Cut-Extrude2','Kailh Hotswap MX__Cut-Extrude2',(#10909));
#10892=PRODUCT('Cut-Extrude5','Cut-Extrude5','Cut-Extrude5',(#10910));
#10893=PRODUCT('Kailh Hotswap MX Inlay__Fillet3',
'Kailh Hotswap MX Inlay__Fillet3','Kailh Hotswap MX Inlay__Fillet3',(#10911));
#10894=PRODUCT_CATEGORY('','');
#10895=PRODUCT_CATEGORY('','');
#10896=PRODUCT_CATEGORY('','');
#10897=PRODUCT_CATEGORY('','');
#10898=PRODUCT_CATEGORY('','');
#10899=PRODUCT_CATEGORY('','');
#10900=PRODUCT_CATEGORY('','');
#10901=PRODUCT_CATEGORY('','');
#10902=PRODUCT_CATEGORY('','');
#10903=PRODUCT_CONTEXT('',#10913,'mechanical');
#10904=PRODUCT_CONTEXT('',#10913,'mechanical');
#10905=PRODUCT_CONTEXT('',#10913,'mechanical');
#10906=PRODUCT_CONTEXT('',#10913,'mechanical');
#10907=PRODUCT_CONTEXT('',#10913,'mechanical');
#10908=PRODUCT_CONTEXT('',#10913,'mechanical');
#10909=PRODUCT_CONTEXT('',#10913,'mechanical');
#10910=PRODUCT_CONTEXT('',#10913,'mechanical');
#10911=PRODUCT_CONTEXT('',#10913,'mechanical');
#10912=APPLICATION_PROTOCOL_DEFINITION('international standard',
'ap242_managed_model_based_3d_engineering',2020,#10913);
#10913=APPLICATION_CONTEXT('managed model based 3d engineering');
ENDSEC;
END-ISO-10303-21;
